,nct_id,canonical_unique_conditions,canonical_aact_conditions,canonical_BioLinkBERT-base_conditions,canonical_biobert-v1.1_conditions,canonical_gpt_conditions,eval_exact_match_BioLinkBERT-base,eval_exact_match_BioLinkBERT-base_tp_fp_fn,eval_exact_match_biobert-v1.1,eval_exact_match_biobert-v1.1_tp_fp_fn,eval_exact_match_gpt,eval_exact_match_gpt_tp_fp_fn,eval_exact_match_aact,eval_exact_match_aact_tp_fp_fn,eval_majority_BioLinkBERT-base,eval_majority_BioLinkBERT-base_tp_fp_fn,eval_majority_biobert-v1.1,eval_majority_biobert-v1.1_tp_fp_fn,eval_majority_gpt,eval_majority_gpt_tp_fp_fn,eval_majority_aact,eval_majority_aact_tp_fp_fn
0,NCT04849741,axd.|alexander disease,alexander disease,axd|alexander disease,axd|alexander disease,alexander disease,"{'p': 0.5, 'r': 0.5, 'f1': 0.5}","{'tp': 1, 'fp': 1, 'fn': 1}","{'p': 0.5, 'r': 0.5, 'f1': 0.5}","{'tp': 1, 'fp': 1, 'fn': 1}","{'p': 1.0, 'r': 0.5, 'f1': 0.67}","{'tp': 1, 'fp': 0, 'fn': 1}","{'p': 1.0, 'r': 0.5, 'f1': 0.67}","{'tp': 1, 'fp': 0, 'fn': 1}","{'p': 0.5, 'r': 0.5, 'f1': 0.5}","{'tp': 1, 'fp': 1, 'fn': 1}","{'p': 0.5, 'r': 0.5, 'f1': 0.5}","{'tp': 1, 'fp': 1, 'fn': 1}","{'p': 1.0, 'r': 0.5, 'f1': 0.67}","{'tp': 1, 'fp': 0, 'fn': 1}","{'p': 1.0, 'r': 0.5, 'f1': 0.67}","{'tp': 1, 'fp': 0, 'fn': 1}"
1,NCT04576507,pain|chronic pain,cannabis|hyperalgesia|pain|tolerance,hyperalgesia|pain|chronic pain,pain|chronic pain,chronic pain|abuse liability|hyperalgesia,"{'p': 0.67, 'r': 1.0, 'f1': 0.8}","{'tp': 2, 'fp': 1, 'fn': 0}","{'p': 1.0, 'r': 1.0, 'f1': 1.0}","{'tp': 2, 'fp': 0, 'fn': 0}","{'p': 0.33, 'r': 0.5, 'f1': 0.4}","{'tp': 1, 'fp': 2, 'fn': 1}","{'p': 0.25, 'r': 0.5, 'f1': 0.33}","{'tp': 1, 'fp': 3, 'fn': 1}","{'p': 0.67, 'r': 1.0, 'f1': 0.8}","{'tp': 2, 'fp': 1, 'fn': 0}","{'p': 1.0, 'r': 1.0, 'f1': 1.0}","{'tp': 2, 'fp': 0, 'fn': 0}","{'p': 0.5, 'r': 1.0, 'f1': 0.67}","{'tp': 2, 'fp': 2, 'fn': 0}","{'p': 0.25, 'r': 0.5, 'f1': 0.33}","{'tp': 1, 'fp': 3, 'fn': 1}"
2,NCT00261508,autistic disorder|pervasive developmental disorders,"asperger syndrome|autistic disorder|dcild development disorders, pervasive|developmental disabilities|rett syndrome",autistic disorder|pervasive developmental disorders,autistic disorder|pervasive developmental disorders,autistic disorder|pervasive developmental disorders,"{'p': 1.0, 'r': 1.0, 'f1': 1.0}","{'tp': 2, 'fp': 0, 'fn': 0}","{'p': 1.0, 'r': 1.0, 'f1': 1.0}","{'tp': 2, 'fp': 0, 'fn': 0}","{'p': 1.0, 'r': 1.0, 'f1': 1.0}","{'tp': 2, 'fp': 0, 'fn': 0}","{'p': 0.2, 'r': 0.5, 'f1': 0.29}","{'tp': 1, 'fp': 4, 'fn': 1}","{'p': 1.0, 'r': 1.0, 'f1': 1.0}","{'tp': 2, 'fp': 0, 'fn': 0}","{'p': 1.0, 'r': 1.0, 'f1': 1.0}","{'tp': 2, 'fp': 0, 'fn': 0}","{'p': 1.0, 'r': 1.0, 'f1': 1.0}","{'tp': 2, 'fp': 0, 'fn': 0}","{'p': 0.2, 'r': 0.5, 'f1': 0.29}","{'tp': 1, 'fp': 4, 'fn': 1}"
3,NCT01495923,lumbosacral radiculopathy|lumbosacral radicular pain,radiculopathy|sciatica,pain|lumbosacral radiculopathy|lumbosacral radicular pain,pain|lumbosacral radiculopathy|lumbosacral radicular pain,lumbosacral radiculopathy,"{'p': 0.67, 'r': 1.0, 'f1': 0.8}","{'tp': 2, 'fp': 1, 'fn': 0}","{'p': 0.67, 'r': 1.0, 'f1': 0.8}","{'tp': 2, 'fp': 1, 'fn': 0}","{'p': 1.0, 'r': 0.5, 'f1': 0.67}","{'tp': 1, 'fp': 0, 'fn': 1}","{'p': 0.0, 'r': 0.0, 'f1': 0}","{'tp': 0, 'fp': 2, 'fn': 2}","{'p': 0.67, 'r': 1.0, 'f1': 0.8}","{'tp': 2, 'fp': 1, 'fn': 0}","{'p': 0.67, 'r': 1.0, 'f1': 0.8}","{'tp': 2, 'fp': 1, 'fn': 0}","{'p': 1.0, 'r': 0.5, 'f1': 0.67}","{'tp': 1, 'fp': 0, 'fn': 1}","{'p': 0.0, 'r': 0.0, 'f1': 0}","{'tp': 0, 'fp': 2, 'fn': 2}"
4,NCT03150563,,"contracture of muscle, thigh|muscle rigidity|strain of hamstring muscle (disorder)",,,flexibility|neuromuscular performance|functional performance|soccer athletes,"{'p': 0, 'r': 0, 'f1': 0}","{'tp': 0, 'fp': 0, 'fn': 0}","{'p': 0, 'r': 0, 'f1': 0}","{'tp': 0, 'fp': 0, 'fn': 0}","{'p': 0.0, 'r': 0.0, 'f1': 0}","{'tp': 0, 'fp': 4, 'fn': 1}","{'p': 0.0, 'r': 0.0, 'f1': 0}","{'tp': 0, 'fp': 3, 'fn': 1}","{'p': 0, 'r': 0, 'f1': 0}","{'tp': 0, 'fp': 0, 'fn': 0}","{'p': 0, 'r': 0, 'f1': 0}","{'tp': 0, 'fp': 0, 'fn': 0}","{'p': 0.0, 'r': 0.0, 'f1': 0}","{'tp': 0, 'fp': 4, 'fn': 1}","{'p': 0.0, 'r': 0.0, 'f1': 0}","{'tp': 0, 'fp': 3, 'fn': 1}"
5,NCT05265377,spinal cord injuries|gait impairment|acquired brain injury,acquired brain injury|spinal cord injuries,spinal cord injuries|gait impairment|acquired brain injury,spinal cord injuries|impairment|acquired brain injury,acquired brain injury,"{'p': 1.0, 'r': 1.0, 'f1': 1.0}","{'tp': 3, 'fp': 0, 'fn': 0}","{'p': 0.67, 'r': 0.67, 'f1': 0.67}","{'tp': 2, 'fp': 1, 'fn': 1}","{'p': 1.0, 'r': 0.33, 'f1': 0.5}","{'tp': 1, 'fp': 0, 'fn': 2}","{'p': 1.0, 'r': 0.67, 'f1': 0.8}","{'tp': 2, 'fp': 0, 'fn': 1}","{'p': 1.0, 'r': 1.0, 'f1': 1.0}","{'tp': 3, 'fp': 0, 'fn': 0}","{'p': 0.67, 'r': 0.67, 'f1': 0.67}","{'tp': 2, 'fp': 1, 'fn': 1}","{'p': 1.0, 'r': 0.33, 'f1': 0.5}","{'tp': 1, 'fp': 0, 'fn': 2}","{'p': 1.0, 'r': 0.67, 'f1': 0.8}","{'tp': 2, 'fp': 0, 'fn': 1}"
6,NCT03170856,concussion,"brain concussion|concussion, mild|concussion, severe|exertion; excess",concussion,concussion,concussion,"{'p': 1.0, 'r': 1.0, 'f1': 1.0}","{'tp': 1, 'fp': 0, 'fn': 0}","{'p': 1.0, 'r': 1.0, 'f1': 1.0}","{'tp': 1, 'fp': 0, 'fn': 0}","{'p': 1.0, 'r': 1.0, 'f1': 1.0}","{'tp': 1, 'fp': 0, 'fn': 0}","{'p': 0.0, 'r': 0.0, 'f1': 0}","{'tp': 0, 'fp': 4, 'fn': 1}","{'p': 1.0, 'r': 1.0, 'f1': 1.0}","{'tp': 1, 'fp': 0, 'fn': 0}","{'p': 1.0, 'r': 1.0, 'f1': 1.0}","{'tp': 1, 'fp': 0, 'fn': 0}","{'p': 1.0, 'r': 1.0, 'f1': 1.0}","{'tp': 1, 'fp': 0, 'fn': 0}","{'p': 0.25, 'r': 1.0, 'f1': 0.4}","{'tp': 1, 'fp': 3, 'fn': 0}"
7,NCT01421056,mild cognitive impairment,alzheimer disease,mild cognitive impairment,mild cognitive impairment,mild cognitive impairment,"{'p': 1.0, 'r': 1.0, 'f1': 1.0}","{'tp': 1, 'fp': 0, 'fn': 0}","{'p': 1.0, 'r': 1.0, 'f1': 1.0}","{'tp': 1, 'fp': 0, 'fn': 0}","{'p': 1.0, 'r': 1.0, 'f1': 1.0}","{'tp': 1, 'fp': 0, 'fn': 0}","{'p': 0.0, 'r': 0.0, 'f1': 0}","{'tp': 0, 'fp': 1, 'fn': 1}","{'p': 1.0, 'r': 1.0, 'f1': 1.0}","{'tp': 1, 'fp': 0, 'fn': 0}","{'p': 1.0, 'r': 1.0, 'f1': 1.0}","{'tp': 1, 'fp': 0, 'fn': 0}","{'p': 1.0, 'r': 1.0, 'f1': 1.0}","{'tp': 1, 'fp': 0, 'fn': 0}","{'p': 0.0, 'r': 0.0, 'f1': 0}","{'tp': 0, 'fp': 1, 'fn': 1}"
8,NCT04446416,recurrent glioblastoma multiforme|rgbm,"brain neoplasms|glioblastoma|glioblastoma multiforme|glioma|neoplasms|neoplasms, nerve tissue",recurrent glioblastoma multiforme|rgbm,recurrent glioblastoma multiforme|rgbm,glioblastoma multiforme|rgbm,"{'p': 1.0, 'r': 1.0, 'f1': 1.0}","{'tp': 2, 'fp': 0, 'fn': 0}","{'p': 1.0, 'r': 1.0, 'f1': 1.0}","{'tp': 2, 'fp': 0, 'fn': 0}","{'p': 0.5, 'r': 0.5, 'f1': 0.5}","{'tp': 1, 'fp': 1, 'fn': 1}","{'p': 0.0, 'r': 0.0, 'f1': 0}","{'tp': 0, 'fp': 6, 'fn': 2}","{'p': 1.0, 'r': 1.0, 'f1': 1.0}","{'tp': 2, 'fp': 0, 'fn': 0}","{'p': 1.0, 'r': 1.0, 'f1': 1.0}","{'tp': 2, 'fp': 0, 'fn': 0}","{'p': 1.0, 'r': 1.0, 'f1': 1.0}","{'tp': 2, 'fp': 0, 'fn': 0}","{'p': 0.17, 'r': 0.5, 'f1': 0.25}","{'tp': 1, 'fp': 5, 'fn': 1}"
9,NCT04212260,"sleep apnea, obstructive|stroke|post-stroke","apnea|sleep apnea syndromes|sleep apnea, obstructive|stroke|ischemic attack, transient","sleep apnea, obstructive|post-stroke|stroke","sleep apnea, obstructive|post-stroke|stroke","sleep apnea, obstructive|stroke","{'p': 1.0, 'r': 1.0, 'f1': 1.0}","{'tp': 3, 'fp': 0, 'fn': 0}","{'p': 1.0, 'r': 1.0, 'f1': 1.0}","{'tp': 3, 'fp': 0, 'fn': 0}","{'p': 1.0, 'r': 0.67, 'f1': 0.8}","{'tp': 2, 'fp': 0, 'fn': 1}","{'p': 0.4, 'r': 0.67, 'f1': 0.5}","{'tp': 2, 'fp': 3, 'fn': 1}","{'p': 1.0, 'r': 1.0, 'f1': 1.0}","{'tp': 3, 'fp': 0, 'fn': 0}","{'p': 1.0, 'r': 1.0, 'f1': 1.0}","{'tp': 3, 'fp': 0, 'fn': 0}","{'p': 1.0, 'r': 0.67, 'f1': 0.8}","{'tp': 2, 'fp': 0, 'fn': 1}","{'p': 0.4, 'r': 0.67, 'f1': 0.5}","{'tp': 2, 'fp': 3, 'fn': 1}"
10,NCT01475578,"dementia, vascular|marrow-sea deficiency","dementia, vascular","dementia, vascular|marrow-sea deficiency","dementia, vascular|marrow-sea deficiency","dementia, vascular","{'p': 1.0, 'r': 1.0, 'f1': 1.0}","{'tp': 2, 'fp': 0, 'fn': 0}","{'p': 1.0, 'r': 1.0, 'f1': 1.0}","{'tp': 2, 'fp': 0, 'fn': 0}","{'p': 1.0, 'r': 0.5, 'f1': 0.67}","{'tp': 1, 'fp': 0, 'fn': 1}","{'p': 1.0, 'r': 0.5, 'f1': 0.67}","{'tp': 1, 'fp': 0, 'fn': 1}","{'p': 1.0, 'r': 1.0, 'f1': 1.0}","{'tp': 2, 'fp': 0, 'fn': 0}","{'p': 1.0, 'r': 1.0, 'f1': 1.0}","{'tp': 2, 'fp': 0, 'fn': 0}","{'p': 1.0, 'r': 0.5, 'f1': 0.67}","{'tp': 1, 'fp': 0, 'fn': 1}","{'p': 1.0, 'r': 0.5, 'f1': 0.67}","{'tp': 1, 'fp': 0, 'fn': 1}"
11,NCT02029547,,alzheimer disease,,,florbetapir pet scans,"{'p': 0, 'r': 0, 'f1': 0}","{'tp': 0, 'fp': 0, 'fn': 0}","{'p': 0, 'r': 0, 'f1': 0}","{'tp': 0, 'fp': 0, 'fn': 0}","{'p': 0.0, 'r': 0.0, 'f1': 0}","{'tp': 0, 'fp': 1, 'fn': 1}","{'p': 0.0, 'r': 0.0, 'f1': 0}","{'tp': 0, 'fp': 1, 'fn': 1}","{'p': 0, 'r': 0, 'f1': 0}","{'tp': 0, 'fp': 0, 'fn': 0}","{'p': 0, 'r': 0, 'f1': 0}","{'tp': 0, 'fp': 0, 'fn': 0}","{'p': 0.0, 'r': 0.0, 'f1': 0}","{'tp': 0, 'fp': 1, 'fn': 1}","{'p': 0.0, 'r': 0.0, 'f1': 0}","{'tp': 0, 'fp': 1, 'fn': 1}"
12,NCT02914951,intellectual disability|autism spectrum disorders|autism spectrum disorder|disruptive behavior,autism|intellectual disability,disruptive behavior|intellectual disability|autism spectrum disorder|autism spectrum disorders|irritability,intellectual disability|autism spectrum disorders|autism spectrum disorder|disruptive behavior,autism spectrum disorder,"{'p': 0.8, 'r': 1.0, 'f1': 0.89}","{'tp': 4, 'fp': 1, 'fn': 0}","{'p': 1.0, 'r': 1.0, 'f1': 1.0}","{'tp': 4, 'fp': 0, 'fn': 0}","{'p': 1.0, 'r': 0.25, 'f1': 0.4}","{'tp': 1, 'fp': 0, 'fn': 3}","{'p': 0.5, 'r': 0.25, 'f1': 0.33}","{'tp': 1, 'fp': 1, 'fn': 3}","{'p': 0.8, 'r': 1.0, 'f1': 0.89}","{'tp': 4, 'fp': 1, 'fn': 0}","{'p': 1.0, 'r': 1.0, 'f1': 1.0}","{'tp': 4, 'fp': 0, 'fn': 0}","{'p': 1.0, 'r': 0.5, 'f1': 0.67}","{'tp': 2, 'fp': 0, 'fn': 2}","{'p': 0.5, 'r': 0.25, 'f1': 0.33}","{'tp': 1, 'fp': 1, 'fn': 3}"
13,NCT02645942,"sleep apnea, obstructive|osa","sleep apnea, obstructive","sleep apnea, obstructive|osa|cardio-metabolic risk","sleep apnea, obstructive|osa","sleep apnea, obstructive","{'p': 0.67, 'r': 1.0, 'f1': 0.8}","{'tp': 2, 'fp': 1, 'fn': 0}","{'p': 1.0, 'r': 1.0, 'f1': 1.0}","{'tp': 2, 'fp': 0, 'fn': 0}","{'p': 1.0, 'r': 0.5, 'f1': 0.67}","{'tp': 1, 'fp': 0, 'fn': 1}","{'p': 1.0, 'r': 0.5, 'f1': 0.67}","{'tp': 1, 'fp': 0, 'fn': 1}","{'p': 0.67, 'r': 1.0, 'f1': 0.8}","{'tp': 2, 'fp': 1, 'fn': 0}","{'p': 1.0, 'r': 1.0, 'f1': 1.0}","{'tp': 2, 'fp': 0, 'fn': 0}","{'p': 1.0, 'r': 0.5, 'f1': 0.67}","{'tp': 1, 'fp': 0, 'fn': 1}","{'p': 1.0, 'r': 0.5, 'f1': 0.67}","{'tp': 1, 'fp': 0, 'fn': 1}"
14,NCT05709210,memory complaint|alzheimer disease|mild cognitive decline,alzheimer disease|memory disorders,memory complaint|mild cognitive decline|alzheimer disease,memory complaint|mild cognitive decline|alzheimer disease,alzheimer disease,"{'p': 1.0, 'r': 1.0, 'f1': 1.0}","{'tp': 3, 'fp': 0, 'fn': 0}","{'p': 1.0, 'r': 1.0, 'f1': 1.0}","{'tp': 3, 'fp': 0, 'fn': 0}","{'p': 1.0, 'r': 0.33, 'f1': 0.5}","{'tp': 1, 'fp': 0, 'fn': 2}","{'p': 0.5, 'r': 0.33, 'f1': 0.4}","{'tp': 1, 'fp': 1, 'fn': 2}","{'p': 1.0, 'r': 1.0, 'f1': 1.0}","{'tp': 3, 'fp': 0, 'fn': 0}","{'p': 1.0, 'r': 1.0, 'f1': 1.0}","{'tp': 3, 'fp': 0, 'fn': 0}","{'p': 1.0, 'r': 0.33, 'f1': 0.5}","{'tp': 1, 'fp': 0, 'fn': 2}","{'p': 0.5, 'r': 0.33, 'f1': 0.4}","{'tp': 1, 'fp': 1, 'fn': 2}"
15,NCT00201461,"paradoxical embolism|ischemic attack, transient|stroke|pfo|recurrent embolic stroke|patent foramen ovale","ischemic attack, transient|patent foramen ovale|stroke","paradoxical embolism|ischemic attack, transient|stroke|pfo|recurrent embolic stroke|patent foramen ovale","paradoxical embolism|ischemic attack, transient|stroke|oval|patent for|pfo|recurrent embolic stroke|pre","stroke|ischemic attack, transient|paradoxical embolism|patent foramen ovale","{'p': 1.0, 'r': 1.0, 'f1': 1.0}","{'tp': 6, 'fp': 0, 'fn': 0}","{'p': 0.62, 'r': 0.83, 'f1': 0.71}","{'tp': 5, 'fp': 3, 'fn': 1}","{'p': 1.0, 'r': 0.67, 'f1': 0.8}","{'tp': 4, 'fp': 0, 'fn': 2}","{'p': 1.0, 'r': 0.5, 'f1': 0.67}","{'tp': 3, 'fp': 0, 'fn': 3}","{'p': 1.0, 'r': 1.0, 'f1': 1.0}","{'tp': 6, 'fp': 0, 'fn': 0}","{'p': 0.62, 'r': 0.83, 'f1': 0.71}","{'tp': 5, 'fp': 3, 'fn': 1}","{'p': 1.0, 'r': 0.67, 'f1': 0.8}","{'tp': 4, 'fp': 0, 'fn': 2}","{'p': 1.0, 'r': 0.5, 'f1': 0.67}","{'tp': 3, 'fp': 0, 'fn': 3}"
16,NCT04610879,"seizures|epilepsy|epilepsy, rolandic","epilepsy, rolandic","seizures|epilepsy|epilepsy, rolandic","seizures|epilepsy|epilepsy, rolandic|seizures","epilepsy, rolandic|re","{'p': 1.0, 'r': 1.0, 'f1': 1.0}","{'tp': 3, 'fp': 0, 'fn': 0}","{'p': 1.0, 'r': 1.0, 'f1': 1.0}","{'tp': 3, 'fp': 0, 'fn': 0}","{'p': 0.5, 'r': 0.33, 'f1': 0.4}","{'tp': 1, 'fp': 1, 'fn': 2}","{'p': 1.0, 'r': 0.33, 'f1': 0.5}","{'tp': 1, 'fp': 0, 'fn': 2}","{'p': 1.0, 'r': 1.0, 'f1': 1.0}","{'tp': 3, 'fp': 0, 'fn': 0}","{'p': 1.0, 'r': 1.0, 'f1': 1.0}","{'tp': 3, 'fp': 0, 'fn': 0}","{'p': 0.5, 'r': 0.33, 'f1': 0.4}","{'tp': 1, 'fp': 1, 'fn': 2}","{'p': 1.0, 'r': 0.33, 'f1': 0.5}","{'tp': 1, 'fp': 0, 'fn': 2}"
17,NCT05220072,,parkinson disease,,,bia 28-6156,"{'p': 0, 'r': 0, 'f1': 0}","{'tp': 0, 'fp': 0, 'fn': 0}","{'p': 0, 'r': 0, 'f1': 0}","{'tp': 0, 'fp': 0, 'fn': 0}","{'p': 0.0, 'r': 0.0, 'f1': 0}","{'tp': 0, 'fp': 1, 'fn': 1}","{'p': 0.0, 'r': 0.0, 'f1': 0}","{'tp': 0, 'fp': 1, 'fn': 1}","{'p': 0, 'r': 0, 'f1': 0}","{'tp': 0, 'fp': 0, 'fn': 0}","{'p': 0, 'r': 0, 'f1': 0}","{'tp': 0, 'fp': 0, 'fn': 0}","{'p': 0.0, 'r': 0.0, 'f1': 0}","{'tp': 0, 'fp': 1, 'fn': 1}","{'p': 0.0, 'r': 0.0, 'f1': 0}","{'tp': 0, 'fp': 1, 'fn': 1}"
18,NCT01751347,post operative pain|hand surgeries|trigger finger release|post surgical pain|hand surgery|regional pain syndromes|pain|chronic pain|postoperative pain|post-operative pain,carpal tunnel syndrome|trigger finger,hand|post operative pain|carpal tunnel release|poorly controlled|post-operative pain|trigger finger release|post surgical pain|carpal tunnel or|surgeries|regional pain syndromes|pain|chronic pain|postoperative pain|surgery|hand surgery,post operative pain|poorly controlled|surge|elective carpal tunnel release|post-operative pain|trigger finger release|post surgical pain|surgery|elective outpatient hand surgery|carpal tunnel or|complex regional pain syndromes|pain|chronic pain|postoperative pain|elective outpatient hand surgeries,carpal tunnel release|trigger finger release|chronic pain|complex regional pain syndromes,"{'p': 0.6, 'r': 0.9, 'f1': 0.72}","{'tp': 9, 'fp': 6, 'fn': 1}","{'p': 0.47, 'r': 0.7, 'f1': 0.56}","{'tp': 7, 'fp': 8, 'fn': 3}","{'p': 0.5, 'r': 0.2, 'f1': 0.29}","{'tp': 2, 'fp': 2, 'fn': 8}","{'p': 0.0, 'r': 0.0, 'f1': 0}","{'tp': 0, 'fp': 2, 'fn': 10}","{'p': 0.6, 'r': 0.9, 'f1': 0.72}","{'tp': 9, 'fp': 6, 'fn': 1}","{'p': 0.67, 'r': 1.0, 'f1': 0.8}","{'tp': 10, 'fp': 5, 'fn': 0}","{'p': 0.8, 'r': 0.4, 'f1': 0.53}","{'tp': 4, 'fp': 1, 'fn': 6}","{'p': 0.5, 'r': 0.1, 'f1': 0.17}","{'tp': 1, 'fp': 1, 'fn': 9}"
19,NCT05375240,stroke|immunosuppression|urinary tract infection|post-stroke|brain injuries|stroke-associated pneumonia|pneumonia,beta blocker|brain diseases|cardiovascular diseases|central nervous system diseases|cerebrovascular disorders|immunologic factors|ischemic stroke|molecular mechanisms of pharmacological action|nervous system diseases|physiological effects of drugs|propranolol|stroke,stroke|urinary tract infection|stroke-associated pneumonia|post-stroke|stroke associated pneumonia|stroke-associated pneumonia,stroke|urinary tract infection|stroke-associated pneumonia|post-stroke|stroke associated pneumonia|stroke-associated pneumonia|post-stroke brain injury,stroke-associated pneumonia,"{'p': 0.8, 'r': 0.57, 'f1': 0.67}","{'tp': 4, 'fp': 1, 'fn': 3}","{'p': 0.67, 'r': 0.57, 'f1': 0.62}","{'tp': 4, 'fp': 2, 'fn': 3}","{'p': 1.0, 'r': 0.14, 'f1': 0.25}","{'tp': 1, 'fp': 0, 'fn': 6}","{'p': 0.08, 'r': 0.14, 'f1': 0.11}","{'tp': 1, 'fp': 11, 'fn': 6}","{'p': 1.0, 'r': 0.71, 'f1': 0.83}","{'tp': 5, 'fp': 0, 'fn': 2}","{'p': 1.0, 'r': 0.71, 'f1': 0.83}","{'tp': 5, 'fp': 0, 'fn': 2}","{'p': 1.0, 'r': 0.29, 'f1': 0.44}","{'tp': 2, 'fp': 0, 'fn': 5}","{'p': 0.09, 'r': 0.14, 'f1': 0.11}","{'tp': 1, 'fp': 10, 'fn': 6}"
20,NCT03546517,chronic stroke|spasticity|stroke|muscle stiffness|cerebral vascular accident|hypertonia|chronic cerebral vascular accident,spasticity|stroke,chronic stroke|spasticity|stroke|haemorrhagic or ischemic cva|cerebral vascular accident|chronic cerebral vascular accident,chronic stroke|stroke|haemorrhagic or ischemic cva|spastic|cerebral vascular accident|stiff|chronic cerebral vascular accident,chronic stroke|hypertonia|cerebral vascular accident|spasticity|muscle stiffness|upper limb function|patient perceived quality of life,"{'p': 0.83, 'r': 0.71, 'f1': 0.77}","{'tp': 5, 'fp': 1, 'fn': 2}","{'p': 0.57, 'r': 0.57, 'f1': 0.57}","{'tp': 4, 'fp': 3, 'fn': 3}","{'p': 0.71, 'r': 0.71, 'f1': 0.71}","{'tp': 5, 'fp': 2, 'fn': 2}","{'p': 1.0, 'r': 0.29, 'f1': 0.44}","{'tp': 2, 'fp': 0, 'fn': 5}","{'p': 0.83, 'r': 0.71, 'f1': 0.77}","{'tp': 5, 'fp': 1, 'fn': 2}","{'p': 0.57, 'r': 0.57, 'f1': 0.57}","{'tp': 4, 'fp': 3, 'fn': 3}","{'p': 0.78, 'r': 1.0, 'f1': 0.88}","{'tp': 7, 'fp': 2, 'fn': 0}","{'p': 1.0, 'r': 0.29, 'f1': 0.44}","{'tp': 2, 'fp': 0, 'fn': 5}"
21,NCT04433377,shoulder pain|hemiplegia|poststroke|hemiplegic|pain,hemiplegia|pain,hemiplegic shoulder pain|shoulder pain|hemiplegia|poststroke|pain,hemiplegic shoulder pain|shoulder pain|hemiplegia|pain,hemiplegic shoulder pain,"{'p': 0.8, 'r': 0.8, 'f1': 0.8}","{'tp': 4, 'fp': 1, 'fn': 1}","{'p': 0.75, 'r': 0.6, 'f1': 0.67}","{'tp': 3, 'fp': 1, 'fn': 2}","{'p': 0.0, 'r': 0.0, 'f1': 0}","{'tp': 0, 'fp': 1, 'fn': 5}","{'p': 1.0, 'r': 0.4, 'f1': 0.57}","{'tp': 2, 'fp': 0, 'fn': 3}","{'p': 1.0, 'r': 1.0, 'f1': 1.0}","{'tp': 5, 'fp': 0, 'fn': 0}","{'p': 1.0, 'r': 0.8, 'f1': 0.89}","{'tp': 4, 'fp': 0, 'fn': 1}","{'p': 1.0, 'r': 0.6, 'f1': 0.75}","{'tp': 3, 'fp': 0, 'fn': 2}","{'p': 1.0, 'r': 0.4, 'f1': 0.57}","{'tp': 2, 'fp': 0, 'fn': 3}"
22,NCT05669885,persistent post-traumatic headache|migraine|migraine disorders|headache|mild traumatic brain injury|post-traumatic headache,post-traumatic headache,persistent post-traumatic headache|mtbi|post-traumatic headache|migraine-like headache|mild traumatic brain injury|post-traumatic headache,persistent post-traumatic headache|post-traumatic headache|migraine-like headache|mild traumatic brain injury|post-traumatic headache,post-traumatic headache|persistent post-traumatic headache|hypersensitivity|phosphodiesterase 5 inhibition|migraine-like headache|mild traumatic brain injury|mtbi,"{'p': 0.6, 'r': 0.5, 'f1': 0.55}","{'tp': 3, 'fp': 2, 'fn': 3}","{'p': 0.75, 'r': 0.5, 'f1': 0.6}","{'tp': 3, 'fp': 1, 'fn': 3}","{'p': 0.43, 'r': 0.5, 'f1': 0.46}","{'tp': 3, 'fp': 4, 'fn': 3}","{'p': 1.0, 'r': 0.17, 'f1': 0.29}","{'tp': 1, 'fp': 0, 'fn': 5}","{'p': 0.8, 'r': 0.67, 'f1': 0.73}","{'tp': 4, 'fp': 1, 'fn': 2}","{'p': 1.0, 'r': 0.67, 'f1': 0.8}","{'tp': 4, 'fp': 0, 'fn': 2}","{'p': 0.57, 'r': 0.67, 'f1': 0.62}","{'tp': 4, 'fp': 3, 'fn': 2}","{'p': 1.0, 'r': 0.5, 'f1': 0.67}","{'tp': 3, 'fp': 0, 'fn': 3}"
23,NCT00101634,schizophrenia,schizophrenia,schizophrenia,schizophrenia,schizophrenia,"{'p': 1.0, 'r': 1.0, 'f1': 1.0}","{'tp': 1, 'fp': 0, 'fn': 0}","{'p': 1.0, 'r': 1.0, 'f1': 1.0}","{'tp': 1, 'fp': 0, 'fn': 0}","{'p': 1.0, 'r': 1.0, 'f1': 1.0}","{'tp': 1, 'fp': 0, 'fn': 0}","{'p': 1.0, 'r': 1.0, 'f1': 1.0}","{'tp': 1, 'fp': 0, 'fn': 0}","{'p': 1.0, 'r': 1.0, 'f1': 1.0}","{'tp': 1, 'fp': 0, 'fn': 0}","{'p': 1.0, 'r': 1.0, 'f1': 1.0}","{'tp': 1, 'fp': 0, 'fn': 0}","{'p': 1.0, 'r': 1.0, 'f1': 1.0}","{'tp': 1, 'fp': 0, 'fn': 0}","{'p': 1.0, 'r': 1.0, 'f1': 1.0}","{'tp': 1, 'fp': 0, 'fn': 0}"
24,NCT05473676,mobility impairments,brain injuries|cerebral palsy|mobility limitation|spinal dysraphism|spina bifida|spinal cord injuries,impairments|nervous system disorders|cannot walk independently|cannot walk|difficulty walking on,nervous system disorders,nervous system disorders|mobility impairments|physical inactivity|developmental experiences|significant disabilities,"{'p': 0.0, 'r': 0.0, 'f1': 0}","{'tp': 0, 'fp': 5, 'fn': 1}","{'p': 0.0, 'r': 0.0, 'f1': 0}","{'tp': 0, 'fp': 1, 'fn': 1}","{'p': 0.2, 'r': 1.0, 'f1': 0.33}","{'tp': 1, 'fp': 4, 'fn': 0}","{'p': 0.0, 'r': 0.0, 'f1': 0}","{'tp': 0, 'fp': 6, 'fn': 1}","{'p': 0.0, 'r': 0.0, 'f1': 0}","{'tp': 0, 'fp': 5, 'fn': 1}","{'p': 0.0, 'r': 0.0, 'f1': 0}","{'tp': 0, 'fp': 1, 'fn': 1}","{'p': 0.2, 'r': 1.0, 'f1': 0.33}","{'tp': 1, 'fp': 4, 'fn': 0}","{'p': 0.0, 'r': 0.0, 'f1': 0}","{'tp': 0, 'fp': 6, 'fn': 1}"
25,NCT01962779,memory decline|dementia|alzheimer disease|sleep disordered breathing|cognitive decline,alzheimer disease|sleep disordered breathing,alzheimer disease|memory decline|dementia|alzheimer disease|sleep disordered breathing|cognitive decline,alzheimer disease|cognitively normal|sleep|progressive memory decline|dementia|cognitively-normal|sleep disordered breathing|cognitive decline,sleep disordered breathing,"{'p': 1.0, 'r': 1.0, 'f1': 1.0}","{'tp': 5, 'fp': 0, 'fn': 0}","{'p': 0.5, 'r': 0.8, 'f1': 0.62}","{'tp': 4, 'fp': 4, 'fn': 1}","{'p': 1.0, 'r': 0.2, 'f1': 0.33}","{'tp': 1, 'fp': 0, 'fn': 4}","{'p': 1.0, 'r': 0.4, 'f1': 0.57}","{'tp': 2, 'fp': 0, 'fn': 3}","{'p': 1.0, 'r': 1.0, 'f1': 1.0}","{'tp': 5, 'fp': 0, 'fn': 0}","{'p': 0.62, 'r': 1.0, 'f1': 0.77}","{'tp': 5, 'fp': 3, 'fn': 0}","{'p': 1.0, 'r': 0.2, 'f1': 0.33}","{'tp': 1, 'fp': 0, 'fn': 4}","{'p': 1.0, 'r': 0.4, 'f1': 0.57}","{'tp': 2, 'fp': 0, 'fn': 3}"
26,NCT03714217,spinal cord injuries|sci,obesity|spinal cord injuries,spinal cord injuries|sci,spinal cord injuries|sci,spinal cord injuries,"{'p': 1.0, 'r': 1.0, 'f1': 1.0}","{'tp': 2, 'fp': 0, 'fn': 0}","{'p': 1.0, 'r': 1.0, 'f1': 1.0}","{'tp': 2, 'fp': 0, 'fn': 0}","{'p': 1.0, 'r': 0.5, 'f1': 0.67}","{'tp': 1, 'fp': 0, 'fn': 1}","{'p': 0.5, 'r': 0.5, 'f1': 0.5}","{'tp': 1, 'fp': 1, 'fn': 1}","{'p': 1.0, 'r': 1.0, 'f1': 1.0}","{'tp': 2, 'fp': 0, 'fn': 0}","{'p': 1.0, 'r': 1.0, 'f1': 1.0}","{'tp': 2, 'fp': 0, 'fn': 0}","{'p': 1.0, 'r': 0.5, 'f1': 0.67}","{'tp': 1, 'fp': 0, 'fn': 1}","{'p': 0.5, 'r': 0.5, 'f1': 0.5}","{'tp': 1, 'fp': 1, 'fn': 1}"
27,NCT00822198,peripheral nervous system diseases,peripheral nervous system diseases,peripheral nervous system diseases,peripheral nervous system diseases,peripheral nervous system diseases,"{'p': 1.0, 'r': 1.0, 'f1': 1.0}","{'tp': 1, 'fp': 0, 'fn': 0}","{'p': 1.0, 'r': 1.0, 'f1': 1.0}","{'tp': 1, 'fp': 0, 'fn': 0}","{'p': 1.0, 'r': 1.0, 'f1': 1.0}","{'tp': 1, 'fp': 0, 'fn': 0}","{'p': 1.0, 'r': 1.0, 'f1': 1.0}","{'tp': 1, 'fp': 0, 'fn': 0}","{'p': 1.0, 'r': 1.0, 'f1': 1.0}","{'tp': 1, 'fp': 0, 'fn': 0}","{'p': 1.0, 'r': 1.0, 'f1': 1.0}","{'tp': 1, 'fp': 0, 'fn': 0}","{'p': 1.0, 'r': 1.0, 'f1': 1.0}","{'tp': 1, 'fp': 0, 'fn': 0}","{'p': 1.0, 'r': 1.0, 'f1': 1.0}","{'tp': 1, 'fp': 0, 'fn': 0}"
28,NCT02647242,pd|parkinson disease,parkinson disease,pd|parkinson disease,parkinson disease,parkinson disease,"{'p': 1.0, 'r': 1.0, 'f1': 1.0}","{'tp': 2, 'fp': 0, 'fn': 0}","{'p': 1.0, 'r': 0.5, 'f1': 0.67}","{'tp': 1, 'fp': 0, 'fn': 1}","{'p': 1.0, 'r': 0.5, 'f1': 0.67}","{'tp': 1, 'fp': 0, 'fn': 1}","{'p': 1.0, 'r': 0.5, 'f1': 0.67}","{'tp': 1, 'fp': 0, 'fn': 1}","{'p': 1.0, 'r': 1.0, 'f1': 1.0}","{'tp': 2, 'fp': 0, 'fn': 0}","{'p': 1.0, 'r': 0.5, 'f1': 0.67}","{'tp': 1, 'fp': 0, 'fn': 1}","{'p': 1.0, 'r': 0.5, 'f1': 0.67}","{'tp': 1, 'fp': 0, 'fn': 1}","{'p': 1.0, 'r': 0.5, 'f1': 0.67}","{'tp': 1, 'fp': 0, 'fn': 1}"
29,NCT01118637,trichotillomania|anxiety|depression,trichotillomania,trichotillomania,trichotillomania|hair-pulling|loss|pulling,trichotillomania,"{'p': 1.0, 'r': 0.33, 'f1': 0.5}","{'tp': 1, 'fp': 0, 'fn': 2}","{'p': 0.25, 'r': 0.33, 'f1': 0.29}","{'tp': 1, 'fp': 3, 'fn': 2}","{'p': 1.0, 'r': 0.33, 'f1': 0.5}","{'tp': 1, 'fp': 0, 'fn': 2}","{'p': 1.0, 'r': 0.33, 'f1': 0.5}","{'tp': 1, 'fp': 0, 'fn': 2}","{'p': 1.0, 'r': 0.33, 'f1': 0.5}","{'tp': 1, 'fp': 0, 'fn': 2}","{'p': 0.25, 'r': 0.33, 'f1': 0.29}","{'tp': 1, 'fp': 3, 'fn': 2}","{'p': 1.0, 'r': 0.33, 'f1': 0.5}","{'tp': 1, 'fp': 0, 'fn': 2}","{'p': 1.0, 'r': 0.33, 'f1': 0.5}","{'tp': 1, 'fp': 0, 'fn': 2}"
30,NCT05513794,,parkinson disease,,,neuromelanin,"{'p': 0, 'r': 0, 'f1': 0}","{'tp': 0, 'fp': 0, 'fn': 0}","{'p': 0, 'r': 0, 'f1': 0}","{'tp': 0, 'fp': 0, 'fn': 0}","{'p': 0.0, 'r': 0.0, 'f1': 0}","{'tp': 0, 'fp': 1, 'fn': 1}","{'p': 0.0, 'r': 0.0, 'f1': 0}","{'tp': 0, 'fp': 1, 'fn': 1}","{'p': 0, 'r': 0, 'f1': 0}","{'tp': 0, 'fp': 0, 'fn': 0}","{'p': 0, 'r': 0, 'f1': 0}","{'tp': 0, 'fp': 0, 'fn': 0}","{'p': 0.0, 'r': 0.0, 'f1': 0}","{'tp': 0, 'fp': 1, 'fn': 1}","{'p': 0.0, 'r': 0.0, 'f1': 0}","{'tp': 0, 'fp': 1, 'fn': 1}"
31,NCT03177967,insomnia,sleep initiation and maintenance disorders,,,insomnia,"{'p': 0.0, 'r': 0.0, 'f1': 0}","{'tp': 0, 'fp': 1, 'fn': 1}","{'p': 0.0, 'r': 0.0, 'f1': 0}","{'tp': 0, 'fp': 1, 'fn': 1}","{'p': 1.0, 'r': 1.0, 'f1': 1.0}","{'tp': 1, 'fp': 0, 'fn': 0}","{'p': 0.0, 'r': 0.0, 'f1': 0}","{'tp': 0, 'fp': 1, 'fn': 1}","{'p': 0.0, 'r': 0.0, 'f1': 0}","{'tp': 0, 'fp': 1, 'fn': 1}","{'p': 0.0, 'r': 0.0, 'f1': 0}","{'tp': 0, 'fp': 1, 'fn': 1}","{'p': 1.0, 'r': 1.0, 'f1': 1.0}","{'tp': 1, 'fp': 0, 'fn': 0}","{'p': 0.0, 'r': 0.0, 'f1': 0}","{'tp': 0, 'fp': 1, 'fn': 1}"
32,NCT00455507,advanced parkinson's disease|parkinson disease|levodopa,parkinson disease,advanced parkinson's disease|parkinson disease|parkinson disease,advanced parkinson's disease|parkinson disease,parkinson disease,"{'p': 1.0, 'r': 0.67, 'f1': 0.8}","{'tp': 2, 'fp': 0, 'fn': 1}","{'p': 1.0, 'r': 0.67, 'f1': 0.8}","{'tp': 2, 'fp': 0, 'fn': 1}","{'p': 1.0, 'r': 0.33, 'f1': 0.5}","{'tp': 1, 'fp': 0, 'fn': 2}","{'p': 1.0, 'r': 0.33, 'f1': 0.5}","{'tp': 1, 'fp': 0, 'fn': 2}","{'p': 1.0, 'r': 0.67, 'f1': 0.8}","{'tp': 2, 'fp': 0, 'fn': 1}","{'p': 1.0, 'r': 0.67, 'f1': 0.8}","{'tp': 2, 'fp': 0, 'fn': 1}","{'p': 1.0, 'r': 0.33, 'f1': 0.5}","{'tp': 1, 'fp': 0, 'fn': 2}","{'p': 1.0, 'r': 0.33, 'f1': 0.5}","{'tp': 1, 'fp': 0, 'fn': 2}"
33,NCT03562351,emergent seizure|seizures,status epilepticus,seizures,seizures|emerge,seizure rescue medication|seizure rm|rectal diazepam|intranasal midazolam|buccal lorazepam,"{'p': 1.0, 'r': 0.5, 'f1': 0.67}","{'tp': 1, 'fp': 0, 'fn': 1}","{'p': 0.5, 'r': 0.5, 'f1': 0.5}","{'tp': 1, 'fp': 1, 'fn': 1}","{'p': 0.0, 'r': 0.0, 'f1': 0}","{'tp': 0, 'fp': 5, 'fn': 2}","{'p': 0.0, 'r': 0.0, 'f1': 0}","{'tp': 0, 'fp': 1, 'fn': 2}","{'p': 1.0, 'r': 0.5, 'f1': 0.67}","{'tp': 1, 'fp': 0, 'fn': 1}","{'p': 0.5, 'r': 0.5, 'f1': 0.5}","{'tp': 1, 'fp': 1, 'fn': 1}","{'p': 0.0, 'r': 0.0, 'f1': 0}","{'tp': 0, 'fp': 5, 'fn': 2}","{'p': 0.0, 'r': 0.0, 'f1': 0}","{'tp': 0, 'fp': 1, 'fn': 2}"
34,NCT05679505,post covid-19 syndrome|prolonged covid|post covid syndrome,autonomic nervous system diseases|heart rates|long covid|vagus nerve stimulations,prolonged covid symptoms|post covid-19 syndrome|post covid syndrome,prolonged covid symptoms|post covid-19 syndrome|post covid syndrome,covid-19,"{'p': 0.67, 'r': 0.67, 'f1': 0.67}","{'tp': 2, 'fp': 1, 'fn': 1}","{'p': 0.67, 'r': 0.67, 'f1': 0.67}","{'tp': 2, 'fp': 1, 'fn': 1}","{'p': 0.0, 'r': 0.0, 'f1': 0}","{'tp': 0, 'fp': 1, 'fn': 3}","{'p': 0.0, 'r': 0.0, 'f1': 0}","{'tp': 0, 'fp': 4, 'fn': 3}","{'p': 1.0, 'r': 1.0, 'f1': 1.0}","{'tp': 3, 'fp': 0, 'fn': 0}","{'p': 1.0, 'r': 1.0, 'f1': 1.0}","{'tp': 3, 'fp': 0, 'fn': 0}","{'p': 0.0, 'r': 0.0, 'f1': 0}","{'tp': 0, 'fp': 1, 'fn': 3}","{'p': 0.0, 'r': 0.0, 'f1': 0}","{'tp': 0, 'fp': 4, 'fn': 3}"
35,NCT05527314,emergence delirium|agitation|ophthalmic surgery,"anesthesia, general|emergence delirium|pediatric ophthalmic surgery|remimazolam|sevoflurane",emergence delirium|ophthalmic surgery,emergence delirium|ophthalmic surgery,ophthalmic surgery,"{'p': 1.0, 'r': 0.67, 'f1': 0.8}","{'tp': 2, 'fp': 0, 'fn': 1}","{'p': 1.0, 'r': 0.67, 'f1': 0.8}","{'tp': 2, 'fp': 0, 'fn': 1}","{'p': 1.0, 'r': 0.33, 'f1': 0.5}","{'tp': 1, 'fp': 0, 'fn': 2}","{'p': 0.2, 'r': 0.33, 'f1': 0.25}","{'tp': 1, 'fp': 4, 'fn': 2}","{'p': 1.0, 'r': 0.67, 'f1': 0.8}","{'tp': 2, 'fp': 0, 'fn': 1}","{'p': 1.0, 'r': 0.67, 'f1': 0.8}","{'tp': 2, 'fp': 0, 'fn': 1}","{'p': 1.0, 'r': 0.33, 'f1': 0.5}","{'tp': 1, 'fp': 0, 'fn': 2}","{'p': 0.4, 'r': 0.67, 'f1': 0.5}","{'tp': 2, 'fp': 3, 'fn': 1}"
36,NCT03953131,meningioma,meningioma,tumor|meningioma,tumor|meningioma,meningioma,"{'p': 0.5, 'r': 1.0, 'f1': 0.67}","{'tp': 1, 'fp': 1, 'fn': 0}","{'p': 0.5, 'r': 1.0, 'f1': 0.67}","{'tp': 1, 'fp': 1, 'fn': 0}","{'p': 1.0, 'r': 1.0, 'f1': 1.0}","{'tp': 1, 'fp': 0, 'fn': 0}","{'p': 1.0, 'r': 1.0, 'f1': 1.0}","{'tp': 1, 'fp': 0, 'fn': 0}","{'p': 0.5, 'r': 1.0, 'f1': 0.67}","{'tp': 1, 'fp': 1, 'fn': 0}","{'p': 0.5, 'r': 1.0, 'f1': 0.67}","{'tp': 1, 'fp': 1, 'fn': 0}","{'p': 1.0, 'r': 1.0, 'f1': 1.0}","{'tp': 1, 'fp': 0, 'fn': 0}","{'p': 1.0, 'r': 1.0, 'f1': 1.0}","{'tp': 1, 'fp': 0, 'fn': 0}"
37,NCT00300222,"neuralgia, postherpetic",herpes zoster|neuralgia|pain|peripheral nervous system diseases|shingles,"neuralgia, postherpetic","neuralgia, postherpetic","neuralgia, postherpetic","{'p': 1.0, 'r': 1.0, 'f1': 1.0}","{'tp': 1, 'fp': 0, 'fn': 0}","{'p': 1.0, 'r': 1.0, 'f1': 1.0}","{'tp': 1, 'fp': 0, 'fn': 0}","{'p': 1.0, 'r': 1.0, 'f1': 1.0}","{'tp': 1, 'fp': 0, 'fn': 0}","{'p': 0.0, 'r': 0.0, 'f1': 0}","{'tp': 0, 'fp': 5, 'fn': 1}","{'p': 1.0, 'r': 1.0, 'f1': 1.0}","{'tp': 1, 'fp': 0, 'fn': 0}","{'p': 1.0, 'r': 1.0, 'f1': 1.0}","{'tp': 1, 'fp': 0, 'fn': 0}","{'p': 1.0, 'r': 1.0, 'f1': 1.0}","{'tp': 1, 'fp': 0, 'fn': 0}","{'p': 0.0, 'r': 0.0, 'f1': 0}","{'tp': 0, 'fp': 5, 'fn': 1}"
38,NCT00247533,post-cabg neurological complications|arrhythmia|stroke|percutaneous coronary intervention|perioperative arrhythmia|coronary artery disease|cerebral embolism|paroxysmal arrhythmia|ischemic stroke|cerebral artery stenosis|coronary bypass surgery|paroxysmal atrial fibrillation,arrhythmia|coronary artery disease|stroke,arrhythmia|stroke|percutaneous coronary intervention|coronary artery disease|cerebral embolism|cognition decline|paroxysmal arrhythmia|ischemic stroke|cerebral artery stenosis|embolism|post-cabg|coronary bypass surgery|paroxysmal atrial fibrillation,arrhythmia|stroke|percutaneous coronary intervention|coronary artery disease|cerebral embolism|cognition decline|paroxysmal arrhythmia|ischemic stroke|cerebral artery stenosis|post-cabg|coronary bypass surgery|paroxysmal atrial fibrillation|decline,ischemic stroke|cognition decline|coronary artery disease|cerebral artery stenosis|arrhythmia,"{'p': 0.77, 'r': 0.83, 'f1': 0.8}","{'tp': 10, 'fp': 3, 'fn': 2}","{'p': 0.77, 'r': 0.83, 'f1': 0.8}","{'tp': 10, 'fp': 3, 'fn': 2}","{'p': 0.8, 'r': 0.33, 'f1': 0.47}","{'tp': 4, 'fp': 1, 'fn': 8}","{'p': 1.0, 'r': 0.25, 'f1': 0.4}","{'tp': 3, 'fp': 0, 'fn': 9}","{'p': 0.77, 'r': 0.83, 'f1': 0.8}","{'tp': 10, 'fp': 3, 'fn': 2}","{'p': 0.77, 'r': 0.83, 'f1': 0.8}","{'tp': 10, 'fp': 3, 'fn': 2}","{'p': 0.83, 'r': 0.42, 'f1': 0.56}","{'tp': 5, 'fp': 1, 'fn': 7}","{'p': 1.0, 'r': 0.25, 'f1': 0.4}","{'tp': 3, 'fp': 0, 'fn': 9}"
39,NCT03317171,mds|muscular pain|fshd|inflammation|lgmd|dmd,muscle inflammation|muscular dystrophies,mds|weakness|muscular pain|fshd|inflammation|lgmd|neuromuscular disorders|dmd,disorders|weakness|muscular pain|fshd|inflammation|lgmd|dmd,distrofia muscolare|lgmd|fshd|mds|neuromuscular disorders,"{'p': 0.75, 'r': 1.0, 'f1': 0.86}","{'tp': 6, 'fp': 2, 'fn': 0}","{'p': 0.71, 'r': 0.83, 'f1': 0.77}","{'tp': 5, 'fp': 2, 'fn': 1}","{'p': 0.6, 'r': 0.5, 'f1': 0.55}","{'tp': 3, 'fp': 2, 'fn': 3}","{'p': 0.0, 'r': 0.0, 'f1': 0}","{'tp': 0, 'fp': 2, 'fn': 6}","{'p': 0.75, 'r': 1.0, 'f1': 0.86}","{'tp': 6, 'fp': 2, 'fn': 0}","{'p': 0.71, 'r': 0.83, 'f1': 0.77}","{'tp': 5, 'fp': 2, 'fn': 1}","{'p': 0.6, 'r': 0.5, 'f1': 0.55}","{'tp': 3, 'fp': 2, 'fn': 3}","{'p': 0.5, 'r': 0.17, 'f1': 0.25}","{'tp': 1, 'fp': 1, 'fn': 5}"
40,NCT01829009,sarcopenia|sarcopenic,sarcopenia,loss of muscle|sarcopenia|sarcopenic,sarcopenia|sarcopenic,sarcopenia,"{'p': 0.67, 'r': 1.0, 'f1': 0.8}","{'tp': 2, 'fp': 1, 'fn': 0}","{'p': 1.0, 'r': 1.0, 'f1': 1.0}","{'tp': 2, 'fp': 0, 'fn': 0}","{'p': 1.0, 'r': 0.5, 'f1': 0.67}","{'tp': 1, 'fp': 0, 'fn': 1}","{'p': 1.0, 'r': 0.5, 'f1': 0.67}","{'tp': 1, 'fp': 0, 'fn': 1}","{'p': 0.67, 'r': 1.0, 'f1': 0.8}","{'tp': 2, 'fp': 1, 'fn': 0}","{'p': 1.0, 'r': 1.0, 'f1': 1.0}","{'tp': 2, 'fp': 0, 'fn': 0}","{'p': 1.0, 'r': 0.5, 'f1': 0.67}","{'tp': 1, 'fp': 0, 'fn': 1}","{'p': 1.0, 'r': 0.5, 'f1': 0.67}","{'tp': 1, 'fp': 0, 'fn': 1}"
41,NCT02899858,spinal cord injured|paralyzed,paralysis|spinal cord injuries,spinal cord injured|paralyzed,spinal cord injured,spinal cord injured  individual,"{'p': 1.0, 'r': 1.0, 'f1': 1.0}","{'tp': 2, 'fp': 0, 'fn': 0}","{'p': 1.0, 'r': 0.5, 'f1': 0.67}","{'tp': 1, 'fp': 0, 'fn': 1}","{'p': 0.0, 'r': 0.0, 'f1': 0}","{'tp': 0, 'fp': 1, 'fn': 2}","{'p': 0.0, 'r': 0.0, 'f1': 0}","{'tp': 0, 'fp': 2, 'fn': 2}","{'p': 1.0, 'r': 1.0, 'f1': 1.0}","{'tp': 2, 'fp': 0, 'fn': 0}","{'p': 1.0, 'r': 0.5, 'f1': 0.67}","{'tp': 1, 'fp': 0, 'fn': 1}","{'p': 1.0, 'r': 0.5, 'f1': 0.67}","{'tp': 1, 'fp': 0, 'fn': 1}","{'p': 0.5, 'r': 0.5, 'f1': 0.5}","{'tp': 1, 'fp': 1, 'fn': 1}"
42,NCT04709029,lower abdominal and lower limb surgeries|post-dural puncture headache,post-dural puncture headache,post-dural puncture headache|abdominal and lower limb surgeries,lower abdominal and lower|aneth|post-dural puncture headache|surge,post-dural puncture headache,"{'p': 0.5, 'r': 0.5, 'f1': 0.5}","{'tp': 1, 'fp': 1, 'fn': 1}","{'p': 0.25, 'r': 0.5, 'f1': 0.33}","{'tp': 1, 'fp': 3, 'fn': 1}","{'p': 1.0, 'r': 0.5, 'f1': 0.67}","{'tp': 1, 'fp': 0, 'fn': 1}","{'p': 1.0, 'r': 0.5, 'f1': 0.67}","{'tp': 1, 'fp': 0, 'fn': 1}","{'p': 1.0, 'r': 1.0, 'f1': 1.0}","{'tp': 2, 'fp': 0, 'fn': 0}","{'p': 0.25, 'r': 0.5, 'f1': 0.33}","{'tp': 1, 'fp': 3, 'fn': 1}","{'p': 1.0, 'r': 0.5, 'f1': 0.67}","{'tp': 1, 'fp': 0, 'fn': 1}","{'p': 1.0, 'r': 0.5, 'f1': 0.67}","{'tp': 1, 'fp': 0, 'fn': 1}"
43,NCT00537940,partial seizures,"epilepsy, complex partial|epilepsies, partial|epilepsy|epilepsies, partial",partial seizures,partial seizures,partial seizures,"{'p': 1.0, 'r': 1.0, 'f1': 1.0}","{'tp': 1, 'fp': 0, 'fn': 0}","{'p': 1.0, 'r': 1.0, 'f1': 1.0}","{'tp': 1, 'fp': 0, 'fn': 0}","{'p': 1.0, 'r': 1.0, 'f1': 1.0}","{'tp': 1, 'fp': 0, 'fn': 0}","{'p': 0.0, 'r': 0.0, 'f1': 0}","{'tp': 0, 'fp': 3, 'fn': 1}","{'p': 1.0, 'r': 1.0, 'f1': 1.0}","{'tp': 1, 'fp': 0, 'fn': 0}","{'p': 1.0, 'r': 1.0, 'f1': 1.0}","{'tp': 1, 'fp': 0, 'fn': 0}","{'p': 1.0, 'r': 1.0, 'f1': 1.0}","{'tp': 1, 'fp': 0, 'fn': 0}","{'p': 0.0, 'r': 0.0, 'f1': 0}","{'tp': 0, 'fp': 3, 'fn': 1}"
44,NCT02892097,stroke|unilateral spatial neglect,hemispatial neglect|stroke,unilateral spatial neglect following stroke|unilateral spatial neglect post stroke,stroke|unilateral spatial neglect post stroke|unilateral spatial neglect,unilateral spatial neglect|stroke,"{'p': 0.0, 'r': 0.0, 'f1': 0}","{'tp': 0, 'fp': 2, 'fn': 2}","{'p': 0.67, 'r': 1.0, 'f1': 0.8}","{'tp': 2, 'fp': 1, 'fn': 0}","{'p': 1.0, 'r': 1.0, 'f1': 1.0}","{'tp': 2, 'fp': 0, 'fn': 0}","{'p': 0.5, 'r': 0.5, 'f1': 0.5}","{'tp': 1, 'fp': 1, 'fn': 1}","{'p': 1.0, 'r': 1.0, 'f1': 1.0}","{'tp': 2, 'fp': 0, 'fn': 0}","{'p': 1.0, 'r': 1.0, 'f1': 1.0}","{'tp': 2, 'fp': 0, 'fn': 0}","{'p': 1.0, 'r': 1.0, 'f1': 1.0}","{'tp': 2, 'fp': 0, 'fn': 0}","{'p': 0.5, 'r': 0.5, 'f1': 0.5}","{'tp': 1, 'fp': 1, 'fn': 1}"
45,NCT05539287,dysbiosis|dre|epileptic|drug resistant epilepsy|epilepsy,drug resistant epilepsy,dysbiosis|refractory form|dre|epileptic|drug resistant epilepsy|epilepsy,dre|refractory form|epileptic|drug resistant epilepsy|epilepsy,epilepsy|dre,"{'p': 0.83, 'r': 1.0, 'f1': 0.91}","{'tp': 5, 'fp': 1, 'fn': 0}","{'p': 0.8, 'r': 0.8, 'f1': 0.8}","{'tp': 4, 'fp': 1, 'fn': 1}","{'p': 1.0, 'r': 0.4, 'f1': 0.57}","{'tp': 2, 'fp': 0, 'fn': 3}","{'p': 1.0, 'r': 0.2, 'f1': 0.33}","{'tp': 1, 'fp': 0, 'fn': 4}","{'p': 0.83, 'r': 1.0, 'f1': 0.91}","{'tp': 5, 'fp': 1, 'fn': 0}","{'p': 0.8, 'r': 0.8, 'f1': 0.8}","{'tp': 4, 'fp': 1, 'fn': 1}","{'p': 1.0, 'r': 0.4, 'f1': 0.57}","{'tp': 2, 'fp': 0, 'fn': 3}","{'p': 1.0, 'r': 0.4, 'f1': 0.57}","{'tp': 2, 'fp': 0, 'fn': 3}"
46,NCT01726998,first-ever stroke|stroke|subacute post-stroke non-ambulatory hemiplegic,hemiparetic patients after subacute stroke|stroke,stroke|-|first-ever stroke|hemiplegic|subacute post-stroke,congestive heart failure|stroke attack|first-ever stroke|non-ambulatory hemiplegic|subacute post-stroke,stroke,"{'p': 0.4, 'r': 0.67, 'f1': 0.5}","{'tp': 2, 'fp': 3, 'fn': 1}","{'p': 0.2, 'r': 0.33, 'f1': 0.25}","{'tp': 1, 'fp': 4, 'fn': 2}","{'p': 1.0, 'r': 0.33, 'f1': 0.5}","{'tp': 1, 'fp': 0, 'fn': 2}","{'p': 0.5, 'r': 0.33, 'f1': 0.4}","{'tp': 1, 'fp': 1, 'fn': 2}","{'p': 0.4, 'r': 0.67, 'f1': 0.5}","{'tp': 2, 'fp': 3, 'fn': 1}","{'p': 0.4, 'r': 0.67, 'f1': 0.5}","{'tp': 2, 'fp': 3, 'fn': 1}","{'p': 1.0, 'r': 0.33, 'f1': 0.5}","{'tp': 1, 'fp': 0, 'fn': 2}","{'p': 1.0, 'r': 0.33, 'f1': 0.5}","{'tp': 1, 'fp': 0, 'fn': 2}"
47,NCT02583386,multiple sclerosis,multiple sclerosis,multiple sclerosis,multiple sclerosis,multiple sclerosis,"{'p': 1.0, 'r': 1.0, 'f1': 1.0}","{'tp': 1, 'fp': 0, 'fn': 0}","{'p': 1.0, 'r': 1.0, 'f1': 1.0}","{'tp': 1, 'fp': 0, 'fn': 0}","{'p': 1.0, 'r': 1.0, 'f1': 1.0}","{'tp': 1, 'fp': 0, 'fn': 0}","{'p': 1.0, 'r': 1.0, 'f1': 1.0}","{'tp': 1, 'fp': 0, 'fn': 0}","{'p': 1.0, 'r': 1.0, 'f1': 1.0}","{'tp': 1, 'fp': 0, 'fn': 0}","{'p': 1.0, 'r': 1.0, 'f1': 1.0}","{'tp': 1, 'fp': 0, 'fn': 0}","{'p': 1.0, 'r': 1.0, 'f1': 1.0}","{'tp': 1, 'fp': 0, 'fn': 0}","{'p': 1.0, 'r': 1.0, 'f1': 1.0}","{'tp': 1, 'fp': 0, 'fn': 0}"
48,NCT00248222,minor ischemic stroke,stroke|stroke,minor ischemic stroke,minor ischemic stroke,minor ischemic stroke,"{'p': 1.0, 'r': 1.0, 'f1': 1.0}","{'tp': 1, 'fp': 0, 'fn': 0}","{'p': 1.0, 'r': 1.0, 'f1': 1.0}","{'tp': 1, 'fp': 0, 'fn': 0}","{'p': 1.0, 'r': 1.0, 'f1': 1.0}","{'tp': 1, 'fp': 0, 'fn': 0}","{'p': 0.0, 'r': 0.0, 'f1': 0}","{'tp': 0, 'fp': 1, 'fn': 1}","{'p': 1.0, 'r': 1.0, 'f1': 1.0}","{'tp': 1, 'fp': 0, 'fn': 0}","{'p': 1.0, 'r': 1.0, 'f1': 1.0}","{'tp': 1, 'fp': 0, 'fn': 0}","{'p': 1.0, 'r': 1.0, 'f1': 1.0}","{'tp': 1, 'fp': 0, 'fn': 0}","{'p': 0.0, 'r': 0.0, 'f1': 0}","{'tp': 0, 'fp': 1, 'fn': 1}"
49,NCT01732289,"hearing loss|symmetric, sensorineural hearing loss",age-related hearing loss|presbycusis,hearing loss|presbycusis|presbyacusis|age related hearing loss|age-related hearing loss,"hearing loss|symmetric, sensorineural hearing loss|presbycusis|presbyacusis|age related hearing loss|age-related hearing loss",age-related hearing loss|presbyacusis,"{'p': 0.2, 'r': 0.5, 'f1': 0.29}","{'tp': 1, 'fp': 4, 'fn': 1}","{'p': 0.33, 'r': 1.0, 'f1': 0.5}","{'tp': 2, 'fp': 4, 'fn': 0}","{'p': 0.0, 'r': 0.0, 'f1': 0}","{'tp': 0, 'fp': 2, 'fn': 2}","{'p': 0.0, 'r': 0.0, 'f1': 0}","{'tp': 0, 'fp': 2, 'fn': 2}","{'p': 0.33, 'r': 0.5, 'f1': 0.4}","{'tp': 1, 'fp': 2, 'fn': 1}","{'p': 0.5, 'r': 1.0, 'f1': 0.67}","{'tp': 2, 'fp': 2, 'fn': 0}","{'p': 0.5, 'r': 0.5, 'f1': 0.5}","{'tp': 1, 'fp': 1, 'fn': 1}","{'p': 0.5, 'r': 0.5, 'f1': 0.5}","{'tp': 1, 'fp': 1, 'fn': 1}"
50,NCT05527587,dementia,alzheimer disease|mild dementia|moderate dementia,dementia|stress,dementia|stress,dementia|caregivers,"{'p': 0.5, 'r': 1.0, 'f1': 0.67}","{'tp': 1, 'fp': 1, 'fn': 0}","{'p': 0.5, 'r': 1.0, 'f1': 0.67}","{'tp': 1, 'fp': 1, 'fn': 0}","{'p': 0.5, 'r': 1.0, 'f1': 0.67}","{'tp': 1, 'fp': 1, 'fn': 0}","{'p': 0.0, 'r': 0.0, 'f1': 0}","{'tp': 0, 'fp': 3, 'fn': 1}","{'p': 0.5, 'r': 1.0, 'f1': 0.67}","{'tp': 1, 'fp': 1, 'fn': 0}","{'p': 0.5, 'r': 1.0, 'f1': 0.67}","{'tp': 1, 'fp': 1, 'fn': 0}","{'p': 0.5, 'r': 1.0, 'f1': 0.67}","{'tp': 1, 'fp': 1, 'fn': 0}","{'p': 0.5, 'r': 1.0, 'f1': 0.67}","{'tp': 1, 'fp': 1, 'fn': 0}"
51,NCT05622396,parkinson disease,parkinson disease,parkinson disease,parkinson disease,parkinson disease,"{'p': 1.0, 'r': 1.0, 'f1': 1.0}","{'tp': 1, 'fp': 0, 'fn': 0}","{'p': 1.0, 'r': 1.0, 'f1': 1.0}","{'tp': 1, 'fp': 0, 'fn': 0}","{'p': 1.0, 'r': 1.0, 'f1': 1.0}","{'tp': 1, 'fp': 0, 'fn': 0}","{'p': 1.0, 'r': 1.0, 'f1': 1.0}","{'tp': 1, 'fp': 0, 'fn': 0}","{'p': 1.0, 'r': 1.0, 'f1': 1.0}","{'tp': 1, 'fp': 0, 'fn': 0}","{'p': 1.0, 'r': 1.0, 'f1': 1.0}","{'tp': 1, 'fp': 0, 'fn': 0}","{'p': 1.0, 'r': 1.0, 'f1': 1.0}","{'tp': 1, 'fp': 0, 'fn': 0}","{'p': 1.0, 'r': 1.0, 'f1': 1.0}","{'tp': 1, 'fp': 0, 'fn': 0}"
52,NCT02462629,cancer|primary central nervous system tumors|tumor|central nervous system neoplasms,central nervous system neoplasms,cancer|primary central nervous system tumors|tumor|central nervous system neoplasms,cancer|primary central nervous system tumors|tumor|central nervous system neoplasms,primary central nervous system tumors,"{'p': 1.0, 'r': 1.0, 'f1': 1.0}","{'tp': 4, 'fp': 0, 'fn': 0}","{'p': 1.0, 'r': 1.0, 'f1': 1.0}","{'tp': 4, 'fp': 0, 'fn': 0}","{'p': 1.0, 'r': 0.25, 'f1': 0.4}","{'tp': 1, 'fp': 0, 'fn': 3}","{'p': 1.0, 'r': 0.25, 'f1': 0.4}","{'tp': 1, 'fp': 0, 'fn': 3}","{'p': 1.0, 'r': 1.0, 'f1': 1.0}","{'tp': 4, 'fp': 0, 'fn': 0}","{'p': 1.0, 'r': 1.0, 'f1': 1.0}","{'tp': 4, 'fp': 0, 'fn': 0}","{'p': 1.0, 'r': 0.5, 'f1': 0.67}","{'tp': 2, 'fp': 0, 'fn': 2}","{'p': 1.0, 'r': 0.5, 'f1': 0.67}","{'tp': 2, 'fp': 0, 'fn': 2}"
53,NCT01966172,cardiac surgery,analgesia|postoperative pain,pain|cardiac surgery,pain|cardiac surgery,,"{'p': 0.5, 'r': 1.0, 'f1': 0.67}","{'tp': 1, 'fp': 1, 'fn': 0}","{'p': 0.5, 'r': 1.0, 'f1': 0.67}","{'tp': 1, 'fp': 1, 'fn': 0}","{'p': 0.0, 'r': 0.0, 'f1': 0}","{'tp': 0, 'fp': 1, 'fn': 1}","{'p': 0.0, 'r': 0.0, 'f1': 0}","{'tp': 0, 'fp': 2, 'fn': 1}","{'p': 0.5, 'r': 1.0, 'f1': 0.67}","{'tp': 1, 'fp': 1, 'fn': 0}","{'p': 0.5, 'r': 1.0, 'f1': 0.67}","{'tp': 1, 'fp': 1, 'fn': 0}","{'p': 0.0, 'r': 0.0, 'f1': 0}","{'tp': 0, 'fp': 1, 'fn': 1}","{'p': 0.0, 'r': 0.0, 'f1': 0}","{'tp': 0, 'fp': 2, 'fn': 1}"
54,NCT03119246,early to moderate hd|huntington disease,huntington disease,huntington disease|early to moderate hd|huntington disease,huntington disease|early to moderate hd,huntington disease|hd|hd|hd|hd|hd|hd|hd,"{'p': 1.0, 'r': 1.0, 'f1': 1.0}","{'tp': 2, 'fp': 0, 'fn': 0}","{'p': 1.0, 'r': 1.0, 'f1': 1.0}","{'tp': 2, 'fp': 0, 'fn': 0}","{'p': 0.5, 'r': 0.5, 'f1': 0.5}","{'tp': 1, 'fp': 1, 'fn': 1}","{'p': 1.0, 'r': 0.5, 'f1': 0.67}","{'tp': 1, 'fp': 0, 'fn': 1}","{'p': 1.0, 'r': 1.0, 'f1': 1.0}","{'tp': 2, 'fp': 0, 'fn': 0}","{'p': 1.0, 'r': 1.0, 'f1': 1.0}","{'tp': 2, 'fp': 0, 'fn': 0}","{'p': 0.5, 'r': 0.5, 'f1': 0.5}","{'tp': 1, 'fp': 1, 'fn': 1}","{'p': 1.0, 'r': 0.5, 'f1': 0.67}","{'tp': 1, 'fp': 0, 'fn': 1}"
55,NCT02571335,impaired functional capacity|multiple sclerosis|reduced physical activity|cognitive decline,multiple sclerosis,dementia|chronic progressive or relapsing-remitting disease|multiple sclerosis,dementia|chronic progressive or relapsing-remitting disease|multiple sclerosis,multiple sclerosis,"{'p': 0.33, 'r': 0.25, 'f1': 0.29}","{'tp': 1, 'fp': 2, 'fn': 3}","{'p': 0.33, 'r': 0.25, 'f1': 0.29}","{'tp': 1, 'fp': 2, 'fn': 3}","{'p': 1.0, 'r': 0.25, 'f1': 0.4}","{'tp': 1, 'fp': 0, 'fn': 3}","{'p': 1.0, 'r': 0.25, 'f1': 0.4}","{'tp': 1, 'fp': 0, 'fn': 3}","{'p': 0.33, 'r': 0.25, 'f1': 0.29}","{'tp': 1, 'fp': 2, 'fn': 3}","{'p': 0.33, 'r': 0.25, 'f1': 0.29}","{'tp': 1, 'fp': 2, 'fn': 3}","{'p': 1.0, 'r': 0.25, 'f1': 0.4}","{'tp': 1, 'fp': 0, 'fn': 3}","{'p': 1.0, 'r': 0.25, 'f1': 0.4}","{'tp': 1, 'fp': 0, 'fn': 3}"
56,NCT01090934,drug resistant partial epilepsies|epileptogenic,"epilepsies, partial",drug resistant partial epilepsies|epileps,drug resistant partial epilepsies|epilept,"epilepsy|epileptogenic zone|epilepsies, partial","{'p': 0.5, 'r': 0.5, 'f1': 0.5}","{'tp': 1, 'fp': 1, 'fn': 1}","{'p': 0.5, 'r': 0.5, 'f1': 0.5}","{'tp': 1, 'fp': 1, 'fn': 1}","{'p': 0.0, 'r': 0.0, 'f1': 0}","{'tp': 0, 'fp': 3, 'fn': 2}","{'p': 0.0, 'r': 0.0, 'f1': 0}","{'tp': 0, 'fp': 1, 'fn': 2}","{'p': 0.5, 'r': 0.5, 'f1': 0.5}","{'tp': 1, 'fp': 1, 'fn': 1}","{'p': 0.5, 'r': 0.5, 'f1': 0.5}","{'tp': 1, 'fp': 1, 'fn': 1}","{'p': 0.33, 'r': 0.5, 'f1': 0.4}","{'tp': 1, 'fp': 2, 'fn': 1}","{'p': 0.0, 'r': 0.0, 'f1': 0}","{'tp': 0, 'fp': 1, 'fn': 2}"
57,NCT00216502,dementia|alzheimer disease,alzheimer disease|brain diseases|dementia|mental disorders,dementia|alzheimer disease,dementia|alzheimer disease,alzheimer disease,"{'p': 1.0, 'r': 1.0, 'f1': 1.0}","{'tp': 2, 'fp': 0, 'fn': 0}","{'p': 1.0, 'r': 1.0, 'f1': 1.0}","{'tp': 2, 'fp': 0, 'fn': 0}","{'p': 1.0, 'r': 0.5, 'f1': 0.67}","{'tp': 1, 'fp': 0, 'fn': 1}","{'p': 0.5, 'r': 1.0, 'f1': 0.67}","{'tp': 2, 'fp': 2, 'fn': 0}","{'p': 1.0, 'r': 1.0, 'f1': 1.0}","{'tp': 2, 'fp': 0, 'fn': 0}","{'p': 1.0, 'r': 1.0, 'f1': 1.0}","{'tp': 2, 'fp': 0, 'fn': 0}","{'p': 1.0, 'r': 0.5, 'f1': 0.67}","{'tp': 1, 'fp': 0, 'fn': 1}","{'p': 0.5, 'r': 1.0, 'f1': 0.67}","{'tp': 2, 'fp': 2, 'fn': 0}"
58,NCT03386669,synucleinopathy|parkinsonian|tauopathies|psp|cbs|tauopathies|parkinsonian disorders|parkinsonism,parkinsonian disorders|parkinsonism,"synucleinopathy|tauopathies|corticobasal syndrome|psp|parkinsonian tauopathies|pd|cbs|progressive supranuclear palsy|supranuclear palsy, progressive|parkinson disease|tauopathies|parkinsonian disorders|parkinsonism","synucleinopathy|idiopathic pd|tauopathies|corticobasal syndrome|psp|parkinsonian tauopathies|cbs|progressive supranuclear palsy|supranuclear palsy, progressive|parkinson disease|tauopathies|parkinsonian disorders|parkinsonism","progressive supranuclear palsy|supranuclear palsy, progressive","{'p': 0.5, 'r': 0.86, 'f1': 0.63}","{'tp': 6, 'fp': 6, 'fn': 1}","{'p': 0.5, 'r': 0.86, 'f1': 0.63}","{'tp': 6, 'fp': 6, 'fn': 1}","{'p': 0.0, 'r': 0.0, 'f1': 0}","{'tp': 0, 'fp': 2, 'fn': 7}","{'p': 1.0, 'r': 0.29, 'f1': 0.44}","{'tp': 2, 'fp': 0, 'fn': 5}","{'p': 0.58, 'r': 1.0, 'f1': 0.74}","{'tp': 7, 'fp': 5, 'fn': 0}","{'p': 0.58, 'r': 1.0, 'f1': 0.74}","{'tp': 7, 'fp': 5, 'fn': 0}","{'p': 0.0, 'r': 0.0, 'f1': 0}","{'tp': 0, 'fp': 2, 'fn': 7}","{'p': 1.0, 'r': 0.43, 'f1': 0.6}","{'tp': 3, 'fp': 0, 'fn': 4}"
59,NCT02976766,acute optic neuritis|optic neuritis,optic neuritis,acute optic neuritis|optic neuritis,acute optic neuritis|optic neuritis,optic neuritis,"{'p': 1.0, 'r': 1.0, 'f1': 1.0}","{'tp': 2, 'fp': 0, 'fn': 0}","{'p': 1.0, 'r': 1.0, 'f1': 1.0}","{'tp': 2, 'fp': 0, 'fn': 0}","{'p': 1.0, 'r': 0.5, 'f1': 0.67}","{'tp': 1, 'fp': 0, 'fn': 1}","{'p': 1.0, 'r': 0.5, 'f1': 0.67}","{'tp': 1, 'fp': 0, 'fn': 1}","{'p': 1.0, 'r': 1.0, 'f1': 1.0}","{'tp': 2, 'fp': 0, 'fn': 0}","{'p': 1.0, 'r': 1.0, 'f1': 1.0}","{'tp': 2, 'fp': 0, 'fn': 0}","{'p': 1.0, 'r': 1.0, 'f1': 1.0}","{'tp': 2, 'fp': 0, 'fn': 0}","{'p': 1.0, 'r': 1.0, 'f1': 1.0}","{'tp': 2, 'fp': 0, 'fn': 0}"
60,NCT00665223,huntington disease,huntington disease,huntington disease,huntington disease,huntington disease,"{'p': 1.0, 'r': 1.0, 'f1': 1.0}","{'tp': 1, 'fp': 0, 'fn': 0}","{'p': 1.0, 'r': 1.0, 'f1': 1.0}","{'tp': 1, 'fp': 0, 'fn': 0}","{'p': 1.0, 'r': 1.0, 'f1': 1.0}","{'tp': 1, 'fp': 0, 'fn': 0}","{'p': 1.0, 'r': 1.0, 'f1': 1.0}","{'tp': 1, 'fp': 0, 'fn': 0}","{'p': 1.0, 'r': 1.0, 'f1': 1.0}","{'tp': 1, 'fp': 0, 'fn': 0}","{'p': 1.0, 'r': 1.0, 'f1': 1.0}","{'tp': 1, 'fp': 0, 'fn': 0}","{'p': 1.0, 'r': 1.0, 'f1': 1.0}","{'tp': 1, 'fp': 0, 'fn': 0}","{'p': 1.0, 'r': 1.0, 'f1': 1.0}","{'tp': 1, 'fp': 0, 'fn': 0}"
61,NCT02474407,refractory (drug-resistant) epilepsy|drug resistant epilepsy,drug resistant epilepsy,refractory (drug-resistant) epilepsy|drug resistant epilepsy,refractory (drug-resistant) epilepsy|drug resistant epilepsy,drug resistant epilepsy|drug-resistant epilepsy,"{'p': 1.0, 'r': 1.0, 'f1': 1.0}","{'tp': 2, 'fp': 0, 'fn': 0}","{'p': 1.0, 'r': 1.0, 'f1': 1.0}","{'tp': 2, 'fp': 0, 'fn': 0}","{'p': 0.5, 'r': 0.5, 'f1': 0.5}","{'tp': 1, 'fp': 1, 'fn': 1}","{'p': 1.0, 'r': 0.5, 'f1': 0.67}","{'tp': 1, 'fp': 0, 'fn': 1}","{'p': 1.0, 'r': 1.0, 'f1': 1.0}","{'tp': 2, 'fp': 0, 'fn': 0}","{'p': 1.0, 'r': 1.0, 'f1': 1.0}","{'tp': 2, 'fp': 0, 'fn': 0}","{'p': 0.5, 'r': 0.5, 'f1': 0.5}","{'tp': 1, 'fp': 1, 'fn': 1}","{'p': 1.0, 'r': 0.5, 'f1': 0.67}","{'tp': 1, 'fp': 0, 'fn': 1}"
62,NCT00183625,schizophrenia,schizophrenia,schizophrenia,schizophrenia,schizophrenia,"{'p': 1.0, 'r': 1.0, 'f1': 1.0}","{'tp': 1, 'fp': 0, 'fn': 0}","{'p': 1.0, 'r': 1.0, 'f1': 1.0}","{'tp': 1, 'fp': 0, 'fn': 0}","{'p': 1.0, 'r': 1.0, 'f1': 1.0}","{'tp': 1, 'fp': 0, 'fn': 0}","{'p': 1.0, 'r': 1.0, 'f1': 1.0}","{'tp': 1, 'fp': 0, 'fn': 0}","{'p': 1.0, 'r': 1.0, 'f1': 1.0}","{'tp': 1, 'fp': 0, 'fn': 0}","{'p': 1.0, 'r': 1.0, 'f1': 1.0}","{'tp': 1, 'fp': 0, 'fn': 0}","{'p': 1.0, 'r': 1.0, 'f1': 1.0}","{'tp': 1, 'fp': 0, 'fn': 0}","{'p': 1.0, 'r': 1.0, 'f1': 1.0}","{'tp': 1, 'fp': 0, 'fn': 0}"
63,NCT05696665,pd|parkinson disease|parkinson disease|oxidative stress,neurodegenerative diseases|parkinson disease,pd|'s disease|parkinson disease|parkinson disease,parkinson disease|parkinson disease,parkinson disease,"{'p': 0.67, 'r': 0.67, 'f1': 0.67}","{'tp': 2, 'fp': 1, 'fn': 1}","{'p': 1.0, 'r': 0.33, 'f1': 0.5}","{'tp': 1, 'fp': 0, 'fn': 2}","{'p': 1.0, 'r': 0.33, 'f1': 0.5}","{'tp': 1, 'fp': 0, 'fn': 2}","{'p': 0.5, 'r': 0.33, 'f1': 0.4}","{'tp': 1, 'fp': 1, 'fn': 2}","{'p': 0.67, 'r': 0.67, 'f1': 0.67}","{'tp': 2, 'fp': 1, 'fn': 1}","{'p': 1.0, 'r': 0.33, 'f1': 0.5}","{'tp': 1, 'fp': 0, 'fn': 2}","{'p': 1.0, 'r': 0.33, 'f1': 0.5}","{'tp': 1, 'fp': 0, 'fn': 2}","{'p': 0.5, 'r': 0.33, 'f1': 0.4}","{'tp': 1, 'fp': 1, 'fn': 2}"
64,NCT05606653,"sleep apnea, obstructive|airway collapsibility",sleep apnea syndromes,"sleep apnea, obstructive","sleep apnea, obstructive","sleep apnea, obstructive","{'p': 1.0, 'r': 0.5, 'f1': 0.67}","{'tp': 1, 'fp': 0, 'fn': 1}","{'p': 1.0, 'r': 0.5, 'f1': 0.67}","{'tp': 1, 'fp': 0, 'fn': 1}","{'p': 1.0, 'r': 0.5, 'f1': 0.67}","{'tp': 1, 'fp': 0, 'fn': 1}","{'p': 0.0, 'r': 0.0, 'f1': 0}","{'tp': 0, 'fp': 1, 'fn': 2}","{'p': 1.0, 'r': 0.5, 'f1': 0.67}","{'tp': 1, 'fp': 0, 'fn': 1}","{'p': 1.0, 'r': 0.5, 'f1': 0.67}","{'tp': 1, 'fp': 0, 'fn': 1}","{'p': 1.0, 'r': 0.5, 'f1': 0.67}","{'tp': 1, 'fp': 0, 'fn': 1}","{'p': 0.0, 'r': 0.0, 'f1': 0}","{'tp': 0, 'fp': 1, 'fn': 2}"
65,NCT01865721,pain|screening colonoscopy,analgesia|bowel cancer screening|colonoscopy|entonox,pain|screening colonoscopy,screening colonoscopy,screening colonoscopy,"{'p': 1.0, 'r': 1.0, 'f1': 1.0}","{'tp': 2, 'fp': 0, 'fn': 0}","{'p': 1.0, 'r': 0.5, 'f1': 0.67}","{'tp': 1, 'fp': 0, 'fn': 1}","{'p': 1.0, 'r': 0.5, 'f1': 0.67}","{'tp': 1, 'fp': 0, 'fn': 1}","{'p': 0.0, 'r': 0.0, 'f1': 0}","{'tp': 0, 'fp': 4, 'fn': 2}","{'p': 1.0, 'r': 1.0, 'f1': 1.0}","{'tp': 2, 'fp': 0, 'fn': 0}","{'p': 1.0, 'r': 0.5, 'f1': 0.67}","{'tp': 1, 'fp': 0, 'fn': 1}","{'p': 1.0, 'r': 0.5, 'f1': 0.67}","{'tp': 1, 'fp': 0, 'fn': 1}","{'p': 0.0, 'r': 0.0, 'f1': 0}","{'tp': 0, 'fp': 4, 'fn': 2}"
66,NCT01866384,early hematoma growth|spontaneous intra-cerebral/intra-parenchymal hemorrhage|intra-parenchymal hemorrhage|hematoma growth|cerebral hemorrhage|cerebral edema,cerebral hemorrhage|hypothermia,hg)|early hematoma growth (|mih|intra-parenchymal hemorrhage|hematoma growth|cerebral hemorrhage|spontaneous intra-cerebral/intra-parenchymal hemorrhage|cerebral edema,early hematoma growth|intra-parenchymal hemorrhage|cerebral hemorrhage|spontaneous intra-cerebral/intra-parenchymal hemorrhage|cerebral edema,cerebral hemorrhage|early hematoma growth,"{'p': 0.62, 'r': 0.83, 'f1': 0.71}","{'tp': 5, 'fp': 3, 'fn': 1}","{'p': 1.0, 'r': 0.83, 'f1': 0.91}","{'tp': 5, 'fp': 0, 'fn': 1}","{'p': 1.0, 'r': 0.33, 'f1': 0.5}","{'tp': 2, 'fp': 0, 'fn': 4}","{'p': 0.5, 'r': 0.17, 'f1': 0.25}","{'tp': 1, 'fp': 1, 'fn': 5}","{'p': 0.75, 'r': 1.0, 'f1': 0.86}","{'tp': 6, 'fp': 2, 'fn': 0}","{'p': 1.0, 'r': 1.0, 'f1': 1.0}","{'tp': 6, 'fp': 0, 'fn': 0}","{'p': 1.0, 'r': 0.5, 'f1': 0.67}","{'tp': 3, 'fp': 0, 'fn': 3}","{'p': 0.5, 'r': 0.17, 'f1': 0.25}","{'tp': 1, 'fp': 1, 'fn': 5}"
67,NCT03621878,pain|peripheral sensitization|lumbosacral radiculopathy,radiculopathy,pain|peripheral sensitization|radiculopathy,pain|peripheral sensitization|lumbosacral radiculopathy,lumbosacral radiculopathy,"{'p': 0.67, 'r': 0.67, 'f1': 0.67}","{'tp': 2, 'fp': 1, 'fn': 1}","{'p': 1.0, 'r': 1.0, 'f1': 1.0}","{'tp': 3, 'fp': 0, 'fn': 0}","{'p': 1.0, 'r': 0.33, 'f1': 0.5}","{'tp': 1, 'fp': 0, 'fn': 2}","{'p': 0.0, 'r': 0.0, 'f1': 0}","{'tp': 0, 'fp': 1, 'fn': 3}","{'p': 0.67, 'r': 0.67, 'f1': 0.67}","{'tp': 2, 'fp': 1, 'fn': 1}","{'p': 1.0, 'r': 1.0, 'f1': 1.0}","{'tp': 3, 'fp': 0, 'fn': 0}","{'p': 1.0, 'r': 0.33, 'f1': 0.5}","{'tp': 1, 'fp': 0, 'fn': 2}","{'p': 0.0, 'r': 0.0, 'f1': 0}","{'tp': 0, 'fp': 1, 'fn': 3}"
68,NCT04241679,"translabyrinthine surgery for vestibular schwannoma resection|neuroma, acoustic|cochlear implantation|asymmetric sensorineural hearing loss|translabyrinthine vestibular schwannoma resection|cochlear implant","neuroma, acoustic|asymmetric sensorineural hearing loss|auditory; nerve|cochlear nerve damage|cochlear nerve deafness|hearing loss, sensorineural|skull base neoplasms|neuroma, acoustic","translabyrinthine surgery|neuroma, acoustic|asymmetric sensorineural hearing loss|simultaneous translabyrinthine vestibular schwannoma resection|vestibular schwannoma resection","neuroma, acoustic|asymmetric sensorineural hearing loss|vestibular schwannoma resection","neuroma, acoustic|asymmetric sensorineural hearing loss","{'p': 0.4, 'r': 0.33, 'f1': 0.36}","{'tp': 2, 'fp': 3, 'fn': 4}","{'p': 0.67, 'r': 0.33, 'f1': 0.44}","{'tp': 2, 'fp': 1, 'fn': 4}","{'p': 1.0, 'r': 0.33, 'f1': 0.5}","{'tp': 2, 'fp': 0, 'fn': 4}","{'p': 0.29, 'r': 0.33, 'f1': 0.31}","{'tp': 2, 'fp': 5, 'fn': 4}","{'p': 0.8, 'r': 0.67, 'f1': 0.73}","{'tp': 4, 'fp': 1, 'fn': 2}","{'p': 1.0, 'r': 0.5, 'f1': 0.67}","{'tp': 3, 'fp': 0, 'fn': 3}","{'p': 1.0, 'r': 0.33, 'f1': 0.5}","{'tp': 2, 'fp': 0, 'fn': 4}","{'p': 0.29, 'r': 0.33, 'f1': 0.31}","{'tp': 2, 'fp': 5, 'fn': 4}"
69,NCT00370838,tics|tics|tourette syndrome,tic disorders|tourette syndrome,tics|tourette syndrome,tics|tics|tourette syndrome,tourette syndrome,"{'p': 1.0, 'r': 1.0, 'f1': 1.0}","{'tp': 2, 'fp': 0, 'fn': 0}","{'p': 1.0, 'r': 1.0, 'f1': 1.0}","{'tp': 2, 'fp': 0, 'fn': 0}","{'p': 1.0, 'r': 0.5, 'f1': 0.67}","{'tp': 1, 'fp': 0, 'fn': 1}","{'p': 0.5, 'r': 0.5, 'f1': 0.5}","{'tp': 1, 'fp': 1, 'fn': 1}","{'p': 1.0, 'r': 1.0, 'f1': 1.0}","{'tp': 2, 'fp': 0, 'fn': 0}","{'p': 1.0, 'r': 1.0, 'f1': 1.0}","{'tp': 2, 'fp': 0, 'fn': 0}","{'p': 1.0, 'r': 0.5, 'f1': 0.67}","{'tp': 1, 'fp': 0, 'fn': 1}","{'p': 0.5, 'r': 0.5, 'f1': 0.5}","{'tp': 1, 'fp': 1, 'fn': 1}"
70,NCT04164810,pain catastrophization|neuropathic pain|neuralgia|spinal cord injuries|pcs|pain|chronic pain,neuropathic pain|neuralgia|spinal cord injuries,pain catastrophization|chronic lumbar pain|neuropathic pain|neuralgia|spinal cord injuries|pain|chronic pain,fibromyalgia|pain catastrophization|chronic lumbar pain|neuropathic pain|neuralgia|spinal cord injuries|pain|chronic pain|cat,neuropathic pain|neuralgia|spinal cord injuries,"{'p': 0.86, 'r': 0.86, 'f1': 0.86}","{'tp': 6, 'fp': 1, 'fn': 1}","{'p': 0.67, 'r': 0.86, 'f1': 0.75}","{'tp': 6, 'fp': 3, 'fn': 1}","{'p': 1.0, 'r': 0.43, 'f1': 0.6}","{'tp': 3, 'fp': 0, 'fn': 4}","{'p': 1.0, 'r': 0.43, 'f1': 0.6}","{'tp': 3, 'fp': 0, 'fn': 4}","{'p': 1.0, 'r': 0.86, 'f1': 0.92}","{'tp': 6, 'fp': 0, 'fn': 1}","{'p': 0.75, 'r': 0.86, 'f1': 0.8}","{'tp': 6, 'fp': 2, 'fn': 1}","{'p': 1.0, 'r': 0.57, 'f1': 0.73}","{'tp': 4, 'fp': 0, 'fn': 3}","{'p': 1.0, 'r': 0.57, 'f1': 0.73}","{'tp': 4, 'fp': 0, 'fn': 3}"
71,NCT03916029,ear and hearing problems,"hearing loss, conductive|otitis media",ear and hearing problems|ear and hearing health|torres strait islander,ear and hearing problems,ear and hearing health,"{'p': 0.33, 'r': 1.0, 'f1': 0.5}","{'tp': 1, 'fp': 2, 'fn': 0}","{'p': 1.0, 'r': 1.0, 'f1': 1.0}","{'tp': 1, 'fp': 0, 'fn': 0}","{'p': 0.0, 'r': 0.0, 'f1': 0}","{'tp': 0, 'fp': 1, 'fn': 1}","{'p': 0.0, 'r': 0.0, 'f1': 0}","{'tp': 0, 'fp': 2, 'fn': 1}","{'p': 0.5, 'r': 1.0, 'f1': 0.67}","{'tp': 1, 'fp': 1, 'fn': 0}","{'p': 1.0, 'r': 1.0, 'f1': 1.0}","{'tp': 1, 'fp': 0, 'fn': 0}","{'p': 1.0, 'r': 1.0, 'f1': 1.0}","{'tp': 1, 'fp': 0, 'fn': 0}","{'p': 0.0, 'r': 0.0, 'f1': 0}","{'tp': 0, 'fp': 2, 'fn': 1}"
72,NCT00818428,speech sounds disorders|speech sound disorders,developmental articulation disorder|dyslexia|articulation disorders|articulation disorders,speech sounds disorders|speech sound disorders|reading disability|phonological awareness deficits|dyslexia,speech sounds disorders|speech sound disorders|awareness deficits|reading disability|dyslexia,speech sound disorders|dyslexia|phonological awareness|reading disability,"{'p': 0.4, 'r': 1.0, 'f1': 0.57}","{'tp': 2, 'fp': 3, 'fn': 0}","{'p': 0.4, 'r': 1.0, 'f1': 0.57}","{'tp': 2, 'fp': 3, 'fn': 0}","{'p': 0.25, 'r': 0.5, 'f1': 0.33}","{'tp': 1, 'fp': 3, 'fn': 1}","{'p': 0.0, 'r': 0.0, 'f1': 0}","{'tp': 0, 'fp': 3, 'fn': 2}","{'p': 0.4, 'r': 1.0, 'f1': 0.57}","{'tp': 2, 'fp': 3, 'fn': 0}","{'p': 0.4, 'r': 1.0, 'f1': 0.57}","{'tp': 2, 'fp': 3, 'fn': 0}","{'p': 0.4, 'r': 1.0, 'f1': 0.57}","{'tp': 2, 'fp': 3, 'fn': 0}","{'p': 0.0, 'r': 0.0, 'f1': 0}","{'tp': 0, 'fp': 3, 'fn': 2}"
73,NCT05490576,chronic traumatic encephalopathy|traumatic encephalopathy syndrome,"chronic traumatic encephalopathy|cognitive impairment|head injury trauma|neurodegenerative diseases|traumatic encephalopathy|brain injuries, traumatic",chronic traumatic encephalopathy|traumatic encephalopathy syndrome,tra|chronic traumatic encephalopathy|traumatic encephalopathy syndrome,traumatic encephalopathy syndrome,"{'p': 1.0, 'r': 1.0, 'f1': 1.0}","{'tp': 2, 'fp': 0, 'fn': 0}","{'p': 0.67, 'r': 1.0, 'f1': 0.8}","{'tp': 2, 'fp': 1, 'fn': 0}","{'p': 1.0, 'r': 0.5, 'f1': 0.67}","{'tp': 1, 'fp': 0, 'fn': 1}","{'p': 0.17, 'r': 0.5, 'f1': 0.25}","{'tp': 1, 'fp': 5, 'fn': 1}","{'p': 1.0, 'r': 1.0, 'f1': 1.0}","{'tp': 2, 'fp': 0, 'fn': 0}","{'p': 0.67, 'r': 1.0, 'f1': 0.8}","{'tp': 2, 'fp': 1, 'fn': 0}","{'p': 1.0, 'r': 1.0, 'f1': 1.0}","{'tp': 2, 'fp': 0, 'fn': 0}","{'p': 0.33, 'r': 1.0, 'f1': 0.5}","{'tp': 2, 'fp': 4, 'fn': 0}"
74,NCT04210063,spinal cord injuries,spinal cord injuries,spinal cord injuries,spinal cord injuries,spinal cord injuries,"{'p': 1.0, 'r': 1.0, 'f1': 1.0}","{'tp': 1, 'fp': 0, 'fn': 0}","{'p': 1.0, 'r': 1.0, 'f1': 1.0}","{'tp': 1, 'fp': 0, 'fn': 0}","{'p': 1.0, 'r': 1.0, 'f1': 1.0}","{'tp': 1, 'fp': 0, 'fn': 0}","{'p': 1.0, 'r': 1.0, 'f1': 1.0}","{'tp': 1, 'fp': 0, 'fn': 0}","{'p': 1.0, 'r': 1.0, 'f1': 1.0}","{'tp': 1, 'fp': 0, 'fn': 0}","{'p': 1.0, 'r': 1.0, 'f1': 1.0}","{'tp': 1, 'fp': 0, 'fn': 0}","{'p': 1.0, 'r': 1.0, 'f1': 1.0}","{'tp': 1, 'fp': 0, 'fn': 0}","{'p': 1.0, 'r': 1.0, 'f1': 1.0}","{'tp': 1, 'fp': 0, 'fn': 0}"
75,NCT00608660,bell palsy,bell palsy,bell palsy,bell palsy,bell palsy,"{'p': 1.0, 'r': 1.0, 'f1': 1.0}","{'tp': 1, 'fp': 0, 'fn': 0}","{'p': 1.0, 'r': 1.0, 'f1': 1.0}","{'tp': 1, 'fp': 0, 'fn': 0}","{'p': 1.0, 'r': 1.0, 'f1': 1.0}","{'tp': 1, 'fp': 0, 'fn': 0}","{'p': 1.0, 'r': 1.0, 'f1': 1.0}","{'tp': 1, 'fp': 0, 'fn': 0}","{'p': 1.0, 'r': 1.0, 'f1': 1.0}","{'tp': 1, 'fp': 0, 'fn': 0}","{'p': 1.0, 'r': 1.0, 'f1': 1.0}","{'tp': 1, 'fp': 0, 'fn': 0}","{'p': 1.0, 'r': 1.0, 'f1': 1.0}","{'tp': 1, 'fp': 0, 'fn': 0}","{'p': 1.0, 'r': 1.0, 'f1': 1.0}","{'tp': 1, 'fp': 0, 'fn': 0}"
76,NCT00142324,dementia|agitation|alzheimer disease,alzheimer disease,dementia|agitation|alzheimer disease,dementia|agitation|alzheimer disease,alzheimer disease|agitation in dementia,"{'p': 1.0, 'r': 1.0, 'f1': 1.0}","{'tp': 3, 'fp': 0, 'fn': 0}","{'p': 1.0, 'r': 1.0, 'f1': 1.0}","{'tp': 3, 'fp': 0, 'fn': 0}","{'p': 0.5, 'r': 0.33, 'f1': 0.4}","{'tp': 1, 'fp': 1, 'fn': 2}","{'p': 1.0, 'r': 0.33, 'f1': 0.5}","{'tp': 1, 'fp': 0, 'fn': 2}","{'p': 1.0, 'r': 1.0, 'f1': 1.0}","{'tp': 3, 'fp': 0, 'fn': 0}","{'p': 1.0, 'r': 1.0, 'f1': 1.0}","{'tp': 3, 'fp': 0, 'fn': 0}","{'p': 1.0, 'r': 1.0, 'f1': 1.0}","{'tp': 3, 'fp': 0, 'fn': 0}","{'p': 1.0, 'r': 0.33, 'f1': 0.5}","{'tp': 1, 'fp': 0, 'fn': 2}"
77,NCT03893214,fear of heights|acrophobia|phobias|phobia|height avoidance,acrophobia,fear|fear of heights|anxiety|acrophobia|phobias,acrophobia|anxiety|phobias|fear,acrophobia,"{'p': 0.6, 'r': 0.6, 'f1': 0.6}","{'tp': 3, 'fp': 2, 'fn': 2}","{'p': 0.5, 'r': 0.4, 'f1': 0.44}","{'tp': 2, 'fp': 2, 'fn': 3}","{'p': 1.0, 'r': 0.2, 'f1': 0.33}","{'tp': 1, 'fp': 0, 'fn': 4}","{'p': 1.0, 'r': 0.2, 'f1': 0.33}","{'tp': 1, 'fp': 0, 'fn': 4}","{'p': 0.6, 'r': 0.6, 'f1': 0.6}","{'tp': 3, 'fp': 2, 'fn': 2}","{'p': 0.5, 'r': 0.4, 'f1': 0.44}","{'tp': 2, 'fp': 2, 'fn': 3}","{'p': 1.0, 'r': 0.2, 'f1': 0.33}","{'tp': 1, 'fp': 0, 'fn': 4}","{'p': 1.0, 'r': 0.2, 'f1': 0.33}","{'tp': 1, 'fp': 0, 'fn': 4}"
78,NCT04777500,pain|fibromyalgia,fibromyalgia,fibromyalgia|fibromyalgia pain,fibromyalgia|fibromyalgia pain,fibromyalgia,"{'p': 0.5, 'r': 0.5, 'f1': 0.5}","{'tp': 1, 'fp': 1, 'fn': 1}","{'p': 0.5, 'r': 0.5, 'f1': 0.5}","{'tp': 1, 'fp': 1, 'fn': 1}","{'p': 1.0, 'r': 0.5, 'f1': 0.67}","{'tp': 1, 'fp': 0, 'fn': 1}","{'p': 1.0, 'r': 0.5, 'f1': 0.67}","{'tp': 1, 'fp': 0, 'fn': 1}","{'p': 1.0, 'r': 1.0, 'f1': 1.0}","{'tp': 2, 'fp': 0, 'fn': 0}","{'p': 1.0, 'r': 1.0, 'f1': 1.0}","{'tp': 2, 'fp': 0, 'fn': 0}","{'p': 1.0, 'r': 0.5, 'f1': 0.67}","{'tp': 1, 'fp': 0, 'fn': 1}","{'p': 1.0, 'r': 0.5, 'f1': 0.67}","{'tp': 1, 'fp': 0, 'fn': 1}"
79,NCT02957708,cerebral palsy|hemiplegic cerebral palsy,cerebral palsy,cerebral palsy|hemiplegic cerebral palsy,hemiplegic cerebral palsy,hemiplegic cerebral palsy,"{'p': 1.0, 'r': 1.0, 'f1': 1.0}","{'tp': 2, 'fp': 0, 'fn': 0}","{'p': 1.0, 'r': 0.5, 'f1': 0.67}","{'tp': 1, 'fp': 0, 'fn': 1}","{'p': 1.0, 'r': 0.5, 'f1': 0.67}","{'tp': 1, 'fp': 0, 'fn': 1}","{'p': 1.0, 'r': 0.5, 'f1': 0.67}","{'tp': 1, 'fp': 0, 'fn': 1}","{'p': 1.0, 'r': 1.0, 'f1': 1.0}","{'tp': 2, 'fp': 0, 'fn': 0}","{'p': 1.0, 'r': 1.0, 'f1': 1.0}","{'tp': 2, 'fp': 0, 'fn': 0}","{'p': 1.0, 'r': 1.0, 'f1': 1.0}","{'tp': 2, 'fp': 0, 'fn': 0}","{'p': 1.0, 'r': 1.0, 'f1': 1.0}","{'tp': 2, 'fp': 0, 'fn': 0}"
80,NCT00909012,phenylketonurias|phenylketonuria,phenylketonurias|phenylketonuria,phenylketonurias|phenylketonuria,phenylketonurias|phenylketonuria|classical pku,phenylketonurias|phenylketonuria|pku,"{'p': 1.0, 'r': 1.0, 'f1': 1.0}","{'tp': 2, 'fp': 0, 'fn': 0}","{'p': 0.67, 'r': 1.0, 'f1': 0.8}","{'tp': 2, 'fp': 1, 'fn': 0}","{'p': 0.67, 'r': 1.0, 'f1': 0.8}","{'tp': 2, 'fp': 1, 'fn': 0}","{'p': 1.0, 'r': 1.0, 'f1': 1.0}","{'tp': 2, 'fp': 0, 'fn': 0}","{'p': 1.0, 'r': 1.0, 'f1': 1.0}","{'tp': 2, 'fp': 0, 'fn': 0}","{'p': 0.67, 'r': 1.0, 'f1': 0.8}","{'tp': 2, 'fp': 1, 'fn': 0}","{'p': 0.67, 'r': 1.0, 'f1': 0.8}","{'tp': 2, 'fp': 1, 'fn': 0}","{'p': 1.0, 'r': 1.0, 'f1': 1.0}","{'tp': 2, 'fp': 0, 'fn': 0}"
81,NCT04955249,hip fracture surgery|delirium,dexmedetomidine|elderly|hip fracture surgery|patient-controlled analgesia|emergence delirium,hip fracture surgery|delirium,hip fracture surgery|delirium,delirium|hip fracture surgery,"{'p': 1.0, 'r': 1.0, 'f1': 1.0}","{'tp': 2, 'fp': 0, 'fn': 0}","{'p': 1.0, 'r': 1.0, 'f1': 1.0}","{'tp': 2, 'fp': 0, 'fn': 0}","{'p': 1.0, 'r': 1.0, 'f1': 1.0}","{'tp': 2, 'fp': 0, 'fn': 0}","{'p': 0.2, 'r': 0.5, 'f1': 0.29}","{'tp': 1, 'fp': 4, 'fn': 1}","{'p': 1.0, 'r': 1.0, 'f1': 1.0}","{'tp': 2, 'fp': 0, 'fn': 0}","{'p': 1.0, 'r': 1.0, 'f1': 1.0}","{'tp': 2, 'fp': 0, 'fn': 0}","{'p': 1.0, 'r': 1.0, 'f1': 1.0}","{'tp': 2, 'fp': 0, 'fn': 0}","{'p': 0.4, 'r': 1.0, 'f1': 0.57}","{'tp': 2, 'fp': 3, 'fn': 0}"
82,NCT00252850,parkinson disease,parkinson disease,parkinson disease,parkinson disease,parkinson disease,"{'p': 1.0, 'r': 1.0, 'f1': 1.0}","{'tp': 1, 'fp': 0, 'fn': 0}","{'p': 1.0, 'r': 1.0, 'f1': 1.0}","{'tp': 1, 'fp': 0, 'fn': 0}","{'p': 1.0, 'r': 1.0, 'f1': 1.0}","{'tp': 1, 'fp': 0, 'fn': 0}","{'p': 1.0, 'r': 1.0, 'f1': 1.0}","{'tp': 1, 'fp': 0, 'fn': 0}","{'p': 1.0, 'r': 1.0, 'f1': 1.0}","{'tp': 1, 'fp': 0, 'fn': 0}","{'p': 1.0, 'r': 1.0, 'f1': 1.0}","{'tp': 1, 'fp': 0, 'fn': 0}","{'p': 1.0, 'r': 1.0, 'f1': 1.0}","{'tp': 1, 'fp': 0, 'fn': 0}","{'p': 1.0, 'r': 1.0, 'f1': 1.0}","{'tp': 1, 'fp': 0, 'fn': 0}"
83,NCT02840643,hemiplegia|unilateral brain injury,cerebral palsy|hemiplegia,hemiplegia|unilateral brain injury,unilateral brain injury,unilateral brain injury|hemiplegia therapy,"{'p': 1.0, 'r': 1.0, 'f1': 1.0}","{'tp': 2, 'fp': 0, 'fn': 0}","{'p': 1.0, 'r': 0.5, 'f1': 0.67}","{'tp': 1, 'fp': 0, 'fn': 1}","{'p': 0.5, 'r': 0.5, 'f1': 0.5}","{'tp': 1, 'fp': 1, 'fn': 1}","{'p': 0.5, 'r': 0.5, 'f1': 0.5}","{'tp': 1, 'fp': 1, 'fn': 1}","{'p': 1.0, 'r': 1.0, 'f1': 1.0}","{'tp': 2, 'fp': 0, 'fn': 0}","{'p': 1.0, 'r': 0.5, 'f1': 0.67}","{'tp': 1, 'fp': 0, 'fn': 1}","{'p': 1.0, 'r': 1.0, 'f1': 1.0}","{'tp': 2, 'fp': 0, 'fn': 0}","{'p': 0.5, 'r': 0.5, 'f1': 0.5}","{'tp': 1, 'fp': 1, 'fn': 1}"
84,NCT00120588,"preterm birth|preterm|leukomalacia, periventricular","brain ischemia|intracranial hemorrhages|leukomalacia, periventricular|preterm birth","preterm birth|cerebral palsy|inflammatory cerebral lesions|acquired hypoxic-ischemic and /|preterm|leukomalacia, periventricular","hypoxic-ischemic and|cerebral palsy|cerebral lesions|very preterm|preterm birth|leukomalacia, periventricular","leukomalacia, periventricular","{'p': 0.5, 'r': 1.0, 'f1': 0.67}","{'tp': 3, 'fp': 3, 'fn': 0}","{'p': 0.33, 'r': 0.67, 'f1': 0.44}","{'tp': 2, 'fp': 4, 'fn': 1}","{'p': 1.0, 'r': 0.33, 'f1': 0.5}","{'tp': 1, 'fp': 0, 'fn': 2}","{'p': 0.5, 'r': 0.67, 'f1': 0.57}","{'tp': 2, 'fp': 2, 'fn': 1}","{'p': 0.5, 'r': 1.0, 'f1': 0.67}","{'tp': 3, 'fp': 3, 'fn': 0}","{'p': 0.5, 'r': 1.0, 'f1': 0.67}","{'tp': 3, 'fp': 3, 'fn': 0}","{'p': 1.0, 'r': 0.33, 'f1': 0.5}","{'tp': 1, 'fp': 0, 'fn': 2}","{'p': 0.6, 'r': 1.0, 'f1': 0.75}","{'tp': 3, 'fp': 2, 'fn': 0}"
85,NCT03755362,mild to moderate cognitive impairment|mild cognitive impairment|dementia|asymptomatic carotid artery stenosis|moderate cognitive impairment|periodontal disease,carotid stenosis|mild cognitive impairment|periodontitis,mild to moderate cognitive impairment|periodontitis|mild cognitive impairment|dementia|asymptomatic carotid artery stenosis|moderate cognitive impairment|periodontal disease,mild to moderate cognitive impairment|periodontitis|mild cognitive impairment|dementia|asymptomatic carotid artery stenosis|moderate cognitive impairment|periodontal disease,periodontitis|dementia|older adults|asymptomatic carotid artery stenosis|mild cognitive impairment|periodontal disease|pd|tobacco smoking|diabetes|atherosclerosis|inflammation|comorbidities|older people|oral hygiene|dental health|inflammation-mediated brain|nervous system function|progression to dementia|asymptomatic carotid artery stenosis|acas|intensive therapy|cognition|high-risk older people|readily modifiable risk factor|dementia,"{'p': 0.86, 'r': 1.0, 'f1': 0.92}","{'tp': 6, 'fp': 1, 'fn': 0}","{'p': 0.86, 'r': 1.0, 'f1': 0.92}","{'tp': 6, 'fp': 1, 'fn': 0}","{'p': 0.17, 'r': 0.67, 'f1': 0.28}","{'tp': 4, 'fp': 19, 'fn': 2}","{'p': 0.33, 'r': 0.17, 'f1': 0.22}","{'tp': 1, 'fp': 2, 'fn': 5}","{'p': 0.86, 'r': 1.0, 'f1': 0.92}","{'tp': 6, 'fp': 1, 'fn': 0}","{'p': 0.86, 'r': 1.0, 'f1': 0.92}","{'tp': 6, 'fp': 1, 'fn': 0}","{'p': 0.25, 'r': 1.0, 'f1': 0.4}","{'tp': 6, 'fp': 18, 'fn': 0}","{'p': 0.6, 'r': 0.5, 'f1': 0.55}","{'tp': 3, 'fp': 2, 'fn': 3}"
86,NCT00506415,alzheimer disease|mild to moderate alzheimer's disease|functional and cognitive decline,alzheimer disease,alzheimer disease|mild to moderate alzheimer's disease|alzheimer disease|functional and cognitive decline,mild to moderate alzheimer's disease|alzheimer disease|functional and cognitive decline,alzheimer disease,"{'p': 1.0, 'r': 1.0, 'f1': 1.0}","{'tp': 3, 'fp': 0, 'fn': 0}","{'p': 1.0, 'r': 1.0, 'f1': 1.0}","{'tp': 3, 'fp': 0, 'fn': 0}","{'p': 1.0, 'r': 0.33, 'f1': 0.5}","{'tp': 1, 'fp': 0, 'fn': 2}","{'p': 1.0, 'r': 0.33, 'f1': 0.5}","{'tp': 1, 'fp': 0, 'fn': 2}","{'p': 1.0, 'r': 1.0, 'f1': 1.0}","{'tp': 3, 'fp': 0, 'fn': 0}","{'p': 1.0, 'r': 1.0, 'f1': 1.0}","{'tp': 3, 'fp': 0, 'fn': 0}","{'p': 1.0, 'r': 0.33, 'f1': 0.5}","{'tp': 1, 'fp': 0, 'fn': 2}","{'p': 1.0, 'r': 0.33, 'f1': 0.5}","{'tp': 1, 'fp': 0, 'fn': 2}"
87,NCT01344447,vascular disease of the supra-aortic vessels,carotid stenosis,vascular disease of the supra-aortic vessels,aortic|known or suspected vascular disease of the su,vascular disease of the supra-aortic vessels,"{'p': 1.0, 'r': 1.0, 'f1': 1.0}","{'tp': 1, 'fp': 0, 'fn': 0}","{'p': 0.0, 'r': 0.0, 'f1': 0}","{'tp': 0, 'fp': 2, 'fn': 1}","{'p': 1.0, 'r': 1.0, 'f1': 1.0}","{'tp': 1, 'fp': 0, 'fn': 0}","{'p': 0.0, 'r': 0.0, 'f1': 0}","{'tp': 0, 'fp': 1, 'fn': 1}","{'p': 1.0, 'r': 1.0, 'f1': 1.0}","{'tp': 1, 'fp': 0, 'fn': 0}","{'p': 0.5, 'r': 1.0, 'f1': 0.67}","{'tp': 1, 'fp': 1, 'fn': 0}","{'p': 1.0, 'r': 1.0, 'f1': 1.0}","{'tp': 1, 'fp': 0, 'fn': 0}","{'p': 0.0, 'r': 0.0, 'f1': 0}","{'tp': 0, 'fp': 1, 'fn': 1}"
88,NCT04184206,major depressive disorder|depression,"attention training|depression|symptoms, affective|symptoms, behavioral|neurobehavioral manifestations",major depressive disorder|depression,major depressive disorder|depression,depression,"{'p': 1.0, 'r': 1.0, 'f1': 1.0}","{'tp': 2, 'fp': 0, 'fn': 0}","{'p': 1.0, 'r': 1.0, 'f1': 1.0}","{'tp': 2, 'fp': 0, 'fn': 0}","{'p': 1.0, 'r': 0.5, 'f1': 0.67}","{'tp': 1, 'fp': 0, 'fn': 1}","{'p': 0.2, 'r': 0.5, 'f1': 0.29}","{'tp': 1, 'fp': 4, 'fn': 1}","{'p': 1.0, 'r': 1.0, 'f1': 1.0}","{'tp': 2, 'fp': 0, 'fn': 0}","{'p': 1.0, 'r': 1.0, 'f1': 1.0}","{'tp': 2, 'fp': 0, 'fn': 0}","{'p': 1.0, 'r': 0.5, 'f1': 0.67}","{'tp': 1, 'fp': 0, 'fn': 1}","{'p': 0.2, 'r': 0.5, 'f1': 0.29}","{'tp': 1, 'fp': 4, 'fn': 1}"
89,NCT03540602,,myalgia,,,recovery process|resistance exercise,"{'p': 0, 'r': 0, 'f1': 0}","{'tp': 0, 'fp': 0, 'fn': 0}","{'p': 0, 'r': 0, 'f1': 0}","{'tp': 0, 'fp': 0, 'fn': 0}","{'p': 0.0, 'r': 0.0, 'f1': 0}","{'tp': 0, 'fp': 2, 'fn': 1}","{'p': 0.0, 'r': 0.0, 'f1': 0}","{'tp': 0, 'fp': 1, 'fn': 1}","{'p': 0, 'r': 0, 'f1': 0}","{'tp': 0, 'fp': 0, 'fn': 0}","{'p': 0, 'r': 0, 'f1': 0}","{'tp': 0, 'fp': 0, 'fn': 0}","{'p': 0.0, 'r': 0.0, 'f1': 0}","{'tp': 0, 'fp': 2, 'fn': 1}","{'p': 0.0, 'r': 0.0, 'f1': 0}","{'tp': 0, 'fp': 1, 'fn': 1}"
