,nct_id,canonical_unique_conditions,canonical_aact_conditions,canonical_BioLinkBERT-base_conditions,canonical_biobert-v1.1_conditions,canonical_gpt_conditions,canonical_gpt-4_conditions,eval_exact_match_BioLinkBERT-base,eval_exact_match_BioLinkBERT-base_tp_fp_fn,eval_exact_match_biobert-v1.1,eval_exact_match_biobert-v1.1_tp_fp_fn,eval_exact_match_gpt,eval_exact_match_gpt_tp_fp_fn,eval_exact_match_gpt-4,eval_exact_match_gpt-4_tp_fp_fn,eval_exact_match_aact,eval_exact_match_aact_tp_fp_fn,eval_majority_BioLinkBERT-base,eval_majority_BioLinkBERT-base_tp_fp_fn,eval_majority_biobert-v1.1,eval_majority_biobert-v1.1_tp_fp_fn,eval_majority_gpt,eval_majority_gpt_tp_fp_fn,eval_majority_gpt-4,eval_majority_gpt-4_tp_fp_fn,eval_majority_aact,eval_majority_aact_tp_fp_fn
0,NCT04849741,alexander disease|axd.,alexander disease,alexander disease|axd,alexander disease|axd,alexander disease,alexander disease|gross motor function,"{'p': 0.5, 'r': 0.5, 'f1': 0.5}","{'tp': 1, 'fp': 1, 'fn': 1}","{'p': 0.5, 'r': 0.5, 'f1': 0.5}","{'tp': 1, 'fp': 1, 'fn': 1}","{'p': 1.0, 'r': 0.5, 'f1': 0.67}","{'tp': 1, 'fp': 0, 'fn': 1}","{'p': 0.5, 'r': 0.5, 'f1': 0.5}","{'tp': 1, 'fp': 1, 'fn': 1}","{'p': 1.0, 'r': 0.5, 'f1': 0.67}","{'tp': 1, 'fp': 0, 'fn': 1}","{'p': 0.5, 'r': 0.5, 'f1': 0.5}","{'tp': 1, 'fp': 1, 'fn': 1}","{'p': 0.5, 'r': 0.5, 'f1': 0.5}","{'tp': 1, 'fp': 1, 'fn': 1}","{'p': 1.0, 'r': 0.5, 'f1': 0.67}","{'tp': 1, 'fp': 0, 'fn': 1}","{'p': 0.5, 'r': 0.5, 'f1': 0.5}","{'tp': 1, 'fp': 1, 'fn': 1}","{'p': 1.0, 'r': 0.5, 'f1': 0.67}","{'tp': 1, 'fp': 0, 'fn': 1}"
1,NCT04576507,chronic pain|pain,cannabis|hyperalgesia|pain|tolerance,chronic pain|pain|hyperalgesia,chronic pain|pain,chronic pain|opioid use disorders|fatal overdoses|cannabinoids|delta-9-tetrahydrocannabinol|experimental pain|abuse-related effects|sleep|subjective mood assessments,chronic pain|opioid use disorders|hyperalgesia,"{'p': 0.67, 'r': 1.0, 'f1': 0.8}","{'tp': 2, 'fp': 1, 'fn': 0}","{'p': 1.0, 'r': 1.0, 'f1': 1.0}","{'tp': 2, 'fp': 0, 'fn': 0}","{'p': 0.11, 'r': 0.5, 'f1': 0.18}","{'tp': 1, 'fp': 8, 'fn': 1}","{'p': 0.33, 'r': 0.5, 'f1': 0.4}","{'tp': 1, 'fp': 2, 'fn': 1}","{'p': 0.25, 'r': 0.5, 'f1': 0.33}","{'tp': 1, 'fp': 3, 'fn': 1}","{'p': 0.67, 'r': 1.0, 'f1': 0.8}","{'tp': 2, 'fp': 1, 'fn': 0}","{'p': 1.0, 'r': 1.0, 'f1': 1.0}","{'tp': 2, 'fp': 0, 'fn': 0}","{'p': 0.22, 'r': 1.0, 'f1': 0.36}","{'tp': 2, 'fp': 7, 'fn': 0}","{'p': 0.5, 'r': 1.0, 'f1': 0.67}","{'tp': 2, 'fp': 2, 'fn': 0}","{'p': 0.25, 'r': 0.5, 'f1': 0.33}","{'tp': 1, 'fp': 3, 'fn': 1}"
2,NCT00261508,pervasive developmental disorders|autistic disorder,"asperger syndrome|autistic disorder|dcild development disorders, pervasive|developmental disabilities|rett syndrome",pervasive developmental disorders|autistic disorder,pervasive developmental disorders|autistic disorder,autistic disorder|pervasive developmental disorders|behavioral symptoms,autistic disorder|pervasive developmental disorders|behavioral symptoms,"{'p': 1.0, 'r': 1.0, 'f1': 1.0}","{'tp': 2, 'fp': 0, 'fn': 0}","{'p': 1.0, 'r': 1.0, 'f1': 1.0}","{'tp': 2, 'fp': 0, 'fn': 0}","{'p': 0.67, 'r': 1.0, 'f1': 0.8}","{'tp': 2, 'fp': 1, 'fn': 0}","{'p': 0.67, 'r': 1.0, 'f1': 0.8}","{'tp': 2, 'fp': 1, 'fn': 0}","{'p': 0.2, 'r': 0.5, 'f1': 0.29}","{'tp': 1, 'fp': 4, 'fn': 1}","{'p': 1.0, 'r': 1.0, 'f1': 1.0}","{'tp': 2, 'fp': 0, 'fn': 0}","{'p': 1.0, 'r': 1.0, 'f1': 1.0}","{'tp': 2, 'fp': 0, 'fn': 0}","{'p': 0.67, 'r': 1.0, 'f1': 0.8}","{'tp': 2, 'fp': 1, 'fn': 0}","{'p': 0.67, 'r': 1.0, 'f1': 0.8}","{'tp': 2, 'fp': 1, 'fn': 0}","{'p': 0.2, 'r': 0.5, 'f1': 0.29}","{'tp': 1, 'fp': 4, 'fn': 1}"
3,NCT01495923,lumbosacral radicular pain|lumbosacral radiculopathy,radiculopathy|sciatica,pain|lumbosacral radicular pain|lumbosacral radiculopathy,pain|lumbosacral radicular pain|lumbosacral radiculopathy,lumbosacral radiculopathy|lumbosacral radicular pain|epidural steroid injections|gabapentin,lumbosacral radiculopathy|lumbosacral radicular pain,"{'p': 0.67, 'r': 1.0, 'f1': 0.8}","{'tp': 2, 'fp': 1, 'fn': 0}","{'p': 0.67, 'r': 1.0, 'f1': 0.8}","{'tp': 2, 'fp': 1, 'fn': 0}","{'p': 0.5, 'r': 1.0, 'f1': 0.67}","{'tp': 2, 'fp': 2, 'fn': 0}","{'p': 1.0, 'r': 1.0, 'f1': 1.0}","{'tp': 2, 'fp': 0, 'fn': 0}","{'p': 0.0, 'r': 0.0, 'f1': 0}","{'tp': 0, 'fp': 2, 'fn': 2}","{'p': 0.67, 'r': 1.0, 'f1': 0.8}","{'tp': 2, 'fp': 1, 'fn': 0}","{'p': 0.67, 'r': 1.0, 'f1': 0.8}","{'tp': 2, 'fp': 1, 'fn': 0}","{'p': 0.5, 'r': 1.0, 'f1': 0.67}","{'tp': 2, 'fp': 2, 'fn': 0}","{'p': 1.0, 'r': 1.0, 'f1': 1.0}","{'tp': 2, 'fp': 0, 'fn': 0}","{'p': 0.0, 'r': 0.0, 'f1': 0}","{'tp': 0, 'fp': 2, 'fn': 2}"
4,NCT03150563,,"contracture of muscle, thigh|muscle rigidity|strain of hamstring muscle (disorder)",,,flexibility|neuromuscular performance|functional performance,,"{'p': 0, 'r': 0, 'f1': 0}","{'tp': 0, 'fp': 0, 'fn': 0}","{'p': 0, 'r': 0, 'f1': 0}","{'tp': 0, 'fp': 0, 'fn': 0}","{'p': 0.0, 'r': 0.0, 'f1': 0}","{'tp': 0, 'fp': 3, 'fn': 1}","{'p': 0, 'r': 0, 'f1': 0}","{'tp': 0, 'fp': 0, 'fn': 0}","{'p': 0.0, 'r': 0.0, 'f1': 0}","{'tp': 0, 'fp': 3, 'fn': 1}","{'p': 0, 'r': 0, 'f1': 0}","{'tp': 0, 'fp': 0, 'fn': 0}","{'p': 0, 'r': 0, 'f1': 0}","{'tp': 0, 'fp': 0, 'fn': 0}","{'p': 0.0, 'r': 0.0, 'f1': 0}","{'tp': 0, 'fp': 3, 'fn': 1}","{'p': 0, 'r': 0, 'f1': 0}","{'tp': 0, 'fp': 0, 'fn': 0}","{'p': 0.0, 'r': 0.0, 'f1': 0}","{'tp': 0, 'fp': 3, 'fn': 1}"
5,NCT05265377,gait impairment|acquired brain injury|spinal cord injuries,acquired brain injury|spinal cord injuries,gait impairment|acquired brain injury|spinal cord injuries,impairment|acquired brain injury|spinal cord injuries,gait impairment|acquired brain injury|spinal cord injuries,acquired brain injury|spinal cord injuries|gait impairment,"{'p': 1.0, 'r': 1.0, 'f1': 1.0}","{'tp': 3, 'fp': 0, 'fn': 0}","{'p': 0.67, 'r': 0.67, 'f1': 0.67}","{'tp': 2, 'fp': 1, 'fn': 1}","{'p': 1.0, 'r': 1.0, 'f1': 1.0}","{'tp': 3, 'fp': 0, 'fn': 0}","{'p': 1.0, 'r': 1.0, 'f1': 1.0}","{'tp': 3, 'fp': 0, 'fn': 0}","{'p': 1.0, 'r': 0.67, 'f1': 0.8}","{'tp': 2, 'fp': 0, 'fn': 1}","{'p': 1.0, 'r': 1.0, 'f1': 1.0}","{'tp': 3, 'fp': 0, 'fn': 0}","{'p': 0.67, 'r': 0.67, 'f1': 0.67}","{'tp': 2, 'fp': 1, 'fn': 1}","{'p': 1.0, 'r': 1.0, 'f1': 1.0}","{'tp': 3, 'fp': 0, 'fn': 0}","{'p': 1.0, 'r': 1.0, 'f1': 1.0}","{'tp': 3, 'fp': 0, 'fn': 0}","{'p': 1.0, 'r': 0.67, 'f1': 0.8}","{'tp': 2, 'fp': 0, 'fn': 1}"
6,NCT03170856,concussion,"brain concussion|concussion, mild|concussion, severe|exertion; excess",concussion,concussion,concussion|cerebrovascular function|heart rate|symptom severity|exercise volume,concussion|cerebrovascular function|heart rate|symptom severity|exercise volume,"{'p': 1.0, 'r': 1.0, 'f1': 1.0}","{'tp': 1, 'fp': 0, 'fn': 0}","{'p': 1.0, 'r': 1.0, 'f1': 1.0}","{'tp': 1, 'fp': 0, 'fn': 0}","{'p': 0.2, 'r': 1.0, 'f1': 0.33}","{'tp': 1, 'fp': 4, 'fn': 0}","{'p': 0.2, 'r': 1.0, 'f1': 0.33}","{'tp': 1, 'fp': 4, 'fn': 0}","{'p': 0.0, 'r': 0.0, 'f1': 0}","{'tp': 0, 'fp': 4, 'fn': 1}","{'p': 1.0, 'r': 1.0, 'f1': 1.0}","{'tp': 1, 'fp': 0, 'fn': 0}","{'p': 1.0, 'r': 1.0, 'f1': 1.0}","{'tp': 1, 'fp': 0, 'fn': 0}","{'p': 0.2, 'r': 1.0, 'f1': 0.33}","{'tp': 1, 'fp': 4, 'fn': 0}","{'p': 0.2, 'r': 1.0, 'f1': 0.33}","{'tp': 1, 'fp': 4, 'fn': 0}","{'p': 0.25, 'r': 1.0, 'f1': 0.4}","{'tp': 1, 'fp': 3, 'fn': 0}"
7,NCT01421056,mild cognitive impairment,alzheimer disease,mild cognitive impairment,mild cognitive impairment,,mild cognitive impairment,"{'p': 1.0, 'r': 1.0, 'f1': 1.0}","{'tp': 1, 'fp': 0, 'fn': 0}","{'p': 1.0, 'r': 1.0, 'f1': 1.0}","{'tp': 1, 'fp': 0, 'fn': 0}","{'p': 0.0, 'r': 0.0, 'f1': 0}","{'tp': 0, 'fp': 1, 'fn': 1}","{'p': 1.0, 'r': 1.0, 'f1': 1.0}","{'tp': 1, 'fp': 0, 'fn': 0}","{'p': 0.0, 'r': 0.0, 'f1': 0}","{'tp': 0, 'fp': 1, 'fn': 1}","{'p': 1.0, 'r': 1.0, 'f1': 1.0}","{'tp': 1, 'fp': 0, 'fn': 0}","{'p': 1.0, 'r': 1.0, 'f1': 1.0}","{'tp': 1, 'fp': 0, 'fn': 0}","{'p': 0.0, 'r': 0.0, 'f1': 0}","{'tp': 0, 'fp': 1, 'fn': 1}","{'p': 1.0, 'r': 1.0, 'f1': 1.0}","{'tp': 1, 'fp': 0, 'fn': 0}","{'p': 0.0, 'r': 0.0, 'f1': 0}","{'tp': 0, 'fp': 1, 'fn': 1}"
8,NCT04446416,recurrent glioblastoma multiforme|rgbm,"brain neoplasms|glioblastoma|glioblastoma multiforme|glioma|neoplasms|neoplasms, nerve tissue",recurrent glioblastoma multiforme|rgbm,recurrent glioblastoma multiforme|rgbm,glioblastoma multiforme|recurrent glioblastoma multiforme|rgbm,recurrent glioblastoma multiforme|rgbm,"{'p': 1.0, 'r': 1.0, 'f1': 1.0}","{'tp': 2, 'fp': 0, 'fn': 0}","{'p': 1.0, 'r': 1.0, 'f1': 1.0}","{'tp': 2, 'fp': 0, 'fn': 0}","{'p': 0.67, 'r': 1.0, 'f1': 0.8}","{'tp': 2, 'fp': 1, 'fn': 0}","{'p': 1.0, 'r': 1.0, 'f1': 1.0}","{'tp': 2, 'fp': 0, 'fn': 0}","{'p': 0.0, 'r': 0.0, 'f1': 0}","{'tp': 0, 'fp': 6, 'fn': 2}","{'p': 1.0, 'r': 1.0, 'f1': 1.0}","{'tp': 2, 'fp': 0, 'fn': 0}","{'p': 1.0, 'r': 1.0, 'f1': 1.0}","{'tp': 2, 'fp': 0, 'fn': 0}","{'p': 1.0, 'r': 1.0, 'f1': 1.0}","{'tp': 2, 'fp': 0, 'fn': 0}","{'p': 1.0, 'r': 1.0, 'f1': 1.0}","{'tp': 2, 'fp': 0, 'fn': 0}","{'p': 0.17, 'r': 0.5, 'f1': 0.25}","{'tp': 1, 'fp': 5, 'fn': 1}"
9,NCT04212260,"sleep apnea, obstructive|post-stroke|stroke","apnea|sleep apnea syndromes|sleep apnea, obstructive|stroke|ischemic attack, transient","sleep apnea, obstructive|stroke|post-stroke","sleep apnea, obstructive|stroke|post-stroke","obstructive sleep apnea after stroke|stroke|sleep apnea, obstructive|oropharyngeal muscles|continuous positive airway pressure",obstructive sleep apnea after stroke,"{'p': 1.0, 'r': 1.0, 'f1': 1.0}","{'tp': 3, 'fp': 0, 'fn': 0}","{'p': 1.0, 'r': 1.0, 'f1': 1.0}","{'tp': 3, 'fp': 0, 'fn': 0}","{'p': 0.4, 'r': 0.67, 'f1': 0.5}","{'tp': 2, 'fp': 3, 'fn': 1}","{'p': 0.0, 'r': 0.0, 'f1': 0}","{'tp': 0, 'fp': 1, 'fn': 3}","{'p': 0.4, 'r': 0.67, 'f1': 0.5}","{'tp': 2, 'fp': 3, 'fn': 1}","{'p': 1.0, 'r': 1.0, 'f1': 1.0}","{'tp': 3, 'fp': 0, 'fn': 0}","{'p': 1.0, 'r': 1.0, 'f1': 1.0}","{'tp': 3, 'fp': 0, 'fn': 0}","{'p': 0.5, 'r': 0.67, 'f1': 0.57}","{'tp': 2, 'fp': 2, 'fn': 1}","{'p': 1.0, 'r': 0.67, 'f1': 0.8}","{'tp': 2, 'fp': 0, 'fn': 1}","{'p': 0.4, 'r': 0.67, 'f1': 0.5}","{'tp': 2, 'fp': 3, 'fn': 1}"
10,NCT01475578,"dementia, vascular|marrow-sea deficiency","dementia, vascular","dementia, vascular|marrow-sea deficiency","dementia, vascular|marrow-sea deficiency","dementia, vascular|marrow-sea deficiency","dementia, vascular|marrow-sea deficiency","{'p': 1.0, 'r': 1.0, 'f1': 1.0}","{'tp': 2, 'fp': 0, 'fn': 0}","{'p': 1.0, 'r': 1.0, 'f1': 1.0}","{'tp': 2, 'fp': 0, 'fn': 0}","{'p': 1.0, 'r': 1.0, 'f1': 1.0}","{'tp': 2, 'fp': 0, 'fn': 0}","{'p': 1.0, 'r': 1.0, 'f1': 1.0}","{'tp': 2, 'fp': 0, 'fn': 0}","{'p': 1.0, 'r': 0.5, 'f1': 0.67}","{'tp': 1, 'fp': 0, 'fn': 1}","{'p': 1.0, 'r': 1.0, 'f1': 1.0}","{'tp': 2, 'fp': 0, 'fn': 0}","{'p': 1.0, 'r': 1.0, 'f1': 1.0}","{'tp': 2, 'fp': 0, 'fn': 0}","{'p': 1.0, 'r': 1.0, 'f1': 1.0}","{'tp': 2, 'fp': 0, 'fn': 0}","{'p': 1.0, 'r': 1.0, 'f1': 1.0}","{'tp': 2, 'fp': 0, 'fn': 0}","{'p': 1.0, 'r': 0.5, 'f1': 0.67}","{'tp': 1, 'fp': 0, 'fn': 1}"
11,NCT02029547,,alzheimer disease,,,,,"{'p': 0, 'r': 0, 'f1': 0}","{'tp': 0, 'fp': 0, 'fn': 0}","{'p': 0, 'r': 0, 'f1': 0}","{'tp': 0, 'fp': 0, 'fn': 0}","{'p': 0, 'r': 0, 'f1': 0}","{'tp': 0, 'fp': 0, 'fn': 0}","{'p': 0, 'r': 0, 'f1': 0}","{'tp': 0, 'fp': 0, 'fn': 0}","{'p': 0.0, 'r': 0.0, 'f1': 0}","{'tp': 0, 'fp': 1, 'fn': 1}","{'p': 0, 'r': 0, 'f1': 0}","{'tp': 0, 'fp': 0, 'fn': 0}","{'p': 0, 'r': 0, 'f1': 0}","{'tp': 0, 'fp': 0, 'fn': 0}","{'p': 0, 'r': 0, 'f1': 0}","{'tp': 0, 'fp': 0, 'fn': 0}","{'p': 0, 'r': 0, 'f1': 0}","{'tp': 0, 'fp': 0, 'fn': 0}","{'p': 0.0, 'r': 0.0, 'f1': 0}","{'tp': 0, 'fp': 1, 'fn': 1}"
12,NCT02914951,intellectual disability|autism spectrum disorders|autism spectrum disorder|disruptive behavior,autism|intellectual disability,autism spectrum disorders|autism spectrum disorder|intellectual disability|disruptive behavior|irritability,intellectual disability|autism spectrum disorders|autism spectrum disorder|disruptive behavior,irritability|tantrums|noncompliance|aggression,autism spectrum disorder|irritability|tantrums|noncompliance|aggression|disruptive behavior|social perception|emotion regulation,"{'p': 0.8, 'r': 1.0, 'f1': 0.89}","{'tp': 4, 'fp': 1, 'fn': 0}","{'p': 1.0, 'r': 1.0, 'f1': 1.0}","{'tp': 4, 'fp': 0, 'fn': 0}","{'p': 0.0, 'r': 0.0, 'f1': 0}","{'tp': 0, 'fp': 4, 'fn': 4}","{'p': 0.25, 'r': 0.5, 'f1': 0.33}","{'tp': 2, 'fp': 6, 'fn': 2}","{'p': 0.5, 'r': 0.25, 'f1': 0.33}","{'tp': 1, 'fp': 1, 'fn': 3}","{'p': 0.8, 'r': 1.0, 'f1': 0.89}","{'tp': 4, 'fp': 1, 'fn': 0}","{'p': 1.0, 'r': 1.0, 'f1': 1.0}","{'tp': 4, 'fp': 0, 'fn': 0}","{'p': 0.0, 'r': 0.0, 'f1': 0}","{'tp': 0, 'fp': 4, 'fn': 4}","{'p': 0.33, 'r': 0.75, 'f1': 0.46}","{'tp': 3, 'fp': 6, 'fn': 1}","{'p': 0.5, 'r': 0.25, 'f1': 0.33}","{'tp': 1, 'fp': 1, 'fn': 3}"
13,NCT02645942,"sleep apnea, obstructive|osa","sleep apnea, obstructive","sleep apnea, obstructive|cardio-metabolic risk|osa","sleep apnea, obstructive|osa",,"sleep apnea, obstructive","{'p': 0.67, 'r': 1.0, 'f1': 0.8}","{'tp': 2, 'fp': 1, 'fn': 0}","{'p': 1.0, 'r': 1.0, 'f1': 1.0}","{'tp': 2, 'fp': 0, 'fn': 0}","{'p': 0.0, 'r': 0.0, 'f1': 0}","{'tp': 0, 'fp': 1, 'fn': 2}","{'p': 1.0, 'r': 0.5, 'f1': 0.67}","{'tp': 1, 'fp': 0, 'fn': 1}","{'p': 1.0, 'r': 0.5, 'f1': 0.67}","{'tp': 1, 'fp': 0, 'fn': 1}","{'p': 0.67, 'r': 1.0, 'f1': 0.8}","{'tp': 2, 'fp': 1, 'fn': 0}","{'p': 1.0, 'r': 1.0, 'f1': 1.0}","{'tp': 2, 'fp': 0, 'fn': 0}","{'p': 0.0, 'r': 0.0, 'f1': 0}","{'tp': 0, 'fp': 1, 'fn': 2}","{'p': 1.0, 'r': 0.5, 'f1': 0.67}","{'tp': 1, 'fp': 0, 'fn': 1}","{'p': 1.0, 'r': 0.5, 'f1': 0.67}","{'tp': 1, 'fp': 0, 'fn': 1}"
14,NCT05709210,memory complaint|alzheimer disease|mild cognitive decline,alzheimer disease|memory disorders,alzheimer disease|memory complaint|mild cognitive decline,alzheimer disease|memory complaint|mild cognitive decline,alzheimer disease|memory complaint|mild cognitive decline,alzheimer disease|memory complaint|mild cognitive decline,"{'p': 1.0, 'r': 1.0, 'f1': 1.0}","{'tp': 3, 'fp': 0, 'fn': 0}","{'p': 1.0, 'r': 1.0, 'f1': 1.0}","{'tp': 3, 'fp': 0, 'fn': 0}","{'p': 1.0, 'r': 1.0, 'f1': 1.0}","{'tp': 3, 'fp': 0, 'fn': 0}","{'p': 1.0, 'r': 1.0, 'f1': 1.0}","{'tp': 3, 'fp': 0, 'fn': 0}","{'p': 0.5, 'r': 0.33, 'f1': 0.4}","{'tp': 1, 'fp': 1, 'fn': 2}","{'p': 1.0, 'r': 1.0, 'f1': 1.0}","{'tp': 3, 'fp': 0, 'fn': 0}","{'p': 1.0, 'r': 1.0, 'f1': 1.0}","{'tp': 3, 'fp': 0, 'fn': 0}","{'p': 1.0, 'r': 1.0, 'f1': 1.0}","{'tp': 3, 'fp': 0, 'fn': 0}","{'p': 1.0, 'r': 1.0, 'f1': 1.0}","{'tp': 3, 'fp': 0, 'fn': 0}","{'p': 0.5, 'r': 0.33, 'f1': 0.4}","{'tp': 1, 'fp': 1, 'fn': 2}"
15,NCT00201461,"ischemic attack, transient|recurrent embolic stroke|pfo|paradoxical embolism|patent foramen ovale|stroke","ischemic attack, transient|patent foramen ovale|stroke","ischemic attack, transient|recurrent embolic stroke|pfo|paradoxical embolism|patent foramen ovale|stroke","stroke|recurrent embolic stroke|oval|pfo|paradoxical embolism|pre|ischemic attack, transient|patent for","paradoxical embolism|stroke|ischemic attack, transient|patent foramen ovale|recurrent embolic stroke|tia|mortality|pfo","stroke|ischemic attack, transient|paradoxical embolism|patent foramen ovale|recurrent embolic stroke","{'p': 1.0, 'r': 1.0, 'f1': 1.0}","{'tp': 6, 'fp': 0, 'fn': 0}","{'p': 0.62, 'r': 0.83, 'f1': 0.71}","{'tp': 5, 'fp': 3, 'fn': 1}","{'p': 0.75, 'r': 1.0, 'f1': 0.86}","{'tp': 6, 'fp': 2, 'fn': 0}","{'p': 1.0, 'r': 0.83, 'f1': 0.91}","{'tp': 5, 'fp': 0, 'fn': 1}","{'p': 1.0, 'r': 0.5, 'f1': 0.67}","{'tp': 3, 'fp': 0, 'fn': 3}","{'p': 1.0, 'r': 1.0, 'f1': 1.0}","{'tp': 6, 'fp': 0, 'fn': 0}","{'p': 0.62, 'r': 0.83, 'f1': 0.71}","{'tp': 5, 'fp': 3, 'fn': 1}","{'p': 0.75, 'r': 1.0, 'f1': 0.86}","{'tp': 6, 'fp': 2, 'fn': 0}","{'p': 1.0, 'r': 0.83, 'f1': 0.91}","{'tp': 5, 'fp': 0, 'fn': 1}","{'p': 1.0, 'r': 0.5, 'f1': 0.67}","{'tp': 3, 'fp': 0, 'fn': 3}"
16,NCT04610879,"epilepsy, rolandic|epilepsy|seizures","epilepsy, rolandic","epilepsy, rolandic|epilepsy|seizures","epilepsy, rolandic|seizures|epilepsy|seizures","epilepsy, rolandic|seizures|learning|sleep|behaviour|self-esteem|mood","epilepsy, rolandic|seizures|affected learning|affected sleep|affected behaviour|affected self-esteem|affected mood","{'p': 1.0, 'r': 1.0, 'f1': 1.0}","{'tp': 3, 'fp': 0, 'fn': 0}","{'p': 1.0, 'r': 1.0, 'f1': 1.0}","{'tp': 3, 'fp': 0, 'fn': 0}","{'p': 0.29, 'r': 0.67, 'f1': 0.4}","{'tp': 2, 'fp': 5, 'fn': 1}","{'p': 0.29, 'r': 0.67, 'f1': 0.4}","{'tp': 2, 'fp': 5, 'fn': 1}","{'p': 1.0, 'r': 0.33, 'f1': 0.5}","{'tp': 1, 'fp': 0, 'fn': 2}","{'p': 1.0, 'r': 1.0, 'f1': 1.0}","{'tp': 3, 'fp': 0, 'fn': 0}","{'p': 1.0, 'r': 1.0, 'f1': 1.0}","{'tp': 3, 'fp': 0, 'fn': 0}","{'p': 0.29, 'r': 0.67, 'f1': 0.4}","{'tp': 2, 'fp': 5, 'fn': 1}","{'p': 0.29, 'r': 0.67, 'f1': 0.4}","{'tp': 2, 'fp': 5, 'fn': 1}","{'p': 1.0, 'r': 0.33, 'f1': 0.5}","{'tp': 1, 'fp': 0, 'fn': 2}"
17,NCT05220072,,parkinson disease,,,,,"{'p': 0, 'r': 0, 'f1': 0}","{'tp': 0, 'fp': 0, 'fn': 0}","{'p': 0, 'r': 0, 'f1': 0}","{'tp': 0, 'fp': 0, 'fn': 0}","{'p': 0, 'r': 0, 'f1': 0}","{'tp': 0, 'fp': 0, 'fn': 0}","{'p': 0, 'r': 0, 'f1': 0}","{'tp': 0, 'fp': 0, 'fn': 0}","{'p': 0.0, 'r': 0.0, 'f1': 0}","{'tp': 0, 'fp': 1, 'fn': 1}","{'p': 0, 'r': 0, 'f1': 0}","{'tp': 0, 'fp': 0, 'fn': 0}","{'p': 0, 'r': 0, 'f1': 0}","{'tp': 0, 'fp': 0, 'fn': 0}","{'p': 0, 'r': 0, 'f1': 0}","{'tp': 0, 'fp': 0, 'fn': 0}","{'p': 0, 'r': 0, 'f1': 0}","{'tp': 0, 'fp': 0, 'fn': 0}","{'p': 0.0, 'r': 0.0, 'f1': 0}","{'tp': 0, 'fp': 1, 'fn': 1}"
18,NCT01751347,post operative pain|regional pain syndromes|postoperative pain|post-operative pain|trigger finger release|hand surgery|post surgical pain|hand surgeries|chronic pain|pain,carpal tunnel syndrome|trigger finger,post operative pain|poorly controlled|regional pain syndromes|post-operative pain|carpal tunnel or|hand|carpal tunnel release|surgery|postoperative pain|trigger finger release|hand surgery|post surgical pain|chronic pain|pain|surgeries,post operative pain|poorly controlled|elective outpatient hand surgery|carpal tunnel or|post-operative pain|surgery|postoperative pain|complex regional pain syndromes|trigger finger release|post surgical pain|elective outpatient hand surgeries|chronic pain|elective carpal tunnel release|pain|surge,carpal tunnel release|trigger finger release|postoperative pain|pain medications|incision site|lidocaine|bupivacaine|surgical pain|surgery-related complications|health care costs|mobility|functional recovery|chronic pain|complex regional pain syndromes,carpal tunnel syndrome|trigger finger|postoperative pain|chronic pain|complex regional pain syndromes,"{'p': 0.6, 'r': 0.9, 'f1': 0.72}","{'tp': 9, 'fp': 6, 'fn': 1}","{'p': 0.47, 'r': 0.7, 'f1': 0.56}","{'tp': 7, 'fp': 8, 'fn': 3}","{'p': 0.21, 'r': 0.3, 'f1': 0.25}","{'tp': 3, 'fp': 11, 'fn': 7}","{'p': 0.4, 'r': 0.2, 'f1': 0.27}","{'tp': 2, 'fp': 3, 'fn': 8}","{'p': 0.0, 'r': 0.0, 'f1': 0}","{'tp': 0, 'fp': 2, 'fn': 10}","{'p': 0.6, 'r': 0.9, 'f1': 0.72}","{'tp': 9, 'fp': 6, 'fn': 1}","{'p': 0.67, 'r': 1.0, 'f1': 0.8}","{'tp': 10, 'fp': 5, 'fn': 0}","{'p': 0.43, 'r': 0.6, 'f1': 0.5}","{'tp': 6, 'fp': 8, 'fn': 4}","{'p': 0.83, 'r': 0.5, 'f1': 0.62}","{'tp': 5, 'fp': 1, 'fn': 5}","{'p': 0.5, 'r': 0.1, 'f1': 0.17}","{'tp': 1, 'fp': 1, 'fn': 9}"
19,NCT05375240,post-stroke|immunosuppression|pneumonia|stroke-associated pneumonia|brain injuries|stroke|urinary tract infection,beta blocker|brain diseases|cardiovascular diseases|central nervous system diseases|cerebrovascular disorders|immunologic factors|ischemic stroke|molecular mechanisms of pharmacological action|nervous system diseases|physiological effects of drugs|propranolol|stroke,stroke associated pneumonia|stroke-associated pneumonia|post-stroke|stroke-associated pneumonia|stroke|urinary tract infection,stroke associated pneumonia|post-stroke brain injury|stroke-associated pneumonia|post-stroke|stroke-associated pneumonia|stroke|urinary tract infection,stroke-associated pneumonia|urinary tract infection,stroke-associated pneumonia|urinary tract infection|post-stroke immunosuppression|post-stroke brain injury,"{'p': 0.8, 'r': 0.57, 'f1': 0.67}","{'tp': 4, 'fp': 1, 'fn': 3}","{'p': 0.67, 'r': 0.57, 'f1': 0.62}","{'tp': 4, 'fp': 2, 'fn': 3}","{'p': 1.0, 'r': 0.29, 'f1': 0.44}","{'tp': 2, 'fp': 0, 'fn': 5}","{'p': 0.5, 'r': 0.29, 'f1': 0.36}","{'tp': 2, 'fp': 2, 'fn': 5}","{'p': 0.08, 'r': 0.14, 'f1': 0.11}","{'tp': 1, 'fp': 11, 'fn': 6}","{'p': 1.0, 'r': 0.71, 'f1': 0.83}","{'tp': 5, 'fp': 0, 'fn': 2}","{'p': 1.0, 'r': 0.71, 'f1': 0.83}","{'tp': 5, 'fp': 0, 'fn': 2}","{'p': 1.0, 'r': 0.43, 'f1': 0.6}","{'tp': 3, 'fp': 0, 'fn': 4}","{'p': 1.0, 'r': 0.71, 'f1': 0.83}","{'tp': 5, 'fp': 0, 'fn': 2}","{'p': 0.09, 'r': 0.14, 'f1': 0.11}","{'tp': 1, 'fp': 10, 'fn': 6}"
20,NCT03546517,chronic cerebral vascular accident|chronic stroke|spasticity|hypertonia|cerebral vascular accident|stroke|muscle stiffness,spasticity|stroke,chronic cerebral vascular accident|chronic stroke|spasticity|cerebral vascular accident|haemorrhagic or ischemic cva|stroke,chronic cerebral vascular accident|spastic|chronic stroke|stiff|cerebral vascular accident|haemorrhagic or ischemic cva|stroke,spasticity|muscle stiffness|upper limb function,chronic stroke|spasticity|muscle stiffness|upper limb function impairment|haemorrhagic cva|ischemic cva,"{'p': 0.83, 'r': 0.71, 'f1': 0.77}","{'tp': 5, 'fp': 1, 'fn': 2}","{'p': 0.57, 'r': 0.57, 'f1': 0.57}","{'tp': 4, 'fp': 3, 'fn': 3}","{'p': 0.67, 'r': 0.29, 'f1': 0.4}","{'tp': 2, 'fp': 1, 'fn': 5}","{'p': 0.5, 'r': 0.43, 'f1': 0.46}","{'tp': 3, 'fp': 3, 'fn': 4}","{'p': 1.0, 'r': 0.29, 'f1': 0.44}","{'tp': 2, 'fp': 0, 'fn': 5}","{'p': 0.83, 'r': 0.71, 'f1': 0.77}","{'tp': 5, 'fp': 1, 'fn': 2}","{'p': 0.57, 'r': 0.57, 'f1': 0.57}","{'tp': 4, 'fp': 3, 'fn': 3}","{'p': 0.67, 'r': 0.29, 'f1': 0.4}","{'tp': 2, 'fp': 1, 'fn': 5}","{'p': 0.57, 'r': 0.57, 'f1': 0.57}","{'tp': 4, 'fp': 3, 'fn': 3}","{'p': 1.0, 'r': 0.29, 'f1': 0.44}","{'tp': 2, 'fp': 0, 'fn': 5}"
21,NCT04433377,hemiplegic|poststroke|shoulder pain|hemiplegia|pain,hemiplegia|pain,poststroke|hemiplegic shoulder pain|shoulder pain|hemiplegia|pain,hemiplegia|pain|hemiplegic shoulder pain|shoulder pain,hemiplegic shoulder pain|range of motion|hand function|limited daily life activity|decreased quality of life.,hemiplegic shoulder pain|range of motion|hand function|quality of life,"{'p': 0.8, 'r': 0.8, 'f1': 0.8}","{'tp': 4, 'fp': 1, 'fn': 1}","{'p': 0.75, 'r': 0.6, 'f1': 0.67}","{'tp': 3, 'fp': 1, 'fn': 2}","{'p': 0.0, 'r': 0.0, 'f1': 0}","{'tp': 0, 'fp': 5, 'fn': 5}","{'p': 0.0, 'r': 0.0, 'f1': 0}","{'tp': 0, 'fp': 4, 'fn': 5}","{'p': 1.0, 'r': 0.4, 'f1': 0.57}","{'tp': 2, 'fp': 0, 'fn': 3}","{'p': 1.0, 'r': 1.0, 'f1': 1.0}","{'tp': 5, 'fp': 0, 'fn': 0}","{'p': 1.0, 'r': 0.8, 'f1': 0.89}","{'tp': 4, 'fp': 0, 'fn': 1}","{'p': 0.43, 'r': 0.6, 'f1': 0.5}","{'tp': 3, 'fp': 4, 'fn': 2}","{'p': 0.5, 'r': 0.6, 'f1': 0.55}","{'tp': 3, 'fp': 3, 'fn': 2}","{'p': 1.0, 'r': 0.4, 'f1': 0.57}","{'tp': 2, 'fp': 0, 'fn': 3}"
22,NCT05669885,headache|migraine|migraine disorders|persistent post-traumatic headache|post-traumatic headache|mild traumatic brain injury,post-traumatic headache,persistent post-traumatic headache|mtbi|post-traumatic headache|migraine-like headache|post-traumatic headache|mild traumatic brain injury,persistent post-traumatic headache|post-traumatic headache|migraine-like headache|post-traumatic headache|mild traumatic brain injury,migraine-like headache|persistent post-traumatic headache,post-traumatic headache|migraine-like headache|persistent post-traumatic headache|mild traumatic brain injury,"{'p': 0.6, 'r': 0.5, 'f1': 0.55}","{'tp': 3, 'fp': 2, 'fn': 3}","{'p': 0.75, 'r': 0.5, 'f1': 0.6}","{'tp': 3, 'fp': 1, 'fn': 3}","{'p': 0.5, 'r': 0.17, 'f1': 0.25}","{'tp': 1, 'fp': 1, 'fn': 5}","{'p': 0.75, 'r': 0.5, 'f1': 0.6}","{'tp': 3, 'fp': 1, 'fn': 3}","{'p': 1.0, 'r': 0.17, 'f1': 0.29}","{'tp': 1, 'fp': 0, 'fn': 5}","{'p': 0.8, 'r': 0.67, 'f1': 0.73}","{'tp': 4, 'fp': 1, 'fn': 2}","{'p': 1.0, 'r': 0.67, 'f1': 0.8}","{'tp': 4, 'fp': 0, 'fn': 2}","{'p': 1.0, 'r': 0.5, 'f1': 0.67}","{'tp': 3, 'fp': 0, 'fn': 3}","{'p': 1.0, 'r': 0.67, 'f1': 0.8}","{'tp': 4, 'fp': 0, 'fn': 2}","{'p': 1.0, 'r': 0.5, 'f1': 0.67}","{'tp': 3, 'fp': 0, 'fn': 3}"
23,NCT00101634,schizophrenia,schizophrenia,schizophrenia,schizophrenia,schizophrenia|symptoms of schizophrenia,schizophrenia|symptoms of schizophrenia,"{'p': 1.0, 'r': 1.0, 'f1': 1.0}","{'tp': 1, 'fp': 0, 'fn': 0}","{'p': 1.0, 'r': 1.0, 'f1': 1.0}","{'tp': 1, 'fp': 0, 'fn': 0}","{'p': 0.5, 'r': 1.0, 'f1': 0.67}","{'tp': 1, 'fp': 1, 'fn': 0}","{'p': 0.5, 'r': 1.0, 'f1': 0.67}","{'tp': 1, 'fp': 1, 'fn': 0}","{'p': 1.0, 'r': 1.0, 'f1': 1.0}","{'tp': 1, 'fp': 0, 'fn': 0}","{'p': 1.0, 'r': 1.0, 'f1': 1.0}","{'tp': 1, 'fp': 0, 'fn': 0}","{'p': 1.0, 'r': 1.0, 'f1': 1.0}","{'tp': 1, 'fp': 0, 'fn': 0}","{'p': 1.0, 'r': 1.0, 'f1': 1.0}","{'tp': 1, 'fp': 0, 'fn': 0}","{'p': 1.0, 'r': 1.0, 'f1': 1.0}","{'tp': 1, 'fp': 0, 'fn': 0}","{'p': 1.0, 'r': 1.0, 'f1': 1.0}","{'tp': 1, 'fp': 0, 'fn': 0}"
24,NCT05473676,mobility impairments,brain injuries|cerebral palsy|mobility limitation|spinal dysraphism|spina bifida|spinal cord injuries,nervous system disorders|impairments|cannot walk|difficulty walking on|cannot walk independently,nervous system disorders,nervous system disorders|difficulty walking|mobility impairments|head control|independence in transfers|sleep|bowel habits|significant disabilities|robotic gait training|trexo robotic gait trainers|feasibility|impacts|intensive robotic gait training|people who cannot walk independently|assessments|training intervention|wide range of feasibility considerations|impacts from robotic training,nervous system disorders|difficulty walking|physical inactivity|mobility impairments|impaired head control|impeded independence in transfers|impaired sleep habits|impaired bowel habits,"{'p': 0.0, 'r': 0.0, 'f1': 0}","{'tp': 0, 'fp': 5, 'fn': 1}","{'p': 0.0, 'r': 0.0, 'f1': 0}","{'tp': 0, 'fp': 1, 'fn': 1}","{'p': 0.06, 'r': 1.0, 'f1': 0.11}","{'tp': 1, 'fp': 17, 'fn': 0}","{'p': 0.12, 'r': 1.0, 'f1': 0.22}","{'tp': 1, 'fp': 7, 'fn': 0}","{'p': 0.0, 'r': 0.0, 'f1': 0}","{'tp': 0, 'fp': 6, 'fn': 1}","{'p': 0.0, 'r': 0.0, 'f1': 0}","{'tp': 0, 'fp': 5, 'fn': 1}","{'p': 0.0, 'r': 0.0, 'f1': 0}","{'tp': 0, 'fp': 1, 'fn': 1}","{'p': 0.06, 'r': 1.0, 'f1': 0.11}","{'tp': 1, 'fp': 17, 'fn': 0}","{'p': 0.12, 'r': 1.0, 'f1': 0.22}","{'tp': 1, 'fp': 7, 'fn': 0}","{'p': 0.0, 'r': 0.0, 'f1': 0}","{'tp': 0, 'fp': 6, 'fn': 1}"
25,NCT01962779,sleep disordered breathing|cognitive decline|dementia|memory decline|alzheimer disease,alzheimer disease|sleep disordered breathing,alzheimer disease|sleep disordered breathing|memory decline|dementia|cognitive decline|alzheimer disease,cognitively-normal|alzheimer disease|sleep|sleep disordered breathing|dementia|progressive memory decline|cognitive decline|cognitively normal,sleep disordered breathing,sleep disordered breathing|cognitive decline|neurodegeneration,"{'p': 1.0, 'r': 1.0, 'f1': 1.0}","{'tp': 5, 'fp': 0, 'fn': 0}","{'p': 0.5, 'r': 0.8, 'f1': 0.62}","{'tp': 4, 'fp': 4, 'fn': 1}","{'p': 1.0, 'r': 0.2, 'f1': 0.33}","{'tp': 1, 'fp': 0, 'fn': 4}","{'p': 0.67, 'r': 0.4, 'f1': 0.5}","{'tp': 2, 'fp': 1, 'fn': 3}","{'p': 1.0, 'r': 0.4, 'f1': 0.57}","{'tp': 2, 'fp': 0, 'fn': 3}","{'p': 1.0, 'r': 1.0, 'f1': 1.0}","{'tp': 5, 'fp': 0, 'fn': 0}","{'p': 0.62, 'r': 1.0, 'f1': 0.77}","{'tp': 5, 'fp': 3, 'fn': 0}","{'p': 1.0, 'r': 0.2, 'f1': 0.33}","{'tp': 1, 'fp': 0, 'fn': 4}","{'p': 0.67, 'r': 0.4, 'f1': 0.5}","{'tp': 2, 'fp': 1, 'fn': 3}","{'p': 1.0, 'r': 0.4, 'f1': 0.57}","{'tp': 2, 'fp': 0, 'fn': 3}"
26,NCT03714217,spinal cord injuries|sci,obesity|spinal cord injuries,spinal cord injuries|sci,spinal cord injuries|sci,,spinal cord injuries|weight management,"{'p': 1.0, 'r': 1.0, 'f1': 1.0}","{'tp': 2, 'fp': 0, 'fn': 0}","{'p': 1.0, 'r': 1.0, 'f1': 1.0}","{'tp': 2, 'fp': 0, 'fn': 0}","{'p': 0.0, 'r': 0.0, 'f1': 0}","{'tp': 0, 'fp': 1, 'fn': 2}","{'p': 0.5, 'r': 0.5, 'f1': 0.5}","{'tp': 1, 'fp': 1, 'fn': 1}","{'p': 0.5, 'r': 0.5, 'f1': 0.5}","{'tp': 1, 'fp': 1, 'fn': 1}","{'p': 1.0, 'r': 1.0, 'f1': 1.0}","{'tp': 2, 'fp': 0, 'fn': 0}","{'p': 1.0, 'r': 1.0, 'f1': 1.0}","{'tp': 2, 'fp': 0, 'fn': 0}","{'p': 0.0, 'r': 0.0, 'f1': 0}","{'tp': 0, 'fp': 1, 'fn': 2}","{'p': 0.5, 'r': 0.5, 'f1': 0.5}","{'tp': 1, 'fp': 1, 'fn': 1}","{'p': 0.5, 'r': 0.5, 'f1': 0.5}","{'tp': 1, 'fp': 1, 'fn': 1}"
27,NCT00822198,peripheral nervous system diseases,peripheral nervous system diseases,peripheral nervous system diseases,peripheral nervous system diseases,peripheral nervous system diseases,peripheral nervous system diseases,"{'p': 1.0, 'r': 1.0, 'f1': 1.0}","{'tp': 1, 'fp': 0, 'fn': 0}","{'p': 1.0, 'r': 1.0, 'f1': 1.0}","{'tp': 1, 'fp': 0, 'fn': 0}","{'p': 1.0, 'r': 1.0, 'f1': 1.0}","{'tp': 1, 'fp': 0, 'fn': 0}","{'p': 1.0, 'r': 1.0, 'f1': 1.0}","{'tp': 1, 'fp': 0, 'fn': 0}","{'p': 1.0, 'r': 1.0, 'f1': 1.0}","{'tp': 1, 'fp': 0, 'fn': 0}","{'p': 1.0, 'r': 1.0, 'f1': 1.0}","{'tp': 1, 'fp': 0, 'fn': 0}","{'p': 1.0, 'r': 1.0, 'f1': 1.0}","{'tp': 1, 'fp': 0, 'fn': 0}","{'p': 1.0, 'r': 1.0, 'f1': 1.0}","{'tp': 1, 'fp': 0, 'fn': 0}","{'p': 1.0, 'r': 1.0, 'f1': 1.0}","{'tp': 1, 'fp': 0, 'fn': 0}","{'p': 1.0, 'r': 1.0, 'f1': 1.0}","{'tp': 1, 'fp': 0, 'fn': 0}"
28,NCT02647242,pd|parkinson disease,parkinson disease,parkinson disease|pd,parkinson disease,parkinson disease|spatio-temporal gait parameters|motivation|gait auto-rehabilitation program|beathealth device|auditory cueing|observance|falls|pain|fatigability|efficacy|balance|quality of life,parkinson disease|limited daily physical activity|spatio-temporal gait parameters|falls|pain|fatigability|balance|quality of life,"{'p': 1.0, 'r': 1.0, 'f1': 1.0}","{'tp': 2, 'fp': 0, 'fn': 0}","{'p': 1.0, 'r': 0.5, 'f1': 0.67}","{'tp': 1, 'fp': 0, 'fn': 1}","{'p': 0.08, 'r': 0.5, 'f1': 0.13}","{'tp': 1, 'fp': 12, 'fn': 1}","{'p': 0.12, 'r': 0.5, 'f1': 0.2}","{'tp': 1, 'fp': 7, 'fn': 1}","{'p': 1.0, 'r': 0.5, 'f1': 0.67}","{'tp': 1, 'fp': 0, 'fn': 1}","{'p': 1.0, 'r': 1.0, 'f1': 1.0}","{'tp': 2, 'fp': 0, 'fn': 0}","{'p': 1.0, 'r': 0.5, 'f1': 0.67}","{'tp': 1, 'fp': 0, 'fn': 1}","{'p': 0.08, 'r': 0.5, 'f1': 0.13}","{'tp': 1, 'fp': 12, 'fn': 1}","{'p': 0.12, 'r': 0.5, 'f1': 0.2}","{'tp': 1, 'fp': 7, 'fn': 1}","{'p': 1.0, 'r': 0.5, 'f1': 0.67}","{'tp': 1, 'fp': 0, 'fn': 1}"
29,NCT01118637,anxiety|depression|trichotillomania,trichotillomania,trichotillomania,hair-pulling|pulling|loss|trichotillomania,trichotillomania|repetitive pulling out of one's own hair|noticeable hair loss|distressing condition|interfering substantially with functioning and quality of life|ttm symptoms|depression|anxiety|quality of life|functional impairment,trichotillomania|noticeable hair loss|depression|anxiety|functional impairment,"{'p': 1.0, 'r': 0.33, 'f1': 0.5}","{'tp': 1, 'fp': 0, 'fn': 2}","{'p': 0.25, 'r': 0.33, 'f1': 0.29}","{'tp': 1, 'fp': 3, 'fn': 2}","{'p': 0.3, 'r': 1.0, 'f1': 0.46}","{'tp': 3, 'fp': 7, 'fn': 0}","{'p': 0.6, 'r': 1.0, 'f1': 0.75}","{'tp': 3, 'fp': 2, 'fn': 0}","{'p': 1.0, 'r': 0.33, 'f1': 0.5}","{'tp': 1, 'fp': 0, 'fn': 2}","{'p': 1.0, 'r': 0.33, 'f1': 0.5}","{'tp': 1, 'fp': 0, 'fn': 2}","{'p': 0.25, 'r': 0.33, 'f1': 0.29}","{'tp': 1, 'fp': 3, 'fn': 2}","{'p': 0.3, 'r': 1.0, 'f1': 0.46}","{'tp': 3, 'fp': 7, 'fn': 0}","{'p': 0.6, 'r': 1.0, 'f1': 0.75}","{'tp': 3, 'fp': 2, 'fn': 0}","{'p': 1.0, 'r': 0.33, 'f1': 0.5}","{'tp': 1, 'fp': 0, 'fn': 2}"
30,NCT05513794,,parkinson disease,,,,,"{'p': 0, 'r': 0, 'f1': 0}","{'tp': 0, 'fp': 0, 'fn': 0}","{'p': 0, 'r': 0, 'f1': 0}","{'tp': 0, 'fp': 0, 'fn': 0}","{'p': 0, 'r': 0, 'f1': 0}","{'tp': 0, 'fp': 0, 'fn': 0}","{'p': 0, 'r': 0, 'f1': 0}","{'tp': 0, 'fp': 0, 'fn': 0}","{'p': 0.0, 'r': 0.0, 'f1': 0}","{'tp': 0, 'fp': 1, 'fn': 1}","{'p': 0, 'r': 0, 'f1': 0}","{'tp': 0, 'fp': 0, 'fn': 0}","{'p': 0, 'r': 0, 'f1': 0}","{'tp': 0, 'fp': 0, 'fn': 0}","{'p': 0, 'r': 0, 'f1': 0}","{'tp': 0, 'fp': 0, 'fn': 0}","{'p': 0, 'r': 0, 'f1': 0}","{'tp': 0, 'fp': 0, 'fn': 0}","{'p': 0.0, 'r': 0.0, 'f1': 0}","{'tp': 0, 'fp': 1, 'fn': 1}"
31,NCT03177967,insomnia,sleep initiation and maintenance disorders,,,insomnia|cbt-i|sleep-hygiene based educational course,insomnia,"{'p': 0.0, 'r': 0.0, 'f1': 0}","{'tp': 0, 'fp': 1, 'fn': 1}","{'p': 0.0, 'r': 0.0, 'f1': 0}","{'tp': 0, 'fp': 1, 'fn': 1}","{'p': 0.33, 'r': 1.0, 'f1': 0.5}","{'tp': 1, 'fp': 2, 'fn': 0}","{'p': 1.0, 'r': 1.0, 'f1': 1.0}","{'tp': 1, 'fp': 0, 'fn': 0}","{'p': 0.0, 'r': 0.0, 'f1': 0}","{'tp': 0, 'fp': 1, 'fn': 1}","{'p': 0.0, 'r': 0.0, 'f1': 0}","{'tp': 0, 'fp': 1, 'fn': 1}","{'p': 0.0, 'r': 0.0, 'f1': 0}","{'tp': 0, 'fp': 1, 'fn': 1}","{'p': 0.33, 'r': 1.0, 'f1': 0.5}","{'tp': 1, 'fp': 2, 'fn': 0}","{'p': 1.0, 'r': 1.0, 'f1': 1.0}","{'tp': 1, 'fp': 0, 'fn': 0}","{'p': 0.0, 'r': 0.0, 'f1': 0}","{'tp': 0, 'fp': 1, 'fn': 1}"
32,NCT00455507,advanced parkinson's disease|parkinson disease|levodopa,parkinson disease,parkinson disease|advanced parkinson's disease|parkinson disease,parkinson disease|advanced parkinson's disease,parkinson disease|off state,parkinson disease|off state,"{'p': 1.0, 'r': 0.67, 'f1': 0.8}","{'tp': 2, 'fp': 0, 'fn': 1}","{'p': 1.0, 'r': 0.67, 'f1': 0.8}","{'tp': 2, 'fp': 0, 'fn': 1}","{'p': 0.5, 'r': 0.33, 'f1': 0.4}","{'tp': 1, 'fp': 1, 'fn': 2}","{'p': 0.5, 'r': 0.33, 'f1': 0.4}","{'tp': 1, 'fp': 1, 'fn': 2}","{'p': 1.0, 'r': 0.33, 'f1': 0.5}","{'tp': 1, 'fp': 0, 'fn': 2}","{'p': 1.0, 'r': 0.67, 'f1': 0.8}","{'tp': 2, 'fp': 0, 'fn': 1}","{'p': 1.0, 'r': 0.67, 'f1': 0.8}","{'tp': 2, 'fp': 0, 'fn': 1}","{'p': 0.5, 'r': 0.33, 'f1': 0.4}","{'tp': 1, 'fp': 1, 'fn': 2}","{'p': 0.5, 'r': 0.33, 'f1': 0.4}","{'tp': 1, 'fp': 1, 'fn': 2}","{'p': 1.0, 'r': 0.33, 'f1': 0.5}","{'tp': 1, 'fp': 0, 'fn': 2}"
33,NCT03562351,seizures|emergent seizure,status epilepticus,seizures,seizures|emerge,,seizures,"{'p': 1.0, 'r': 0.5, 'f1': 0.67}","{'tp': 1, 'fp': 0, 'fn': 1}","{'p': 0.5, 'r': 0.5, 'f1': 0.5}","{'tp': 1, 'fp': 1, 'fn': 1}","{'p': 0.0, 'r': 0.0, 'f1': 0}","{'tp': 0, 'fp': 1, 'fn': 2}","{'p': 1.0, 'r': 0.5, 'f1': 0.67}","{'tp': 1, 'fp': 0, 'fn': 1}","{'p': 0.0, 'r': 0.0, 'f1': 0}","{'tp': 0, 'fp': 1, 'fn': 2}","{'p': 1.0, 'r': 0.5, 'f1': 0.67}","{'tp': 1, 'fp': 0, 'fn': 1}","{'p': 0.5, 'r': 0.5, 'f1': 0.5}","{'tp': 1, 'fp': 1, 'fn': 1}","{'p': 0.0, 'r': 0.0, 'f1': 0}","{'tp': 0, 'fp': 1, 'fn': 2}","{'p': 1.0, 'r': 0.5, 'f1': 0.67}","{'tp': 1, 'fp': 0, 'fn': 1}","{'p': 0.0, 'r': 0.0, 'f1': 0}","{'tp': 0, 'fp': 1, 'fn': 2}"
34,NCT05679505,prolonged covid|post covid syndrome|post covid-19 syndrome,autonomic nervous system diseases|heart rates|long covid|vagus nerve stimulations,prolonged covid symptoms|post covid syndrome|post covid-19 syndrome,prolonged covid symptoms|post covid syndrome|post covid-19 syndrome,post covid syndrome|symptoms,post covid syndrome,"{'p': 0.67, 'r': 0.67, 'f1': 0.67}","{'tp': 2, 'fp': 1, 'fn': 1}","{'p': 0.67, 'r': 0.67, 'f1': 0.67}","{'tp': 2, 'fp': 1, 'fn': 1}","{'p': 0.5, 'r': 0.33, 'f1': 0.4}","{'tp': 1, 'fp': 1, 'fn': 2}","{'p': 1.0, 'r': 0.33, 'f1': 0.5}","{'tp': 1, 'fp': 0, 'fn': 2}","{'p': 0.0, 'r': 0.0, 'f1': 0}","{'tp': 0, 'fp': 4, 'fn': 3}","{'p': 1.0, 'r': 1.0, 'f1': 1.0}","{'tp': 3, 'fp': 0, 'fn': 0}","{'p': 1.0, 'r': 1.0, 'f1': 1.0}","{'tp': 3, 'fp': 0, 'fn': 0}","{'p': 0.67, 'r': 0.67, 'f1': 0.67}","{'tp': 2, 'fp': 1, 'fn': 1}","{'p': 1.0, 'r': 0.67, 'f1': 0.8}","{'tp': 2, 'fp': 0, 'fn': 1}","{'p': 0.0, 'r': 0.0, 'f1': 0}","{'tp': 0, 'fp': 4, 'fn': 3}"
35,NCT05527314,agitation|ophthalmic surgery|emergence delirium,"anesthesia, general|emergence delirium|pediatric ophthalmic surgery|remimazolam|sevoflurane",ophthalmic surgery|emergence delirium,ophthalmic surgery|emergence delirium,,emergence delirium,"{'p': 1.0, 'r': 0.67, 'f1': 0.8}","{'tp': 2, 'fp': 0, 'fn': 1}","{'p': 1.0, 'r': 0.67, 'f1': 0.8}","{'tp': 2, 'fp': 0, 'fn': 1}","{'p': 0.0, 'r': 0.0, 'f1': 0}","{'tp': 0, 'fp': 1, 'fn': 3}","{'p': 1.0, 'r': 0.33, 'f1': 0.5}","{'tp': 1, 'fp': 0, 'fn': 2}","{'p': 0.2, 'r': 0.33, 'f1': 0.25}","{'tp': 1, 'fp': 4, 'fn': 2}","{'p': 1.0, 'r': 0.67, 'f1': 0.8}","{'tp': 2, 'fp': 0, 'fn': 1}","{'p': 1.0, 'r': 0.67, 'f1': 0.8}","{'tp': 2, 'fp': 0, 'fn': 1}","{'p': 0.0, 'r': 0.0, 'f1': 0}","{'tp': 0, 'fp': 1, 'fn': 3}","{'p': 1.0, 'r': 0.33, 'f1': 0.5}","{'tp': 1, 'fp': 0, 'fn': 2}","{'p': 0.4, 'r': 0.67, 'f1': 0.5}","{'tp': 2, 'fp': 3, 'fn': 1}"
36,NCT03953131,meningioma,meningioma,tumor|meningioma,tumor|meningioma,meningioma|tumor growth,meningioma|tumor growth,"{'p': 0.5, 'r': 1.0, 'f1': 0.67}","{'tp': 1, 'fp': 1, 'fn': 0}","{'p': 0.5, 'r': 1.0, 'f1': 0.67}","{'tp': 1, 'fp': 1, 'fn': 0}","{'p': 0.5, 'r': 1.0, 'f1': 0.67}","{'tp': 1, 'fp': 1, 'fn': 0}","{'p': 0.5, 'r': 1.0, 'f1': 0.67}","{'tp': 1, 'fp': 1, 'fn': 0}","{'p': 1.0, 'r': 1.0, 'f1': 1.0}","{'tp': 1, 'fp': 0, 'fn': 0}","{'p': 0.5, 'r': 1.0, 'f1': 0.67}","{'tp': 1, 'fp': 1, 'fn': 0}","{'p': 0.5, 'r': 1.0, 'f1': 0.67}","{'tp': 1, 'fp': 1, 'fn': 0}","{'p': 0.5, 'r': 1.0, 'f1': 0.67}","{'tp': 1, 'fp': 1, 'fn': 0}","{'p': 0.5, 'r': 1.0, 'f1': 0.67}","{'tp': 1, 'fp': 1, 'fn': 0}","{'p': 1.0, 'r': 1.0, 'f1': 1.0}","{'tp': 1, 'fp': 0, 'fn': 0}"
37,NCT00300222,"neuralgia, postherpetic",herpes zoster|neuralgia|pain|peripheral nervous system diseases|shingles,"neuralgia, postherpetic","neuralgia, postherpetic","neuralgia, postherpetic","neuralgia, postherpetic","{'p': 1.0, 'r': 1.0, 'f1': 1.0}","{'tp': 1, 'fp': 0, 'fn': 0}","{'p': 1.0, 'r': 1.0, 'f1': 1.0}","{'tp': 1, 'fp': 0, 'fn': 0}","{'p': 1.0, 'r': 1.0, 'f1': 1.0}","{'tp': 1, 'fp': 0, 'fn': 0}","{'p': 1.0, 'r': 1.0, 'f1': 1.0}","{'tp': 1, 'fp': 0, 'fn': 0}","{'p': 0.0, 'r': 0.0, 'f1': 0}","{'tp': 0, 'fp': 5, 'fn': 1}","{'p': 1.0, 'r': 1.0, 'f1': 1.0}","{'tp': 1, 'fp': 0, 'fn': 0}","{'p': 1.0, 'r': 1.0, 'f1': 1.0}","{'tp': 1, 'fp': 0, 'fn': 0}","{'p': 1.0, 'r': 1.0, 'f1': 1.0}","{'tp': 1, 'fp': 0, 'fn': 0}","{'p': 1.0, 'r': 1.0, 'f1': 1.0}","{'tp': 1, 'fp': 0, 'fn': 0}","{'p': 0.0, 'r': 0.0, 'f1': 0}","{'tp': 0, 'fp': 5, 'fn': 1}"
38,NCT00247533,coronary bypass surgery|perioperative arrhythmia|ischemic stroke|paroxysmal atrial fibrillation|cerebral artery stenosis|arrhythmia|percutaneous coronary intervention|paroxysmal arrhythmia|cerebral embolism|post-cabg neurological complications|coronary artery disease|stroke,arrhythmia|coronary artery disease|stroke,coronary bypass surgery|cognition decline|ischemic stroke|paroxysmal atrial fibrillation|cerebral artery stenosis|arrhythmia|embolism|percutaneous coronary intervention|paroxysmal arrhythmia|cerebral embolism|stroke|coronary artery disease|post-cabg,coronary bypass surgery|cognition decline|decline|ischemic stroke|paroxysmal atrial fibrillation|cerebral artery stenosis|arrhythmia|percutaneous coronary intervention|paroxysmal arrhythmia|cerebral embolism|stroke|coronary artery disease|post-cabg,ischemic stroke|cognition decline|coronary artery disease|cerebral artery stenosis|arrhythmia|stroke|perfusion defect|neurological complications|perioperative arrhythmia|cerebral embolism|paroxysmal atrial fibrillation|routine ecg,ischemic stroke|cognition decline|coronary artery disease|cerebral artery stenosis|arrhythmia|perioperative arrhythmia|cerebral embolism,"{'p': 0.77, 'r': 0.83, 'f1': 0.8}","{'tp': 10, 'fp': 3, 'fn': 2}","{'p': 0.77, 'r': 0.83, 'f1': 0.8}","{'tp': 10, 'fp': 3, 'fn': 2}","{'p': 0.67, 'r': 0.67, 'f1': 0.67}","{'tp': 8, 'fp': 4, 'fn': 4}","{'p': 0.86, 'r': 0.5, 'f1': 0.63}","{'tp': 6, 'fp': 1, 'fn': 6}","{'p': 1.0, 'r': 0.25, 'f1': 0.4}","{'tp': 3, 'fp': 0, 'fn': 9}","{'p': 0.77, 'r': 0.83, 'f1': 0.8}","{'tp': 10, 'fp': 3, 'fn': 2}","{'p': 0.77, 'r': 0.83, 'f1': 0.8}","{'tp': 10, 'fp': 3, 'fn': 2}","{'p': 0.75, 'r': 0.75, 'f1': 0.75}","{'tp': 9, 'fp': 3, 'fn': 3}","{'p': 0.88, 'r': 0.58, 'f1': 0.7}","{'tp': 7, 'fp': 1, 'fn': 5}","{'p': 1.0, 'r': 0.25, 'f1': 0.4}","{'tp': 3, 'fp': 0, 'fn': 9}"
39,NCT03317171,lgmd|muscular pain|dmd|fshd|mds|inflammation,muscle inflammation|muscular dystrophies,lgmd|muscular pain|dmd|fshd|neuromuscular disorders|weakness|mds|inflammation,lgmd|muscular pain|dmd|fshd|weakness|disorders|inflammation,distrofia muscolare|non-ambulant dmd boys|lgmd|fshd|inflammatory involved pathways|neuromuscular disorders|inflammation|muscular pain|weakness,distrofia muscolare|dmd|lgmd|fshd|neuromuscular disorders|inflammation|muscular pain|weakness,"{'p': 0.75, 'r': 1.0, 'f1': 0.86}","{'tp': 6, 'fp': 2, 'fn': 0}","{'p': 0.71, 'r': 0.83, 'f1': 0.77}","{'tp': 5, 'fp': 2, 'fn': 1}","{'p': 0.44, 'r': 0.67, 'f1': 0.53}","{'tp': 4, 'fp': 5, 'fn': 2}","{'p': 0.62, 'r': 0.83, 'f1': 0.71}","{'tp': 5, 'fp': 3, 'fn': 1}","{'p': 0.0, 'r': 0.0, 'f1': 0}","{'tp': 0, 'fp': 2, 'fn': 6}","{'p': 0.75, 'r': 1.0, 'f1': 0.86}","{'tp': 6, 'fp': 2, 'fn': 0}","{'p': 0.71, 'r': 0.83, 'f1': 0.77}","{'tp': 5, 'fp': 2, 'fn': 1}","{'p': 0.56, 'r': 0.83, 'f1': 0.67}","{'tp': 5, 'fp': 4, 'fn': 1}","{'p': 0.62, 'r': 0.83, 'f1': 0.71}","{'tp': 5, 'fp': 3, 'fn': 1}","{'p': 0.5, 'r': 0.17, 'f1': 0.25}","{'tp': 1, 'fp': 1, 'fn': 5}"
40,NCT01829009,sarcopenia|sarcopenic,sarcopenia,sarcopenia|loss of muscle|sarcopenic,sarcopenia|sarcopenic,sarcopenia|muscle mass loss|physical performance|functional status,sarcopenia,"{'p': 0.67, 'r': 1.0, 'f1': 0.8}","{'tp': 2, 'fp': 1, 'fn': 0}","{'p': 1.0, 'r': 1.0, 'f1': 1.0}","{'tp': 2, 'fp': 0, 'fn': 0}","{'p': 0.25, 'r': 0.5, 'f1': 0.33}","{'tp': 1, 'fp': 3, 'fn': 1}","{'p': 1.0, 'r': 0.5, 'f1': 0.67}","{'tp': 1, 'fp': 0, 'fn': 1}","{'p': 1.0, 'r': 0.5, 'f1': 0.67}","{'tp': 1, 'fp': 0, 'fn': 1}","{'p': 0.67, 'r': 1.0, 'f1': 0.8}","{'tp': 2, 'fp': 1, 'fn': 0}","{'p': 1.0, 'r': 1.0, 'f1': 1.0}","{'tp': 2, 'fp': 0, 'fn': 0}","{'p': 0.25, 'r': 0.5, 'f1': 0.33}","{'tp': 1, 'fp': 3, 'fn': 1}","{'p': 1.0, 'r': 0.5, 'f1': 0.67}","{'tp': 1, 'fp': 0, 'fn': 1}","{'p': 1.0, 'r': 0.5, 'f1': 0.67}","{'tp': 1, 'fp': 0, 'fn': 1}"
41,NCT02899858,spinal cord injured|paralyzed,paralysis|spinal cord injuries,spinal cord injured|paralyzed,spinal cord injured,spinal cord neural circuitry|standing|walking|lower limbs|lower spinal cord|paralyzed humans|physical therapy|pharmacological stimulation|epidural stimulation|intraspinal circuitry|intraspinal micro-stimulation - isms|fatigue resistant|natural standing|natural stepping activity|spinal cord injured  individual|bipedal humans|paralyzed|intraspinal neuroprosthetic|muscle group|existence of these spinal circuits|activate and control these circuits|mapping the spinal cord,spinal cord injuries|paralysis|lower extremity movement loss,"{'p': 1.0, 'r': 1.0, 'f1': 1.0}","{'tp': 2, 'fp': 0, 'fn': 0}","{'p': 1.0, 'r': 0.5, 'f1': 0.67}","{'tp': 1, 'fp': 0, 'fn': 1}","{'p': 0.05, 'r': 0.5, 'f1': 0.08}","{'tp': 1, 'fp': 21, 'fn': 1}","{'p': 0.0, 'r': 0.0, 'f1': 0}","{'tp': 0, 'fp': 3, 'fn': 2}","{'p': 0.0, 'r': 0.0, 'f1': 0}","{'tp': 0, 'fp': 2, 'fn': 2}","{'p': 1.0, 'r': 1.0, 'f1': 1.0}","{'tp': 2, 'fp': 0, 'fn': 0}","{'p': 1.0, 'r': 0.5, 'f1': 0.67}","{'tp': 1, 'fp': 0, 'fn': 1}","{'p': 0.11, 'r': 1.0, 'f1': 0.2}","{'tp': 2, 'fp': 16, 'fn': 0}","{'p': 0.33, 'r': 0.5, 'f1': 0.4}","{'tp': 1, 'fp': 2, 'fn': 1}","{'p': 0.5, 'r': 0.5, 'f1': 0.5}","{'tp': 1, 'fp': 1, 'fn': 1}"
42,NCT04709029,post-dural puncture headache|lower abdominal and lower limb surgeries,post-dural puncture headache,post-dural puncture headache|abdominal and lower limb surgeries,post-dural puncture headache|aneth|lower abdominal and lower|surge,post-dural puncture headache,post-dural puncture headache,"{'p': 0.5, 'r': 0.5, 'f1': 0.5}","{'tp': 1, 'fp': 1, 'fn': 1}","{'p': 0.25, 'r': 0.5, 'f1': 0.33}","{'tp': 1, 'fp': 3, 'fn': 1}","{'p': 1.0, 'r': 0.5, 'f1': 0.67}","{'tp': 1, 'fp': 0, 'fn': 1}","{'p': 1.0, 'r': 0.5, 'f1': 0.67}","{'tp': 1, 'fp': 0, 'fn': 1}","{'p': 1.0, 'r': 0.5, 'f1': 0.67}","{'tp': 1, 'fp': 0, 'fn': 1}","{'p': 1.0, 'r': 1.0, 'f1': 1.0}","{'tp': 2, 'fp': 0, 'fn': 0}","{'p': 0.25, 'r': 0.5, 'f1': 0.33}","{'tp': 1, 'fp': 3, 'fn': 1}","{'p': 1.0, 'r': 0.5, 'f1': 0.67}","{'tp': 1, 'fp': 0, 'fn': 1}","{'p': 1.0, 'r': 0.5, 'f1': 0.67}","{'tp': 1, 'fp': 0, 'fn': 1}","{'p': 1.0, 'r': 0.5, 'f1': 0.67}","{'tp': 1, 'fp': 0, 'fn': 1}"
43,NCT00537940,partial seizures,"epilepsy, complex partial|epilepsies, partial|epilepsy|epilepsies, partial",partial seizures,partial seizures,partial seizures,partial seizures,"{'p': 1.0, 'r': 1.0, 'f1': 1.0}","{'tp': 1, 'fp': 0, 'fn': 0}","{'p': 1.0, 'r': 1.0, 'f1': 1.0}","{'tp': 1, 'fp': 0, 'fn': 0}","{'p': 1.0, 'r': 1.0, 'f1': 1.0}","{'tp': 1, 'fp': 0, 'fn': 0}","{'p': 1.0, 'r': 1.0, 'f1': 1.0}","{'tp': 1, 'fp': 0, 'fn': 0}","{'p': 0.0, 'r': 0.0, 'f1': 0}","{'tp': 0, 'fp': 3, 'fn': 1}","{'p': 1.0, 'r': 1.0, 'f1': 1.0}","{'tp': 1, 'fp': 0, 'fn': 0}","{'p': 1.0, 'r': 1.0, 'f1': 1.0}","{'tp': 1, 'fp': 0, 'fn': 0}","{'p': 1.0, 'r': 1.0, 'f1': 1.0}","{'tp': 1, 'fp': 0, 'fn': 0}","{'p': 1.0, 'r': 1.0, 'f1': 1.0}","{'tp': 1, 'fp': 0, 'fn': 0}","{'p': 0.0, 'r': 0.0, 'f1': 0}","{'tp': 0, 'fp': 3, 'fn': 1}"
44,NCT02892097,stroke|unilateral spatial neglect,hemispatial neglect|stroke,unilateral spatial neglect following stroke|unilateral spatial neglect post stroke,stroke|unilateral spatial neglect|unilateral spatial neglect post stroke,unilateral spatial neglect|stroke|excitability in the brain|attention to the affected side|arm movement ability,unilateral spatial neglect post stroke,"{'p': 0.0, 'r': 0.0, 'f1': 0}","{'tp': 0, 'fp': 2, 'fn': 2}","{'p': 0.67, 'r': 1.0, 'f1': 0.8}","{'tp': 2, 'fp': 1, 'fn': 0}","{'p': 0.4, 'r': 1.0, 'f1': 0.57}","{'tp': 2, 'fp': 3, 'fn': 0}","{'p': 0.0, 'r': 0.0, 'f1': 0}","{'tp': 0, 'fp': 1, 'fn': 2}","{'p': 0.5, 'r': 0.5, 'f1': 0.5}","{'tp': 1, 'fp': 1, 'fn': 1}","{'p': 1.0, 'r': 1.0, 'f1': 1.0}","{'tp': 2, 'fp': 0, 'fn': 0}","{'p': 1.0, 'r': 1.0, 'f1': 1.0}","{'tp': 2, 'fp': 0, 'fn': 0}","{'p': 0.4, 'r': 1.0, 'f1': 0.57}","{'tp': 2, 'fp': 3, 'fn': 0}","{'p': 1.0, 'r': 1.0, 'f1': 1.0}","{'tp': 2, 'fp': 0, 'fn': 0}","{'p': 0.5, 'r': 0.5, 'f1': 0.5}","{'tp': 1, 'fp': 1, 'fn': 1}"
45,NCT05539287,drug resistant epilepsy|epilepsy|epileptic|dysbiosis|dre,drug resistant epilepsy,drug resistant epilepsy|epilepsy|epileptic|dysbiosis|dre|refractory form,drug resistant epilepsy|epilepsy|epileptic|dre|refractory form,epilepsy|dysbiosis|refractory form|probiotics|gut microbial disbalance|lactobacillus|gaba|bifidobacteria,drug resistant epilepsy|dysbiosis|epileptic symptoms,"{'p': 0.83, 'r': 1.0, 'f1': 0.91}","{'tp': 5, 'fp': 1, 'fn': 0}","{'p': 0.8, 'r': 0.8, 'f1': 0.8}","{'tp': 4, 'fp': 1, 'fn': 1}","{'p': 0.25, 'r': 0.4, 'f1': 0.31}","{'tp': 2, 'fp': 6, 'fn': 3}","{'p': 0.67, 'r': 0.4, 'f1': 0.5}","{'tp': 2, 'fp': 1, 'fn': 3}","{'p': 1.0, 'r': 0.2, 'f1': 0.33}","{'tp': 1, 'fp': 0, 'fn': 4}","{'p': 0.83, 'r': 1.0, 'f1': 0.91}","{'tp': 5, 'fp': 1, 'fn': 0}","{'p': 0.8, 'r': 0.8, 'f1': 0.8}","{'tp': 4, 'fp': 1, 'fn': 1}","{'p': 0.25, 'r': 0.4, 'f1': 0.31}","{'tp': 2, 'fp': 6, 'fn': 3}","{'p': 1.0, 'r': 0.8, 'f1': 0.89}","{'tp': 4, 'fp': 0, 'fn': 1}","{'p': 1.0, 'r': 0.4, 'f1': 0.57}","{'tp': 2, 'fp': 0, 'fn': 3}"
46,NCT01726998,stroke|subacute post-stroke non-ambulatory hemiplegic|first-ever stroke,hemiparetic patients after subacute stroke|stroke,hemiplegic|subacute post-stroke|-|stroke|first-ever stroke,subacute post-stroke|congestive heart failure|stroke attack|non-ambulatory hemiplegic|first-ever stroke,hemiplegic|stroke|congestive heart failure|cardiopulmonary dysfunctions|lower extremities|walking ability|functional ambulation category|muscles,stroke|lower extremities motor recovery|walking ability|hemiplegia,"{'p': 0.4, 'r': 0.67, 'f1': 0.5}","{'tp': 2, 'fp': 3, 'fn': 1}","{'p': 0.2, 'r': 0.33, 'f1': 0.25}","{'tp': 1, 'fp': 4, 'fn': 2}","{'p': 0.12, 'r': 0.33, 'f1': 0.18}","{'tp': 1, 'fp': 7, 'fn': 2}","{'p': 0.25, 'r': 0.33, 'f1': 0.29}","{'tp': 1, 'fp': 3, 'fn': 2}","{'p': 0.5, 'r': 0.33, 'f1': 0.4}","{'tp': 1, 'fp': 1, 'fn': 2}","{'p': 0.4, 'r': 0.67, 'f1': 0.5}","{'tp': 2, 'fp': 3, 'fn': 1}","{'p': 0.4, 'r': 0.67, 'f1': 0.5}","{'tp': 2, 'fp': 3, 'fn': 1}","{'p': 0.12, 'r': 0.33, 'f1': 0.18}","{'tp': 1, 'fp': 7, 'fn': 2}","{'p': 0.25, 'r': 0.33, 'f1': 0.29}","{'tp': 1, 'fp': 3, 'fn': 2}","{'p': 1.0, 'r': 0.33, 'f1': 0.5}","{'tp': 1, 'fp': 0, 'fn': 2}"
47,NCT02583386,multiple sclerosis,multiple sclerosis,multiple sclerosis,multiple sclerosis,multiple sclerosis|falls,multiple sclerosis|frequent falls,"{'p': 1.0, 'r': 1.0, 'f1': 1.0}","{'tp': 1, 'fp': 0, 'fn': 0}","{'p': 1.0, 'r': 1.0, 'f1': 1.0}","{'tp': 1, 'fp': 0, 'fn': 0}","{'p': 0.5, 'r': 1.0, 'f1': 0.67}","{'tp': 1, 'fp': 1, 'fn': 0}","{'p': 0.5, 'r': 1.0, 'f1': 0.67}","{'tp': 1, 'fp': 1, 'fn': 0}","{'p': 1.0, 'r': 1.0, 'f1': 1.0}","{'tp': 1, 'fp': 0, 'fn': 0}","{'p': 1.0, 'r': 1.0, 'f1': 1.0}","{'tp': 1, 'fp': 0, 'fn': 0}","{'p': 1.0, 'r': 1.0, 'f1': 1.0}","{'tp': 1, 'fp': 0, 'fn': 0}","{'p': 0.5, 'r': 1.0, 'f1': 0.67}","{'tp': 1, 'fp': 1, 'fn': 0}","{'p': 0.5, 'r': 1.0, 'f1': 0.67}","{'tp': 1, 'fp': 1, 'fn': 0}","{'p': 1.0, 'r': 1.0, 'f1': 1.0}","{'tp': 1, 'fp': 0, 'fn': 0}"
48,NCT00248222,minor ischemic stroke,stroke|stroke,minor ischemic stroke,minor ischemic stroke,,minor ischemic stroke,"{'p': 1.0, 'r': 1.0, 'f1': 1.0}","{'tp': 1, 'fp': 0, 'fn': 0}","{'p': 1.0, 'r': 1.0, 'f1': 1.0}","{'tp': 1, 'fp': 0, 'fn': 0}","{'p': 0.0, 'r': 0.0, 'f1': 0}","{'tp': 0, 'fp': 1, 'fn': 1}","{'p': 1.0, 'r': 1.0, 'f1': 1.0}","{'tp': 1, 'fp': 0, 'fn': 0}","{'p': 0.0, 'r': 0.0, 'f1': 0}","{'tp': 0, 'fp': 1, 'fn': 1}","{'p': 1.0, 'r': 1.0, 'f1': 1.0}","{'tp': 1, 'fp': 0, 'fn': 0}","{'p': 1.0, 'r': 1.0, 'f1': 1.0}","{'tp': 1, 'fp': 0, 'fn': 0}","{'p': 0.0, 'r': 0.0, 'f1': 0}","{'tp': 0, 'fp': 1, 'fn': 1}","{'p': 1.0, 'r': 1.0, 'f1': 1.0}","{'tp': 1, 'fp': 0, 'fn': 0}","{'p': 0.0, 'r': 0.0, 'f1': 0}","{'tp': 0, 'fp': 1, 'fn': 1}"
49,NCT01732289,"hearing loss|symmetric, sensorineural hearing loss",age-related hearing loss|presbycusis,hearing loss|age-related hearing loss|age related hearing loss|presbycusis|presbyacusis,"hearing loss|age-related hearing loss|age related hearing loss|presbycusis|symmetric, sensorineural hearing loss|presbyacusis",age-related hearing loss|presbyacusis,"age related hearing loss|presbyacusis|hearing loss, sensorineural","{'p': 0.2, 'r': 0.5, 'f1': 0.29}","{'tp': 1, 'fp': 4, 'fn': 1}","{'p': 0.33, 'r': 1.0, 'f1': 0.5}","{'tp': 2, 'fp': 4, 'fn': 0}","{'p': 0.0, 'r': 0.0, 'f1': 0}","{'tp': 0, 'fp': 2, 'fn': 2}","{'p': 0.0, 'r': 0.0, 'f1': 0}","{'tp': 0, 'fp': 3, 'fn': 2}","{'p': 0.0, 'r': 0.0, 'f1': 0}","{'tp': 0, 'fp': 2, 'fn': 2}","{'p': 0.33, 'r': 0.5, 'f1': 0.4}","{'tp': 1, 'fp': 2, 'fn': 1}","{'p': 0.5, 'r': 1.0, 'f1': 0.67}","{'tp': 2, 'fp': 2, 'fn': 0}","{'p': 0.5, 'r': 0.5, 'f1': 0.5}","{'tp': 1, 'fp': 1, 'fn': 1}","{'p': 0.33, 'r': 0.5, 'f1': 0.4}","{'tp': 1, 'fp': 2, 'fn': 1}","{'p': 0.5, 'r': 0.5, 'f1': 0.5}","{'tp': 1, 'fp': 1, 'fn': 1}"
50,NCT05527587,dementia,alzheimer disease|mild dementia|moderate dementia,dementia|stress,dementia|stress,dementia|quality of life|behaviors|neurobehavioral manifestations|psychological symptoms|physical health|measures of stress,dementia,"{'p': 0.5, 'r': 1.0, 'f1': 0.67}","{'tp': 1, 'fp': 1, 'fn': 0}","{'p': 0.5, 'r': 1.0, 'f1': 0.67}","{'tp': 1, 'fp': 1, 'fn': 0}","{'p': 0.14, 'r': 1.0, 'f1': 0.25}","{'tp': 1, 'fp': 6, 'fn': 0}","{'p': 1.0, 'r': 1.0, 'f1': 1.0}","{'tp': 1, 'fp': 0, 'fn': 0}","{'p': 0.0, 'r': 0.0, 'f1': 0}","{'tp': 0, 'fp': 3, 'fn': 1}","{'p': 0.5, 'r': 1.0, 'f1': 0.67}","{'tp': 1, 'fp': 1, 'fn': 0}","{'p': 0.5, 'r': 1.0, 'f1': 0.67}","{'tp': 1, 'fp': 1, 'fn': 0}","{'p': 0.14, 'r': 1.0, 'f1': 0.25}","{'tp': 1, 'fp': 6, 'fn': 0}","{'p': 1.0, 'r': 1.0, 'f1': 1.0}","{'tp': 1, 'fp': 0, 'fn': 0}","{'p': 0.5, 'r': 1.0, 'f1': 0.67}","{'tp': 1, 'fp': 1, 'fn': 0}"
51,NCT05622396,parkinson disease,parkinson disease,parkinson disease,parkinson disease,parkinson disease,parkinson disease,"{'p': 1.0, 'r': 1.0, 'f1': 1.0}","{'tp': 1, 'fp': 0, 'fn': 0}","{'p': 1.0, 'r': 1.0, 'f1': 1.0}","{'tp': 1, 'fp': 0, 'fn': 0}","{'p': 1.0, 'r': 1.0, 'f1': 1.0}","{'tp': 1, 'fp': 0, 'fn': 0}","{'p': 1.0, 'r': 1.0, 'f1': 1.0}","{'tp': 1, 'fp': 0, 'fn': 0}","{'p': 1.0, 'r': 1.0, 'f1': 1.0}","{'tp': 1, 'fp': 0, 'fn': 0}","{'p': 1.0, 'r': 1.0, 'f1': 1.0}","{'tp': 1, 'fp': 0, 'fn': 0}","{'p': 1.0, 'r': 1.0, 'f1': 1.0}","{'tp': 1, 'fp': 0, 'fn': 0}","{'p': 1.0, 'r': 1.0, 'f1': 1.0}","{'tp': 1, 'fp': 0, 'fn': 0}","{'p': 1.0, 'r': 1.0, 'f1': 1.0}","{'tp': 1, 'fp': 0, 'fn': 0}","{'p': 1.0, 'r': 1.0, 'f1': 1.0}","{'tp': 1, 'fp': 0, 'fn': 0}"
52,NCT02462629,tumor|central nervous system neoplasms|cancer|primary central nervous system tumors,central nervous system neoplasms,tumor|central nervous system neoplasms|cancer|primary central nervous system tumors,tumor|central nervous system neoplasms|cancer|primary central nervous system tumors,primary central nervous system tumors|cancer|surgery|patient survival|tumor tissue|normal tissue|tumor cells|tumor site|incomplete removal|reduced patient survival|brain|damage to normal tissue|adverse effects of surgery|function|blz-100|surgical outcomes|visualize the edges of the tumor|small groups of cancer cells|spread to other sites|safety study|pediatric patients,primary central nervous system tumors,"{'p': 1.0, 'r': 1.0, 'f1': 1.0}","{'tp': 4, 'fp': 0, 'fn': 0}","{'p': 1.0, 'r': 1.0, 'f1': 1.0}","{'tp': 4, 'fp': 0, 'fn': 0}","{'p': 0.1, 'r': 0.5, 'f1': 0.16}","{'tp': 2, 'fp': 19, 'fn': 2}","{'p': 1.0, 'r': 0.25, 'f1': 0.4}","{'tp': 1, 'fp': 0, 'fn': 3}","{'p': 1.0, 'r': 0.25, 'f1': 0.4}","{'tp': 1, 'fp': 0, 'fn': 3}","{'p': 1.0, 'r': 1.0, 'f1': 1.0}","{'tp': 4, 'fp': 0, 'fn': 0}","{'p': 1.0, 'r': 1.0, 'f1': 1.0}","{'tp': 4, 'fp': 0, 'fn': 0}","{'p': 0.22, 'r': 1.0, 'f1': 0.36}","{'tp': 4, 'fp': 14, 'fn': 0}","{'p': 1.0, 'r': 0.5, 'f1': 0.67}","{'tp': 2, 'fp': 0, 'fn': 2}","{'p': 1.0, 'r': 0.5, 'f1': 0.67}","{'tp': 2, 'fp': 0, 'fn': 2}"
53,NCT01966172,cardiac surgery,analgesia|postoperative pain,cardiac surgery|pain,cardiac surgery|pain,,pain after cardiac surgery,"{'p': 0.5, 'r': 1.0, 'f1': 0.67}","{'tp': 1, 'fp': 1, 'fn': 0}","{'p': 0.5, 'r': 1.0, 'f1': 0.67}","{'tp': 1, 'fp': 1, 'fn': 0}","{'p': 0.0, 'r': 0.0, 'f1': 0}","{'tp': 0, 'fp': 1, 'fn': 1}","{'p': 0.0, 'r': 0.0, 'f1': 0}","{'tp': 0, 'fp': 1, 'fn': 1}","{'p': 0.0, 'r': 0.0, 'f1': 0}","{'tp': 0, 'fp': 2, 'fn': 1}","{'p': 0.5, 'r': 1.0, 'f1': 0.67}","{'tp': 1, 'fp': 1, 'fn': 0}","{'p': 0.5, 'r': 1.0, 'f1': 0.67}","{'tp': 1, 'fp': 1, 'fn': 0}","{'p': 0.0, 'r': 0.0, 'f1': 0}","{'tp': 0, 'fp': 1, 'fn': 1}","{'p': 1.0, 'r': 1.0, 'f1': 1.0}","{'tp': 1, 'fp': 0, 'fn': 0}","{'p': 0.0, 'r': 0.0, 'f1': 0}","{'tp': 0, 'fp': 2, 'fn': 1}"
54,NCT03119246,early to moderate hd|huntington disease,huntington disease,early to moderate hd|huntington disease|huntington disease,early to moderate hd|huntington disease,huntington disease|motor deterioration|cognitive deterioration|behavioural deterioration|impairments in social cognition,huntington disease|relentless deterioration of motor functions|cognitive deterioration|behavioural deterioration|impairments in social cognition,"{'p': 1.0, 'r': 1.0, 'f1': 1.0}","{'tp': 2, 'fp': 0, 'fn': 0}","{'p': 1.0, 'r': 1.0, 'f1': 1.0}","{'tp': 2, 'fp': 0, 'fn': 0}","{'p': 0.2, 'r': 0.5, 'f1': 0.29}","{'tp': 1, 'fp': 4, 'fn': 1}","{'p': 0.2, 'r': 0.5, 'f1': 0.29}","{'tp': 1, 'fp': 4, 'fn': 1}","{'p': 1.0, 'r': 0.5, 'f1': 0.67}","{'tp': 1, 'fp': 0, 'fn': 1}","{'p': 1.0, 'r': 1.0, 'f1': 1.0}","{'tp': 2, 'fp': 0, 'fn': 0}","{'p': 1.0, 'r': 1.0, 'f1': 1.0}","{'tp': 2, 'fp': 0, 'fn': 0}","{'p': 0.2, 'r': 0.5, 'f1': 0.29}","{'tp': 1, 'fp': 4, 'fn': 1}","{'p': 0.2, 'r': 0.5, 'f1': 0.29}","{'tp': 1, 'fp': 4, 'fn': 1}","{'p': 1.0, 'r': 0.5, 'f1': 0.67}","{'tp': 1, 'fp': 0, 'fn': 1}"
55,NCT02571335,cognitive decline|multiple sclerosis|impaired functional capacity|reduced physical activity,multiple sclerosis,dementia|multiple sclerosis|chronic progressive or relapsing-remitting disease,dementia|multiple sclerosis|chronic progressive or relapsing-remitting disease,multiple sclerosis|cognitive decline|impaired functional capacity|reduced physical activity|demyelinization|axonal loss|neuroplasticity|recovery of motor functions|recovery of cognitive functions|cardiorespiratory fitness,multiple sclerosis|impaired functional capacity|reduced physical activity|cognitive decline,"{'p': 0.33, 'r': 0.25, 'f1': 0.29}","{'tp': 1, 'fp': 2, 'fn': 3}","{'p': 0.33, 'r': 0.25, 'f1': 0.29}","{'tp': 1, 'fp': 2, 'fn': 3}","{'p': 0.4, 'r': 1.0, 'f1': 0.57}","{'tp': 4, 'fp': 6, 'fn': 0}","{'p': 1.0, 'r': 1.0, 'f1': 1.0}","{'tp': 4, 'fp': 0, 'fn': 0}","{'p': 1.0, 'r': 0.25, 'f1': 0.4}","{'tp': 1, 'fp': 0, 'fn': 3}","{'p': 0.33, 'r': 0.25, 'f1': 0.29}","{'tp': 1, 'fp': 2, 'fn': 3}","{'p': 0.33, 'r': 0.25, 'f1': 0.29}","{'tp': 1, 'fp': 2, 'fn': 3}","{'p': 0.4, 'r': 1.0, 'f1': 0.57}","{'tp': 4, 'fp': 6, 'fn': 0}","{'p': 1.0, 'r': 1.0, 'f1': 1.0}","{'tp': 4, 'fp': 0, 'fn': 0}","{'p': 1.0, 'r': 0.25, 'f1': 0.4}","{'tp': 1, 'fp': 0, 'fn': 3}"
56,NCT01090934,epileptogenic|drug resistant partial epilepsies,"epilepsies, partial",epileps|drug resistant partial epilepsies,epilept|drug resistant partial epilepsies,"epilepsy|epilepsies, partial",drug resistant partial epilepsies,"{'p': 0.5, 'r': 0.5, 'f1': 0.5}","{'tp': 1, 'fp': 1, 'fn': 1}","{'p': 0.5, 'r': 0.5, 'f1': 0.5}","{'tp': 1, 'fp': 1, 'fn': 1}","{'p': 0.0, 'r': 0.0, 'f1': 0}","{'tp': 0, 'fp': 2, 'fn': 2}","{'p': 1.0, 'r': 0.5, 'f1': 0.67}","{'tp': 1, 'fp': 0, 'fn': 1}","{'p': 0.0, 'r': 0.0, 'f1': 0}","{'tp': 0, 'fp': 1, 'fn': 2}","{'p': 0.5, 'r': 0.5, 'f1': 0.5}","{'tp': 1, 'fp': 1, 'fn': 1}","{'p': 0.5, 'r': 0.5, 'f1': 0.5}","{'tp': 1, 'fp': 1, 'fn': 1}","{'p': 0.0, 'r': 0.0, 'f1': 0}","{'tp': 0, 'fp': 2, 'fn': 2}","{'p': 1.0, 'r': 0.5, 'f1': 0.67}","{'tp': 1, 'fp': 0, 'fn': 1}","{'p': 0.0, 'r': 0.0, 'f1': 0}","{'tp': 0, 'fp': 1, 'fn': 2}"
57,NCT00216502,dementia|alzheimer disease,alzheimer disease|brain diseases|dementia|mental disorders,alzheimer disease|dementia,alzheimer disease|dementia,alzheimer disease,alzheimer disease,"{'p': 1.0, 'r': 1.0, 'f1': 1.0}","{'tp': 2, 'fp': 0, 'fn': 0}","{'p': 1.0, 'r': 1.0, 'f1': 1.0}","{'tp': 2, 'fp': 0, 'fn': 0}","{'p': 1.0, 'r': 0.5, 'f1': 0.67}","{'tp': 1, 'fp': 0, 'fn': 1}","{'p': 1.0, 'r': 0.5, 'f1': 0.67}","{'tp': 1, 'fp': 0, 'fn': 1}","{'p': 0.5, 'r': 1.0, 'f1': 0.67}","{'tp': 2, 'fp': 2, 'fn': 0}","{'p': 1.0, 'r': 1.0, 'f1': 1.0}","{'tp': 2, 'fp': 0, 'fn': 0}","{'p': 1.0, 'r': 1.0, 'f1': 1.0}","{'tp': 2, 'fp': 0, 'fn': 0}","{'p': 1.0, 'r': 0.5, 'f1': 0.67}","{'tp': 1, 'fp': 0, 'fn': 1}","{'p': 1.0, 'r': 0.5, 'f1': 0.67}","{'tp': 1, 'fp': 0, 'fn': 1}","{'p': 0.5, 'r': 1.0, 'f1': 0.67}","{'tp': 2, 'fp': 2, 'fn': 0}"
58,NCT03386669,synucleinopathy|parkinsonism|parkinsonian disorders|parkinsonian|cbs|tauopathies|tauopathies|psp,parkinsonism|parkinsonian disorders,"synucleinopathy|parkinson disease|parkinsonism|parkinsonian disorders|pd|cbs|supranuclear palsy, progressive|progressive supranuclear palsy|corticobasal syndrome|parkinsonian tauopathies|tauopathies|tauopathies|psp","synucleinopathy|parkinson disease|parkinsonism|parkinsonian disorders|idiopathic pd|cbs|supranuclear palsy, progressive|progressive supranuclear palsy|corticobasal syndrome|parkinsonian tauopathies|tauopathies|tauopathies|psp","supranuclear palsy, progressive|progressive supranuclear palsy|corticobasal syndrome|parkinson disease|tauopathies|synucleinopathy|neurofibrillary tangles|motor features|cognitive features|cortical thinning","supranuclear palsy, progressive|progressive supranuclear palsy|corticobasal syndrome|parkinson disease","{'p': 0.5, 'r': 0.86, 'f1': 0.63}","{'tp': 6, 'fp': 6, 'fn': 1}","{'p': 0.5, 'r': 0.86, 'f1': 0.63}","{'tp': 6, 'fp': 6, 'fn': 1}","{'p': 0.2, 'r': 0.29, 'f1': 0.24}","{'tp': 2, 'fp': 8, 'fn': 5}","{'p': 0.0, 'r': 0.0, 'f1': 0}","{'tp': 0, 'fp': 4, 'fn': 7}","{'p': 1.0, 'r': 0.29, 'f1': 0.44}","{'tp': 2, 'fp': 0, 'fn': 5}","{'p': 0.58, 'r': 1.0, 'f1': 0.74}","{'tp': 7, 'fp': 5, 'fn': 0}","{'p': 0.58, 'r': 1.0, 'f1': 0.74}","{'tp': 7, 'fp': 5, 'fn': 0}","{'p': 0.2, 'r': 0.29, 'f1': 0.24}","{'tp': 2, 'fp': 8, 'fn': 5}","{'p': 0.0, 'r': 0.0, 'f1': 0}","{'tp': 0, 'fp': 4, 'fn': 7}","{'p': 1.0, 'r': 0.43, 'f1': 0.6}","{'tp': 3, 'fp': 0, 'fn': 4}"
59,NCT02976766,optic neuritis|acute optic neuritis,optic neuritis,optic neuritis|acute optic neuritis,optic neuritis|acute optic neuritis,optic neuritis|acute optic neuritis,optic neuritis,"{'p': 1.0, 'r': 1.0, 'f1': 1.0}","{'tp': 2, 'fp': 0, 'fn': 0}","{'p': 1.0, 'r': 1.0, 'f1': 1.0}","{'tp': 2, 'fp': 0, 'fn': 0}","{'p': 1.0, 'r': 1.0, 'f1': 1.0}","{'tp': 2, 'fp': 0, 'fn': 0}","{'p': 1.0, 'r': 0.5, 'f1': 0.67}","{'tp': 1, 'fp': 0, 'fn': 1}","{'p': 1.0, 'r': 0.5, 'f1': 0.67}","{'tp': 1, 'fp': 0, 'fn': 1}","{'p': 1.0, 'r': 1.0, 'f1': 1.0}","{'tp': 2, 'fp': 0, 'fn': 0}","{'p': 1.0, 'r': 1.0, 'f1': 1.0}","{'tp': 2, 'fp': 0, 'fn': 0}","{'p': 1.0, 'r': 1.0, 'f1': 1.0}","{'tp': 2, 'fp': 0, 'fn': 0}","{'p': 1.0, 'r': 1.0, 'f1': 1.0}","{'tp': 2, 'fp': 0, 'fn': 0}","{'p': 1.0, 'r': 1.0, 'f1': 1.0}","{'tp': 2, 'fp': 0, 'fn': 0}"
60,NCT00665223,huntington disease,huntington disease,huntington disease,huntington disease,huntington disease,huntington disease,"{'p': 1.0, 'r': 1.0, 'f1': 1.0}","{'tp': 1, 'fp': 0, 'fn': 0}","{'p': 1.0, 'r': 1.0, 'f1': 1.0}","{'tp': 1, 'fp': 0, 'fn': 0}","{'p': 1.0, 'r': 1.0, 'f1': 1.0}","{'tp': 1, 'fp': 0, 'fn': 0}","{'p': 1.0, 'r': 1.0, 'f1': 1.0}","{'tp': 1, 'fp': 0, 'fn': 0}","{'p': 1.0, 'r': 1.0, 'f1': 1.0}","{'tp': 1, 'fp': 0, 'fn': 0}","{'p': 1.0, 'r': 1.0, 'f1': 1.0}","{'tp': 1, 'fp': 0, 'fn': 0}","{'p': 1.0, 'r': 1.0, 'f1': 1.0}","{'tp': 1, 'fp': 0, 'fn': 0}","{'p': 1.0, 'r': 1.0, 'f1': 1.0}","{'tp': 1, 'fp': 0, 'fn': 0}","{'p': 1.0, 'r': 1.0, 'f1': 1.0}","{'tp': 1, 'fp': 0, 'fn': 0}","{'p': 1.0, 'r': 1.0, 'f1': 1.0}","{'tp': 1, 'fp': 0, 'fn': 0}"
61,NCT02474407,refractory (drug-resistant) epilepsy|drug resistant epilepsy,drug resistant epilepsy,drug resistant epilepsy|refractory (drug-resistant) epilepsy,drug resistant epilepsy|refractory (drug-resistant) epilepsy,drug resistant epilepsy|drug-resistant epilepsy,drug resistant epilepsy,"{'p': 1.0, 'r': 1.0, 'f1': 1.0}","{'tp': 2, 'fp': 0, 'fn': 0}","{'p': 1.0, 'r': 1.0, 'f1': 1.0}","{'tp': 2, 'fp': 0, 'fn': 0}","{'p': 0.5, 'r': 0.5, 'f1': 0.5}","{'tp': 1, 'fp': 1, 'fn': 1}","{'p': 1.0, 'r': 0.5, 'f1': 0.67}","{'tp': 1, 'fp': 0, 'fn': 1}","{'p': 1.0, 'r': 0.5, 'f1': 0.67}","{'tp': 1, 'fp': 0, 'fn': 1}","{'p': 1.0, 'r': 1.0, 'f1': 1.0}","{'tp': 2, 'fp': 0, 'fn': 0}","{'p': 1.0, 'r': 1.0, 'f1': 1.0}","{'tp': 2, 'fp': 0, 'fn': 0}","{'p': 0.5, 'r': 0.5, 'f1': 0.5}","{'tp': 1, 'fp': 1, 'fn': 1}","{'p': 1.0, 'r': 0.5, 'f1': 0.67}","{'tp': 1, 'fp': 0, 'fn': 1}","{'p': 1.0, 'r': 0.5, 'f1': 0.67}","{'tp': 1, 'fp': 0, 'fn': 1}"
62,NCT00183625,schizophrenia,schizophrenia,schizophrenia,schizophrenia,schizophrenia|risperidone|olanzapine|job,schizophrenia,"{'p': 1.0, 'r': 1.0, 'f1': 1.0}","{'tp': 1, 'fp': 0, 'fn': 0}","{'p': 1.0, 'r': 1.0, 'f1': 1.0}","{'tp': 1, 'fp': 0, 'fn': 0}","{'p': 0.25, 'r': 1.0, 'f1': 0.4}","{'tp': 1, 'fp': 3, 'fn': 0}","{'p': 1.0, 'r': 1.0, 'f1': 1.0}","{'tp': 1, 'fp': 0, 'fn': 0}","{'p': 1.0, 'r': 1.0, 'f1': 1.0}","{'tp': 1, 'fp': 0, 'fn': 0}","{'p': 1.0, 'r': 1.0, 'f1': 1.0}","{'tp': 1, 'fp': 0, 'fn': 0}","{'p': 1.0, 'r': 1.0, 'f1': 1.0}","{'tp': 1, 'fp': 0, 'fn': 0}","{'p': 0.25, 'r': 1.0, 'f1': 0.4}","{'tp': 1, 'fp': 3, 'fn': 0}","{'p': 1.0, 'r': 1.0, 'f1': 1.0}","{'tp': 1, 'fp': 0, 'fn': 0}","{'p': 1.0, 'r': 1.0, 'f1': 1.0}","{'tp': 1, 'fp': 0, 'fn': 0}"
63,NCT05696665,parkinson disease|pd|oxidative stress|parkinson disease,neurodegenerative diseases|parkinson disease,parkinson disease|pd|parkinson disease|'s disease,parkinson disease|parkinson disease,parkinson disease|neurodegenerative progression|dopaminergic loss|neuronal loss|alpha-synuclein aggregation|antioxidant activities|anti-inflammatory activities|neurological disorders|psychometric measures|mds-unified parkinson's disease rating scale|biomarkers|alpha-synuclein|oxidative stress-related,parkinson disease|mds-unified parkinson's disease rating scale|alpha-synuclein|oxidative stress-related to parkinson's disease,"{'p': 0.67, 'r': 0.67, 'f1': 0.67}","{'tp': 2, 'fp': 1, 'fn': 1}","{'p': 1.0, 'r': 0.33, 'f1': 0.5}","{'tp': 1, 'fp': 0, 'fn': 2}","{'p': 0.08, 'r': 0.33, 'f1': 0.12}","{'tp': 1, 'fp': 12, 'fn': 2}","{'p': 0.25, 'r': 0.33, 'f1': 0.29}","{'tp': 1, 'fp': 3, 'fn': 2}","{'p': 0.5, 'r': 0.33, 'f1': 0.4}","{'tp': 1, 'fp': 1, 'fn': 2}","{'p': 0.67, 'r': 0.67, 'f1': 0.67}","{'tp': 2, 'fp': 1, 'fn': 1}","{'p': 1.0, 'r': 0.33, 'f1': 0.5}","{'tp': 1, 'fp': 0, 'fn': 2}","{'p': 0.08, 'r': 0.33, 'f1': 0.12}","{'tp': 1, 'fp': 12, 'fn': 2}","{'p': 0.25, 'r': 0.33, 'f1': 0.29}","{'tp': 1, 'fp': 3, 'fn': 2}","{'p': 0.5, 'r': 0.33, 'f1': 0.4}","{'tp': 1, 'fp': 1, 'fn': 2}"
64,NCT05606653,"sleep apnea, obstructive|airway collapsibility",sleep apnea syndromes,"sleep apnea, obstructive","sleep apnea, obstructive","sleep apnea, obstructive|abnormal upper airway collapsibility|critical closure airway pressure|airway collapsibility|didgeridoo players|circular respiration|breathing technique|mouth muscles","sleep apnea, obstructive|abnormal upper airway collapsibility|airway collapsibility","{'p': 1.0, 'r': 0.5, 'f1': 0.67}","{'tp': 1, 'fp': 0, 'fn': 1}","{'p': 1.0, 'r': 0.5, 'f1': 0.67}","{'tp': 1, 'fp': 0, 'fn': 1}","{'p': 0.25, 'r': 1.0, 'f1': 0.4}","{'tp': 2, 'fp': 6, 'fn': 0}","{'p': 0.67, 'r': 1.0, 'f1': 0.8}","{'tp': 2, 'fp': 1, 'fn': 0}","{'p': 0.0, 'r': 0.0, 'f1': 0}","{'tp': 0, 'fp': 1, 'fn': 2}","{'p': 1.0, 'r': 0.5, 'f1': 0.67}","{'tp': 1, 'fp': 0, 'fn': 1}","{'p': 1.0, 'r': 0.5, 'f1': 0.67}","{'tp': 1, 'fp': 0, 'fn': 1}","{'p': 0.29, 'r': 1.0, 'f1': 0.44}","{'tp': 2, 'fp': 5, 'fn': 0}","{'p': 1.0, 'r': 1.0, 'f1': 1.0}","{'tp': 2, 'fp': 0, 'fn': 0}","{'p': 0.0, 'r': 0.0, 'f1': 0}","{'tp': 0, 'fp': 1, 'fn': 2}"
65,NCT01865721,pain|screening colonoscopy,analgesia|bowel cancer screening|colonoscopy|entonox,pain|screening colonoscopy,screening colonoscopy,,pain levels,"{'p': 1.0, 'r': 1.0, 'f1': 1.0}","{'tp': 2, 'fp': 0, 'fn': 0}","{'p': 1.0, 'r': 0.5, 'f1': 0.67}","{'tp': 1, 'fp': 0, 'fn': 1}","{'p': 0.0, 'r': 0.0, 'f1': 0}","{'tp': 0, 'fp': 1, 'fn': 2}","{'p': 0.0, 'r': 0.0, 'f1': 0}","{'tp': 0, 'fp': 1, 'fn': 2}","{'p': 0.0, 'r': 0.0, 'f1': 0}","{'tp': 0, 'fp': 4, 'fn': 2}","{'p': 1.0, 'r': 1.0, 'f1': 1.0}","{'tp': 2, 'fp': 0, 'fn': 0}","{'p': 1.0, 'r': 0.5, 'f1': 0.67}","{'tp': 1, 'fp': 0, 'fn': 1}","{'p': 0.0, 'r': 0.0, 'f1': 0}","{'tp': 0, 'fp': 1, 'fn': 2}","{'p': 1.0, 'r': 0.5, 'f1': 0.67}","{'tp': 1, 'fp': 0, 'fn': 1}","{'p': 0.0, 'r': 0.0, 'f1': 0}","{'tp': 0, 'fp': 4, 'fn': 2}"
66,NCT01866384,hematoma growth|cerebral edema|cerebral hemorrhage|spontaneous intra-cerebral/intra-parenchymal hemorrhage|early hematoma growth|intra-parenchymal hemorrhage,cerebral hemorrhage|hypothermia,hematoma growth|cerebral edema|mih|cerebral hemorrhage|intra-parenchymal hemorrhage|hg)|early hematoma growth (|spontaneous intra-cerebral/intra-parenchymal hemorrhage,cerebral edema|cerebral hemorrhage|early hematoma growth|intra-parenchymal hemorrhage|spontaneous intra-cerebral/intra-parenchymal hemorrhage,early hematoma growth|neurological deterioration|poor clinical outcome|inflammatory activation|degradation of blood-brain barrier|ultra-early protocol of active temperature modulation|targeted temperature management|systemic and local inflammatory responses|cerebral edema,cerebral hemorrhage|early hematoma growth|neurological deterioration|poor clinical outcome|inflammatory activation|degradation of blood-brain barrier|brain injuries|cerebral edema|systemic and local inflammatory responses,"{'p': 0.62, 'r': 0.83, 'f1': 0.71}","{'tp': 5, 'fp': 3, 'fn': 1}","{'p': 1.0, 'r': 0.83, 'f1': 0.91}","{'tp': 5, 'fp': 0, 'fn': 1}","{'p': 0.22, 'r': 0.33, 'f1': 0.27}","{'tp': 2, 'fp': 7, 'fn': 4}","{'p': 0.33, 'r': 0.5, 'f1': 0.4}","{'tp': 3, 'fp': 6, 'fn': 3}","{'p': 0.5, 'r': 0.17, 'f1': 0.25}","{'tp': 1, 'fp': 1, 'fn': 5}","{'p': 0.75, 'r': 1.0, 'f1': 0.86}","{'tp': 6, 'fp': 2, 'fn': 0}","{'p': 1.0, 'r': 1.0, 'f1': 1.0}","{'tp': 6, 'fp': 0, 'fn': 0}","{'p': 0.3, 'r': 0.5, 'f1': 0.37}","{'tp': 3, 'fp': 7, 'fn': 3}","{'p': 0.4, 'r': 0.67, 'f1': 0.5}","{'tp': 4, 'fp': 6, 'fn': 2}","{'p': 0.5, 'r': 0.17, 'f1': 0.25}","{'tp': 1, 'fp': 1, 'fn': 5}"
67,NCT03621878,peripheral sensitization|pain|lumbosacral radiculopathy,radiculopathy,peripheral sensitization|pain|radiculopathy,peripheral sensitization|pain|lumbosacral radiculopathy,lumbosacral radiculopathy|peripheral sensitization|pain|hip range of motion|knee range of motion,lumbosacral radiculopathy|peripheral sensitization|pain|hip and knee range of motion,"{'p': 0.67, 'r': 0.67, 'f1': 0.67}","{'tp': 2, 'fp': 1, 'fn': 1}","{'p': 1.0, 'r': 1.0, 'f1': 1.0}","{'tp': 3, 'fp': 0, 'fn': 0}","{'p': 0.6, 'r': 1.0, 'f1': 0.75}","{'tp': 3, 'fp': 2, 'fn': 0}","{'p': 0.75, 'r': 1.0, 'f1': 0.86}","{'tp': 3, 'fp': 1, 'fn': 0}","{'p': 0.0, 'r': 0.0, 'f1': 0}","{'tp': 0, 'fp': 1, 'fn': 3}","{'p': 0.67, 'r': 0.67, 'f1': 0.67}","{'tp': 2, 'fp': 1, 'fn': 1}","{'p': 1.0, 'r': 1.0, 'f1': 1.0}","{'tp': 3, 'fp': 0, 'fn': 0}","{'p': 0.6, 'r': 1.0, 'f1': 0.75}","{'tp': 3, 'fp': 2, 'fn': 0}","{'p': 0.75, 'r': 1.0, 'f1': 0.86}","{'tp': 3, 'fp': 1, 'fn': 0}","{'p': 0.0, 'r': 0.0, 'f1': 0}","{'tp': 0, 'fp': 1, 'fn': 3}"
68,NCT04241679,"translabyrinthine vestibular schwannoma resection|asymmetric sensorineural hearing loss|cochlear implantation|translabyrinthine surgery for vestibular schwannoma resection|neuroma, acoustic|cochlear implant","neuroma, acoustic|asymmetric sensorineural hearing loss|auditory; nerve|cochlear nerve damage|cochlear nerve deafness|hearing loss, sensorineural|skull base neoplasms|neuroma, acoustic","vestibular schwannoma resection|asymmetric sensorineural hearing loss|neuroma, acoustic|translabyrinthine surgery|simultaneous translabyrinthine vestibular schwannoma resection","neuroma, acoustic|vestibular schwannoma resection|asymmetric sensorineural hearing loss","neuroma, acoustic|hearing loss, sensorineural","neuroma, acoustic|asymmetric sensorineural hearing loss","{'p': 0.4, 'r': 0.33, 'f1': 0.36}","{'tp': 2, 'fp': 3, 'fn': 4}","{'p': 0.67, 'r': 0.33, 'f1': 0.44}","{'tp': 2, 'fp': 1, 'fn': 4}","{'p': 0.5, 'r': 0.17, 'f1': 0.25}","{'tp': 1, 'fp': 1, 'fn': 5}","{'p': 1.0, 'r': 0.33, 'f1': 0.5}","{'tp': 2, 'fp': 0, 'fn': 4}","{'p': 0.29, 'r': 0.33, 'f1': 0.31}","{'tp': 2, 'fp': 5, 'fn': 4}","{'p': 0.8, 'r': 0.67, 'f1': 0.73}","{'tp': 4, 'fp': 1, 'fn': 2}","{'p': 1.0, 'r': 0.5, 'f1': 0.67}","{'tp': 3, 'fp': 0, 'fn': 3}","{'p': 0.5, 'r': 0.17, 'f1': 0.25}","{'tp': 1, 'fp': 1, 'fn': 5}","{'p': 1.0, 'r': 0.33, 'f1': 0.5}","{'tp': 2, 'fp': 0, 'fn': 4}","{'p': 0.29, 'r': 0.33, 'f1': 0.31}","{'tp': 2, 'fp': 5, 'fn': 4}"
69,NCT00370838,tics|tourette syndrome|tics,tic disorders|tourette syndrome,tics|tourette syndrome,tics|tourette syndrome|tics,tourette syndrome|tics|tic-suppressing profile|tic-suppressing medication|side-effects,tourette syndrome|tics,"{'p': 1.0, 'r': 1.0, 'f1': 1.0}","{'tp': 2, 'fp': 0, 'fn': 0}","{'p': 1.0, 'r': 1.0, 'f1': 1.0}","{'tp': 2, 'fp': 0, 'fn': 0}","{'p': 0.4, 'r': 1.0, 'f1': 0.57}","{'tp': 2, 'fp': 3, 'fn': 0}","{'p': 1.0, 'r': 1.0, 'f1': 1.0}","{'tp': 2, 'fp': 0, 'fn': 0}","{'p': 0.5, 'r': 0.5, 'f1': 0.5}","{'tp': 1, 'fp': 1, 'fn': 1}","{'p': 1.0, 'r': 1.0, 'f1': 1.0}","{'tp': 2, 'fp': 0, 'fn': 0}","{'p': 1.0, 'r': 1.0, 'f1': 1.0}","{'tp': 2, 'fp': 0, 'fn': 0}","{'p': 0.4, 'r': 1.0, 'f1': 0.57}","{'tp': 2, 'fp': 3, 'fn': 0}","{'p': 1.0, 'r': 1.0, 'f1': 1.0}","{'tp': 2, 'fp': 0, 'fn': 0}","{'p': 0.5, 'r': 0.5, 'f1': 0.5}","{'tp': 1, 'fp': 1, 'fn': 1}"
70,NCT04164810,pain catastrophization|pcs|chronic pain|neuralgia|neuropathic pain|pain|spinal cord injuries,neuralgia|neuropathic pain|spinal cord injuries,pain catastrophization|chronic lumbar pain|chronic pain|neuralgia|neuropathic pain|pain|spinal cord injuries,pain catastrophization|fibromyalgia|chronic lumbar pain|chronic pain|cat|neuralgia|neuropathic pain|pain|spinal cord injuries,spinal cord injuries|pain catastrophization|fibromyalgia|chronic lumbar pain,spinal cord injuries|neuralgia|neuropathic pain|pain catastrophization|chronic pain,"{'p': 0.86, 'r': 0.86, 'f1': 0.86}","{'tp': 6, 'fp': 1, 'fn': 1}","{'p': 0.67, 'r': 0.86, 'f1': 0.75}","{'tp': 6, 'fp': 3, 'fn': 1}","{'p': 0.5, 'r': 0.29, 'f1': 0.36}","{'tp': 2, 'fp': 2, 'fn': 5}","{'p': 1.0, 'r': 0.71, 'f1': 0.83}","{'tp': 5, 'fp': 0, 'fn': 2}","{'p': 1.0, 'r': 0.43, 'f1': 0.6}","{'tp': 3, 'fp': 0, 'fn': 4}","{'p': 1.0, 'r': 0.86, 'f1': 0.92}","{'tp': 6, 'fp': 0, 'fn': 1}","{'p': 0.75, 'r': 0.86, 'f1': 0.8}","{'tp': 6, 'fp': 2, 'fn': 1}","{'p': 0.8, 'r': 0.57, 'f1': 0.67}","{'tp': 4, 'fp': 1, 'fn': 3}","{'p': 1.0, 'r': 0.86, 'f1': 0.92}","{'tp': 6, 'fp': 0, 'fn': 1}","{'p': 1.0, 'r': 0.57, 'f1': 0.73}","{'tp': 4, 'fp': 0, 'fn': 3}"
71,NCT03916029,ear and hearing problems,"hearing loss, conductive|otitis media",ear and hearing health|ear and hearing problems|torres strait islander,ear and hearing problems,ear assessment|ear and hearing problems|education outcomes,ear and hearing health problems,"{'p': 0.33, 'r': 1.0, 'f1': 0.5}","{'tp': 1, 'fp': 2, 'fn': 0}","{'p': 1.0, 'r': 1.0, 'f1': 1.0}","{'tp': 1, 'fp': 0, 'fn': 0}","{'p': 0.33, 'r': 1.0, 'f1': 0.5}","{'tp': 1, 'fp': 2, 'fn': 0}","{'p': 0.0, 'r': 0.0, 'f1': 0}","{'tp': 0, 'fp': 1, 'fn': 1}","{'p': 0.0, 'r': 0.0, 'f1': 0}","{'tp': 0, 'fp': 2, 'fn': 1}","{'p': 0.5, 'r': 1.0, 'f1': 0.67}","{'tp': 1, 'fp': 1, 'fn': 0}","{'p': 1.0, 'r': 1.0, 'f1': 1.0}","{'tp': 1, 'fp': 0, 'fn': 0}","{'p': 0.33, 'r': 1.0, 'f1': 0.5}","{'tp': 1, 'fp': 2, 'fn': 0}","{'p': 1.0, 'r': 1.0, 'f1': 1.0}","{'tp': 1, 'fp': 0, 'fn': 0}","{'p': 0.0, 'r': 0.0, 'f1': 0}","{'tp': 0, 'fp': 2, 'fn': 1}"
72,NCT00818428,speech sound disorders|speech sounds disorders,developmental articulation disorder|dyslexia|articulation disorders|articulation disorders,reading disability|dyslexia|speech sound disorders|speech sounds disorders|phonological awareness deficits,reading disability|dyslexia|speech sound disorders|speech sounds disorders|awareness deficits,dyslexia|phonological awareness skills|speech sound disorders|articulation accuracy|speech perception skills|vocabulary knowledge|reading disability,speech sound disorders|dyslexia|poor phonological awareness skills|reading disability,"{'p': 0.4, 'r': 1.0, 'f1': 0.57}","{'tp': 2, 'fp': 3, 'fn': 0}","{'p': 0.4, 'r': 1.0, 'f1': 0.57}","{'tp': 2, 'fp': 3, 'fn': 0}","{'p': 0.14, 'r': 0.5, 'f1': 0.22}","{'tp': 1, 'fp': 6, 'fn': 1}","{'p': 0.25, 'r': 0.5, 'f1': 0.33}","{'tp': 1, 'fp': 3, 'fn': 1}","{'p': 0.0, 'r': 0.0, 'f1': 0}","{'tp': 0, 'fp': 3, 'fn': 2}","{'p': 0.4, 'r': 1.0, 'f1': 0.57}","{'tp': 2, 'fp': 3, 'fn': 0}","{'p': 0.4, 'r': 1.0, 'f1': 0.57}","{'tp': 2, 'fp': 3, 'fn': 0}","{'p': 0.25, 'r': 1.0, 'f1': 0.4}","{'tp': 2, 'fp': 6, 'fn': 0}","{'p': 0.4, 'r': 1.0, 'f1': 0.57}","{'tp': 2, 'fp': 3, 'fn': 0}","{'p': 0.0, 'r': 0.0, 'f1': 0}","{'tp': 0, 'fp': 3, 'fn': 2}"
73,NCT05490576,chronic traumatic encephalopathy|traumatic encephalopathy syndrome,"chronic traumatic encephalopathy|cognitive impairment|head injury trauma|neurodegenerative diseases|brain injuries, traumatic|traumatic encephalopathy",chronic traumatic encephalopathy|traumatic encephalopathy syndrome,chronic traumatic encephalopathy|traumatic encephalopathy syndrome|tra,traumatic encephalopathy syndrome|neurodegenerative diseases,traumatic encephalopathy syndrome|tau protein deposition,"{'p': 1.0, 'r': 1.0, 'f1': 1.0}","{'tp': 2, 'fp': 0, 'fn': 0}","{'p': 0.67, 'r': 1.0, 'f1': 0.8}","{'tp': 2, 'fp': 1, 'fn': 0}","{'p': 0.5, 'r': 0.5, 'f1': 0.5}","{'tp': 1, 'fp': 1, 'fn': 1}","{'p': 0.5, 'r': 0.5, 'f1': 0.5}","{'tp': 1, 'fp': 1, 'fn': 1}","{'p': 0.17, 'r': 0.5, 'f1': 0.25}","{'tp': 1, 'fp': 5, 'fn': 1}","{'p': 1.0, 'r': 1.0, 'f1': 1.0}","{'tp': 2, 'fp': 0, 'fn': 0}","{'p': 0.67, 'r': 1.0, 'f1': 0.8}","{'tp': 2, 'fp': 1, 'fn': 0}","{'p': 0.67, 'r': 1.0, 'f1': 0.8}","{'tp': 2, 'fp': 1, 'fn': 0}","{'p': 0.67, 'r': 1.0, 'f1': 0.8}","{'tp': 2, 'fp': 1, 'fn': 0}","{'p': 0.33, 'r': 1.0, 'f1': 0.5}","{'tp': 2, 'fp': 4, 'fn': 0}"
74,NCT04210063,spinal cord injuries,spinal cord injuries,spinal cord injuries,spinal cord injuries,,spinal cord injuries|breathing|balance|blood pressure maintenance,"{'p': 1.0, 'r': 1.0, 'f1': 1.0}","{'tp': 1, 'fp': 0, 'fn': 0}","{'p': 1.0, 'r': 1.0, 'f1': 1.0}","{'tp': 1, 'fp': 0, 'fn': 0}","{'p': 0.0, 'r': 0.0, 'f1': 0}","{'tp': 0, 'fp': 1, 'fn': 1}","{'p': 0.25, 'r': 1.0, 'f1': 0.4}","{'tp': 1, 'fp': 3, 'fn': 0}","{'p': 1.0, 'r': 1.0, 'f1': 1.0}","{'tp': 1, 'fp': 0, 'fn': 0}","{'p': 1.0, 'r': 1.0, 'f1': 1.0}","{'tp': 1, 'fp': 0, 'fn': 0}","{'p': 1.0, 'r': 1.0, 'f1': 1.0}","{'tp': 1, 'fp': 0, 'fn': 0}","{'p': 0.0, 'r': 0.0, 'f1': 0}","{'tp': 0, 'fp': 1, 'fn': 1}","{'p': 0.25, 'r': 1.0, 'f1': 0.4}","{'tp': 1, 'fp': 3, 'fn': 0}","{'p': 1.0, 'r': 1.0, 'f1': 1.0}","{'tp': 1, 'fp': 0, 'fn': 0}"
75,NCT00608660,bell palsy,bell palsy,bell palsy,bell palsy,bell palsy|staging acupuncture|moxibustion,bell palsy,"{'p': 1.0, 'r': 1.0, 'f1': 1.0}","{'tp': 1, 'fp': 0, 'fn': 0}","{'p': 1.0, 'r': 1.0, 'f1': 1.0}","{'tp': 1, 'fp': 0, 'fn': 0}","{'p': 0.33, 'r': 1.0, 'f1': 0.5}","{'tp': 1, 'fp': 2, 'fn': 0}","{'p': 1.0, 'r': 1.0, 'f1': 1.0}","{'tp': 1, 'fp': 0, 'fn': 0}","{'p': 1.0, 'r': 1.0, 'f1': 1.0}","{'tp': 1, 'fp': 0, 'fn': 0}","{'p': 1.0, 'r': 1.0, 'f1': 1.0}","{'tp': 1, 'fp': 0, 'fn': 0}","{'p': 1.0, 'r': 1.0, 'f1': 1.0}","{'tp': 1, 'fp': 0, 'fn': 0}","{'p': 0.33, 'r': 1.0, 'f1': 0.5}","{'tp': 1, 'fp': 2, 'fn': 0}","{'p': 1.0, 'r': 1.0, 'f1': 1.0}","{'tp': 1, 'fp': 0, 'fn': 0}","{'p': 1.0, 'r': 1.0, 'f1': 1.0}","{'tp': 1, 'fp': 0, 'fn': 0}"
76,NCT00142324,agitation|dementia|alzheimer disease,alzheimer disease,agitation|alzheimer disease|dementia,agitation|alzheimer disease|dementia,alzheimer disease|agitation|dementia,dementia|agitation in dementia|alzheimer disease,"{'p': 1.0, 'r': 1.0, 'f1': 1.0}","{'tp': 3, 'fp': 0, 'fn': 0}","{'p': 1.0, 'r': 1.0, 'f1': 1.0}","{'tp': 3, 'fp': 0, 'fn': 0}","{'p': 1.0, 'r': 1.0, 'f1': 1.0}","{'tp': 3, 'fp': 0, 'fn': 0}","{'p': 0.67, 'r': 0.67, 'f1': 0.67}","{'tp': 2, 'fp': 1, 'fn': 1}","{'p': 1.0, 'r': 0.33, 'f1': 0.5}","{'tp': 1, 'fp': 0, 'fn': 2}","{'p': 1.0, 'r': 1.0, 'f1': 1.0}","{'tp': 3, 'fp': 0, 'fn': 0}","{'p': 1.0, 'r': 1.0, 'f1': 1.0}","{'tp': 3, 'fp': 0, 'fn': 0}","{'p': 1.0, 'r': 1.0, 'f1': 1.0}","{'tp': 3, 'fp': 0, 'fn': 0}","{'p': 1.0, 'r': 1.0, 'f1': 1.0}","{'tp': 3, 'fp': 0, 'fn': 0}","{'p': 1.0, 'r': 0.33, 'f1': 0.5}","{'tp': 1, 'fp': 0, 'fn': 2}"
77,NCT03893214,acrophobia|phobia|height avoidance|fear of heights|phobias,acrophobia,acrophobia|fear|fear of heights|anxiety|phobias,acrophobia|anxiety|fear|phobias,acrophobia|fear of heights|fear|anxiety|respiration rate|sigh rate|phobia|fearful situations|stressful situations|maladaptive|emotional experience|behavioral assessments|skin conductance level|heart rate|heart rate variability|high frequency hrv|mental disorders|positive mood inductions|negative mood inductions|respiration parameters|respiration patterns|emotion-driven behaviors|ve|virtual environment|familiarity|manipulation check|physiological data|bat|behavioral approach test|waitlist control group|acrophobia questionnaire|breath holding|sighing,acrophobia|fear|anxiety,"{'p': 0.6, 'r': 0.6, 'f1': 0.6}","{'tp': 3, 'fp': 2, 'fn': 2}","{'p': 0.5, 'r': 0.4, 'f1': 0.44}","{'tp': 2, 'fp': 2, 'fn': 3}","{'p': 0.09, 'r': 0.6, 'f1': 0.16}","{'tp': 3, 'fp': 30, 'fn': 2}","{'p': 0.33, 'r': 0.2, 'f1': 0.25}","{'tp': 1, 'fp': 2, 'fn': 4}","{'p': 1.0, 'r': 0.2, 'f1': 0.33}","{'tp': 1, 'fp': 0, 'fn': 4}","{'p': 0.6, 'r': 0.6, 'f1': 0.6}","{'tp': 3, 'fp': 2, 'fn': 2}","{'p': 0.5, 'r': 0.4, 'f1': 0.44}","{'tp': 2, 'fp': 2, 'fn': 3}","{'p': 0.09, 'r': 0.6, 'f1': 0.16}","{'tp': 3, 'fp': 29, 'fn': 2}","{'p': 0.33, 'r': 0.2, 'f1': 0.25}","{'tp': 1, 'fp': 2, 'fn': 4}","{'p': 1.0, 'r': 0.2, 'f1': 0.33}","{'tp': 1, 'fp': 0, 'fn': 4}"
78,NCT04777500,pain|fibromyalgia,fibromyalgia,fibromyalgia pain|fibromyalgia,fibromyalgia pain|fibromyalgia,fibromyalgia|fibromyalgia pain,fibromyalgia|fibromyalgia pain,"{'p': 0.5, 'r': 0.5, 'f1': 0.5}","{'tp': 1, 'fp': 1, 'fn': 1}","{'p': 0.5, 'r': 0.5, 'f1': 0.5}","{'tp': 1, 'fp': 1, 'fn': 1}","{'p': 0.5, 'r': 0.5, 'f1': 0.5}","{'tp': 1, 'fp': 1, 'fn': 1}","{'p': 0.5, 'r': 0.5, 'f1': 0.5}","{'tp': 1, 'fp': 1, 'fn': 1}","{'p': 1.0, 'r': 0.5, 'f1': 0.67}","{'tp': 1, 'fp': 0, 'fn': 1}","{'p': 1.0, 'r': 1.0, 'f1': 1.0}","{'tp': 2, 'fp': 0, 'fn': 0}","{'p': 1.0, 'r': 1.0, 'f1': 1.0}","{'tp': 2, 'fp': 0, 'fn': 0}","{'p': 1.0, 'r': 1.0, 'f1': 1.0}","{'tp': 2, 'fp': 0, 'fn': 0}","{'p': 1.0, 'r': 1.0, 'f1': 1.0}","{'tp': 2, 'fp': 0, 'fn': 0}","{'p': 1.0, 'r': 0.5, 'f1': 0.67}","{'tp': 1, 'fp': 0, 'fn': 1}"
79,NCT02957708,cerebral palsy|hemiplegic cerebral palsy,cerebral palsy,cerebral palsy|hemiplegic cerebral palsy,hemiplegic cerebral palsy,hemiplegic cerebral palsy,hemiplegic cerebral palsy|upper limb function,"{'p': 1.0, 'r': 1.0, 'f1': 1.0}","{'tp': 2, 'fp': 0, 'fn': 0}","{'p': 1.0, 'r': 0.5, 'f1': 0.67}","{'tp': 1, 'fp': 0, 'fn': 1}","{'p': 1.0, 'r': 0.5, 'f1': 0.67}","{'tp': 1, 'fp': 0, 'fn': 1}","{'p': 0.5, 'r': 0.5, 'f1': 0.5}","{'tp': 1, 'fp': 1, 'fn': 1}","{'p': 1.0, 'r': 0.5, 'f1': 0.67}","{'tp': 1, 'fp': 0, 'fn': 1}","{'p': 1.0, 'r': 1.0, 'f1': 1.0}","{'tp': 2, 'fp': 0, 'fn': 0}","{'p': 1.0, 'r': 1.0, 'f1': 1.0}","{'tp': 2, 'fp': 0, 'fn': 0}","{'p': 1.0, 'r': 1.0, 'f1': 1.0}","{'tp': 2, 'fp': 0, 'fn': 0}","{'p': 0.67, 'r': 1.0, 'f1': 0.8}","{'tp': 2, 'fp': 1, 'fn': 0}","{'p': 1.0, 'r': 1.0, 'f1': 1.0}","{'tp': 2, 'fp': 0, 'fn': 0}"
80,NCT00909012,phenylketonurias|phenylketonuria,phenylketonurias|phenylketonuria,phenylketonurias|phenylketonuria,classical pku|phenylketonurias|phenylketonuria,phenylketonurias|phenylketonuria|pku|inborn error|metabolism|amino acid phenylalanine|protein-restricted diet|n-3 long chain polyunsaturated fatty acids|dha|neurological function|visual evoked potential latencies|fine motor skills|coordination|fish oil|dose response relationship|neural function|intake per kg body weight|outcome parameters|diet|supplementation|visual function,phenylketonuria  concentrations|impaired visual function|impaired fine motor skills and coordination|impaired cognitive function,"{'p': 1.0, 'r': 1.0, 'f1': 1.0}","{'tp': 2, 'fp': 0, 'fn': 0}","{'p': 0.67, 'r': 1.0, 'f1': 0.8}","{'tp': 2, 'fp': 1, 'fn': 0}","{'p': 0.1, 'r': 1.0, 'f1': 0.17}","{'tp': 2, 'fp': 19, 'fn': 0}","{'p': 0.0, 'r': 0.0, 'f1': 0}","{'tp': 0, 'fp': 4, 'fn': 2}","{'p': 1.0, 'r': 1.0, 'f1': 1.0}","{'tp': 2, 'fp': 0, 'fn': 0}","{'p': 1.0, 'r': 1.0, 'f1': 1.0}","{'tp': 2, 'fp': 0, 'fn': 0}","{'p': 0.67, 'r': 1.0, 'f1': 0.8}","{'tp': 2, 'fp': 1, 'fn': 0}","{'p': 0.1, 'r': 1.0, 'f1': 0.17}","{'tp': 2, 'fp': 19, 'fn': 0}","{'p': 0.25, 'r': 0.5, 'f1': 0.33}","{'tp': 1, 'fp': 3, 'fn': 1}","{'p': 1.0, 'r': 1.0, 'f1': 1.0}","{'tp': 2, 'fp': 0, 'fn': 0}"
81,NCT04955249,delirium|hip fracture surgery,dexmedetomidine|elderly|hip fracture surgery|patient-controlled analgesia|emergence delirium,delirium|hip fracture surgery,delirium|hip fracture surgery,delirium|hip fracture surgery|worse outcomes|dexmedetomidine supplemented analgesia|incidence of delirium|long-term outcomes,delirium|hip fracture,"{'p': 1.0, 'r': 1.0, 'f1': 1.0}","{'tp': 2, 'fp': 0, 'fn': 0}","{'p': 1.0, 'r': 1.0, 'f1': 1.0}","{'tp': 2, 'fp': 0, 'fn': 0}","{'p': 0.33, 'r': 1.0, 'f1': 0.5}","{'tp': 2, 'fp': 4, 'fn': 0}","{'p': 0.5, 'r': 0.5, 'f1': 0.5}","{'tp': 1, 'fp': 1, 'fn': 1}","{'p': 0.2, 'r': 0.5, 'f1': 0.29}","{'tp': 1, 'fp': 4, 'fn': 1}","{'p': 1.0, 'r': 1.0, 'f1': 1.0}","{'tp': 2, 'fp': 0, 'fn': 0}","{'p': 1.0, 'r': 1.0, 'f1': 1.0}","{'tp': 2, 'fp': 0, 'fn': 0}","{'p': 0.4, 'r': 1.0, 'f1': 0.57}","{'tp': 2, 'fp': 3, 'fn': 0}","{'p': 1.0, 'r': 1.0, 'f1': 1.0}","{'tp': 2, 'fp': 0, 'fn': 0}","{'p': 0.4, 'r': 1.0, 'f1': 0.57}","{'tp': 2, 'fp': 3, 'fn': 0}"
82,NCT00252850,parkinson disease,parkinson disease,parkinson disease,parkinson disease,parkinson disease,parkinson disease,"{'p': 1.0, 'r': 1.0, 'f1': 1.0}","{'tp': 1, 'fp': 0, 'fn': 0}","{'p': 1.0, 'r': 1.0, 'f1': 1.0}","{'tp': 1, 'fp': 0, 'fn': 0}","{'p': 1.0, 'r': 1.0, 'f1': 1.0}","{'tp': 1, 'fp': 0, 'fn': 0}","{'p': 1.0, 'r': 1.0, 'f1': 1.0}","{'tp': 1, 'fp': 0, 'fn': 0}","{'p': 1.0, 'r': 1.0, 'f1': 1.0}","{'tp': 1, 'fp': 0, 'fn': 0}","{'p': 1.0, 'r': 1.0, 'f1': 1.0}","{'tp': 1, 'fp': 0, 'fn': 0}","{'p': 1.0, 'r': 1.0, 'f1': 1.0}","{'tp': 1, 'fp': 0, 'fn': 0}","{'p': 1.0, 'r': 1.0, 'f1': 1.0}","{'tp': 1, 'fp': 0, 'fn': 0}","{'p': 1.0, 'r': 1.0, 'f1': 1.0}","{'tp': 1, 'fp': 0, 'fn': 0}","{'p': 1.0, 'r': 1.0, 'f1': 1.0}","{'tp': 1, 'fp': 0, 'fn': 0}"
83,NCT02840643,hemiplegia|unilateral brain injury,cerebral palsy|hemiplegia,hemiplegia|unilateral brain injury,unilateral brain injury,hemiplegia|constraint-induced movement therapy|bimanual therapy|unilateral brain injury|affected hand|less-affected upper extremity|sling|cast|mitt|affected arm|hand|skill-based therapeutic activities|therapeutic movement|hand function,unilateral brain injury|hemiplegia,"{'p': 1.0, 'r': 1.0, 'f1': 1.0}","{'tp': 2, 'fp': 0, 'fn': 0}","{'p': 1.0, 'r': 0.5, 'f1': 0.67}","{'tp': 1, 'fp': 0, 'fn': 1}","{'p': 0.14, 'r': 1.0, 'f1': 0.25}","{'tp': 2, 'fp': 12, 'fn': 0}","{'p': 1.0, 'r': 1.0, 'f1': 1.0}","{'tp': 2, 'fp': 0, 'fn': 0}","{'p': 0.5, 'r': 0.5, 'f1': 0.5}","{'tp': 1, 'fp': 1, 'fn': 1}","{'p': 1.0, 'r': 1.0, 'f1': 1.0}","{'tp': 2, 'fp': 0, 'fn': 0}","{'p': 1.0, 'r': 0.5, 'f1': 0.67}","{'tp': 1, 'fp': 0, 'fn': 1}","{'p': 0.14, 'r': 1.0, 'f1': 0.25}","{'tp': 2, 'fp': 12, 'fn': 0}","{'p': 1.0, 'r': 1.0, 'f1': 1.0}","{'tp': 2, 'fp': 0, 'fn': 0}","{'p': 0.5, 'r': 0.5, 'f1': 0.5}","{'tp': 1, 'fp': 1, 'fn': 1}"
84,NCT00120588,"preterm|leukomalacia, periventricular|preterm birth","brain ischemia|intracranial hemorrhages|leukomalacia, periventricular|preterm birth","acquired hypoxic-ischemic and /|preterm|inflammatory cerebral lesions|cerebral palsy|leukomalacia, periventricular|preterm birth","preterm birth|cerebral palsy|leukomalacia, periventricular|hypoxic-ischemic and|very preterm|cerebral lesions","leukomalacia, periventricular|cerebral lesions|perinatal death|cerebral palsy|neuroprotective","leukomalacia, periventricular|cerebral palsy","{'p': 0.5, 'r': 1.0, 'f1': 0.67}","{'tp': 3, 'fp': 3, 'fn': 0}","{'p': 0.33, 'r': 0.67, 'f1': 0.44}","{'tp': 2, 'fp': 4, 'fn': 1}","{'p': 0.2, 'r': 0.33, 'f1': 0.25}","{'tp': 1, 'fp': 4, 'fn': 2}","{'p': 0.5, 'r': 0.33, 'f1': 0.4}","{'tp': 1, 'fp': 1, 'fn': 2}","{'p': 0.5, 'r': 0.67, 'f1': 0.57}","{'tp': 2, 'fp': 2, 'fn': 1}","{'p': 0.5, 'r': 1.0, 'f1': 0.67}","{'tp': 3, 'fp': 3, 'fn': 0}","{'p': 0.5, 'r': 1.0, 'f1': 0.67}","{'tp': 3, 'fp': 3, 'fn': 0}","{'p': 0.2, 'r': 0.33, 'f1': 0.25}","{'tp': 1, 'fp': 4, 'fn': 2}","{'p': 0.5, 'r': 0.33, 'f1': 0.4}","{'tp': 1, 'fp': 1, 'fn': 2}","{'p': 0.6, 'r': 1.0, 'f1': 0.75}","{'tp': 3, 'fp': 2, 'fn': 0}"
85,NCT03755362,mild cognitive impairment|moderate cognitive impairment|dementia|mild to moderate cognitive impairment|periodontal disease|asymptomatic carotid artery stenosis,carotid stenosis|mild cognitive impairment|periodontitis,mild cognitive impairment|moderate cognitive impairment|dementia|mild to moderate cognitive impairment|periodontitis|periodontal disease|asymptomatic carotid artery stenosis,mild cognitive impairment|moderate cognitive impairment|dementia|mild to moderate cognitive impairment|periodontitis|periodontal disease|asymptomatic carotid artery stenosis,periodontitis|dementia|mild cognitive impairment|periodontal disease|inflammation|brain and nervous system function|asymptomatic carotid artery stenosis|cognition,periodontitis|dementia|asymptomatic carotid artery stenosis|mild cognitive impairment|periodontal disease|inflammation-mediated brain and nervous system function|poor oral hygiene|dental health,"{'p': 0.86, 'r': 1.0, 'f1': 0.92}","{'tp': 6, 'fp': 1, 'fn': 0}","{'p': 0.86, 'r': 1.0, 'f1': 0.92}","{'tp': 6, 'fp': 1, 'fn': 0}","{'p': 0.5, 'r': 0.67, 'f1': 0.57}","{'tp': 4, 'fp': 4, 'fn': 2}","{'p': 0.5, 'r': 0.67, 'f1': 0.57}","{'tp': 4, 'fp': 4, 'fn': 2}","{'p': 0.33, 'r': 0.17, 'f1': 0.22}","{'tp': 1, 'fp': 2, 'fn': 5}","{'p': 0.86, 'r': 1.0, 'f1': 0.92}","{'tp': 6, 'fp': 1, 'fn': 0}","{'p': 0.86, 'r': 1.0, 'f1': 0.92}","{'tp': 6, 'fp': 1, 'fn': 0}","{'p': 0.6, 'r': 1.0, 'f1': 0.75}","{'tp': 6, 'fp': 4, 'fn': 0}","{'p': 0.6, 'r': 1.0, 'f1': 0.75}","{'tp': 6, 'fp': 4, 'fn': 0}","{'p': 0.6, 'r': 0.5, 'f1': 0.55}","{'tp': 3, 'fp': 2, 'fn': 3}"
86,NCT00506415,functional and cognitive decline|mild to moderate alzheimer's disease|alzheimer disease,alzheimer disease,mild to moderate alzheimer's disease|alzheimer disease|functional and cognitive decline|alzheimer disease,mild to moderate alzheimer's disease|alzheimer disease|functional and cognitive decline,alzheimer disease|functional decline|cognitive decline,alzheimer disease|functional decline|cognitive decline,"{'p': 1.0, 'r': 1.0, 'f1': 1.0}","{'tp': 3, 'fp': 0, 'fn': 0}","{'p': 1.0, 'r': 1.0, 'f1': 1.0}","{'tp': 3, 'fp': 0, 'fn': 0}","{'p': 0.33, 'r': 0.33, 'f1': 0.33}","{'tp': 1, 'fp': 2, 'fn': 2}","{'p': 0.33, 'r': 0.33, 'f1': 0.33}","{'tp': 1, 'fp': 2, 'fn': 2}","{'p': 1.0, 'r': 0.33, 'f1': 0.5}","{'tp': 1, 'fp': 0, 'fn': 2}","{'p': 1.0, 'r': 1.0, 'f1': 1.0}","{'tp': 3, 'fp': 0, 'fn': 0}","{'p': 1.0, 'r': 1.0, 'f1': 1.0}","{'tp': 3, 'fp': 0, 'fn': 0}","{'p': 0.33, 'r': 0.33, 'f1': 0.33}","{'tp': 1, 'fp': 2, 'fn': 2}","{'p': 0.33, 'r': 0.33, 'f1': 0.33}","{'tp': 1, 'fp': 2, 'fn': 2}","{'p': 1.0, 'r': 0.33, 'f1': 0.5}","{'tp': 1, 'fp': 0, 'fn': 2}"
87,NCT01344447,vascular disease of the supra-aortic vessels,carotid stenosis,vascular disease of the supra-aortic vessels,known or suspected vascular disease of the su|aortic,,vascular disease of the supra-aortic vessels,"{'p': 1.0, 'r': 1.0, 'f1': 1.0}","{'tp': 1, 'fp': 0, 'fn': 0}","{'p': 0.0, 'r': 0.0, 'f1': 0}","{'tp': 0, 'fp': 2, 'fn': 1}","{'p': 0.0, 'r': 0.0, 'f1': 0}","{'tp': 0, 'fp': 1, 'fn': 1}","{'p': 1.0, 'r': 1.0, 'f1': 1.0}","{'tp': 1, 'fp': 0, 'fn': 0}","{'p': 0.0, 'r': 0.0, 'f1': 0}","{'tp': 0, 'fp': 1, 'fn': 1}","{'p': 1.0, 'r': 1.0, 'f1': 1.0}","{'tp': 1, 'fp': 0, 'fn': 0}","{'p': 0.5, 'r': 1.0, 'f1': 0.67}","{'tp': 1, 'fp': 1, 'fn': 0}","{'p': 0.0, 'r': 0.0, 'f1': 0}","{'tp': 0, 'fp': 1, 'fn': 1}","{'p': 1.0, 'r': 1.0, 'f1': 1.0}","{'tp': 1, 'fp': 0, 'fn': 0}","{'p': 0.0, 'r': 0.0, 'f1': 0}","{'tp': 0, 'fp': 1, 'fn': 1}"
88,NCT04184206,major depressive disorder|depression,"attention training|depression|symptoms, affective|symptoms, behavioral|neurobehavioral manifestations",major depressive disorder|depression,major depressive disorder|depression,depression|symptoms|brain function,depression|major depressive disorder,"{'p': 1.0, 'r': 1.0, 'f1': 1.0}","{'tp': 2, 'fp': 0, 'fn': 0}","{'p': 1.0, 'r': 1.0, 'f1': 1.0}","{'tp': 2, 'fp': 0, 'fn': 0}","{'p': 0.33, 'r': 0.5, 'f1': 0.4}","{'tp': 1, 'fp': 2, 'fn': 1}","{'p': 1.0, 'r': 1.0, 'f1': 1.0}","{'tp': 2, 'fp': 0, 'fn': 0}","{'p': 0.2, 'r': 0.5, 'f1': 0.29}","{'tp': 1, 'fp': 4, 'fn': 1}","{'p': 1.0, 'r': 1.0, 'f1': 1.0}","{'tp': 2, 'fp': 0, 'fn': 0}","{'p': 1.0, 'r': 1.0, 'f1': 1.0}","{'tp': 2, 'fp': 0, 'fn': 0}","{'p': 0.33, 'r': 0.5, 'f1': 0.4}","{'tp': 1, 'fp': 2, 'fn': 1}","{'p': 1.0, 'r': 1.0, 'f1': 1.0}","{'tp': 2, 'fp': 0, 'fn': 0}","{'p': 0.2, 'r': 0.5, 'f1': 0.29}","{'tp': 1, 'fp': 4, 'fn': 1}"
89,NCT03540602,,myalgia,,,,,"{'p': 0, 'r': 0, 'f1': 0}","{'tp': 0, 'fp': 0, 'fn': 0}","{'p': 0, 'r': 0, 'f1': 0}","{'tp': 0, 'fp': 0, 'fn': 0}","{'p': 0, 'r': 0, 'f1': 0}","{'tp': 0, 'fp': 0, 'fn': 0}","{'p': 0, 'r': 0, 'f1': 0}","{'tp': 0, 'fp': 0, 'fn': 0}","{'p': 0.0, 'r': 0.0, 'f1': 0}","{'tp': 0, 'fp': 1, 'fn': 1}","{'p': 0, 'r': 0, 'f1': 0}","{'tp': 0, 'fp': 0, 'fn': 0}","{'p': 0, 'r': 0, 'f1': 0}","{'tp': 0, 'fp': 0, 'fn': 0}","{'p': 0, 'r': 0, 'f1': 0}","{'tp': 0, 'fp': 0, 'fn': 0}","{'p': 0, 'r': 0, 'f1': 0}","{'tp': 0, 'fp': 0, 'fn': 0}","{'p': 0.0, 'r': 0.0, 'f1': 0}","{'tp': 0, 'fp': 1, 'fn': 1}"
