,nct_id,source,text,ner_manual_ct_target,ner_manual_ct_target_idx,ner_manual_ct_target_disease,ner_manual_ct_target_intervention
0,NCT00004659,OfficialTitle+BriefSummary,"Phase II Randomized Study of Stereotactic Radiosurgery Plus Fractionated Whole-Brain Radiotherapy Vs Fractionated Whole-Brain Radiotherapy Alone for Multiple Primary or Metastatic Brain Tumors | OBJECTIVES: I. Evaluate whether stereotactic radiosurgery provides local control at multiple sites in patients with primary or metastatic brain tumors, controlled systemic disease, and preserved neurologic function.

II. Examine survival, clinical outcome, and local tumor imaging response in these patients.","[(29, 54, 'RADIOTHERAPY', 'Stereotactic Radiosurgery'), (60, 97, 'RADIOTHERAPY', 'Fractionated Whole-Brain Radiotherapy'), (101, 144, 'CONTROL', 'Fractionated Whole-Brain Radiotherapy Alone'), (149, 192, 'CONDITION', 'Multiple Primary or Metastatic Brain Tumors'), (227, 252, 'RADIOTHERAPY', 'stereotactic radiosurgery'), (311, 345, 'CONDITION', 'primary or metastatic brain tumors'), (462, 467, 'CONDITION', 'tumor')]","[(29, 54), (60, 97), (101, 144), (149, 192), (227, 252), (311, 345), (462, 467)]","[(149, 192, 'CONDITION'), (311, 345, 'CONDITION'), (462, 467, 'CONDITION')]","[(29, 54, 'RADIOTHERAPY'), (60, 97, 'RADIOTHERAPY'), (101, 144, 'CONTROL'), (227, 252, 'RADIOTHERAPY')]"
1,NCT00053625,OfficialTitle+BriefSummary,"Deep Brain Stimulation for Parkinson's Disease Trial | The purpose of this trial is to evaluate the effect of deep brain stimulation in the the globus pallidus (Gpi) and the subthalamic nucleus (STN) on motor, neuropsychological and psychiatric function, and quality of life in patients with Parkinson's disease.","[(0, 22, 'OTHER', 'Deep Brain Stimulation'), (27, 46, 'CONDITION', ""Parkinson's Disease""), (110, 132, 'OTHER', 'deep brain stimulation'), (292, 311, 'CONDITION', ""Parkinson's disease"")]","[(0, 22), (27, 46), (110, 132), (292, 311)]","[(27, 46, 'CONDITION'), (292, 311, 'CONDITION')]","[(0, 22, 'OTHER'), (110, 132, 'OTHER')]"
2,NCT00078988,OfficialTitle+BriefSummary,"A Phase III Randomized Trial for the Treatment of Pediatric High Grade Gliomas at First Recurrence With a Single High Dose Chemotherapy and Autologous Stem Cell Transplant Versus Three Courses of Intermediate Dose Chemotherapy With Peripheral Blood Stem Cell (PBSC) Support | RATIONALE: Drugs used in chemotherapy, such as carboplatin, thiotepa, and etoposide, work in different ways to stop tumor cells from dividing so they stop growing or die. Combining chemotherapy with autologous stem cell transplantation may allow the doctor to give higher doses of chemotherapy drugs and kill more tumor cells. Isotretinoin may be effective in preventing recurrence of glioma. It is not yet known which regimen of chemotherapy plus autologous stem cell transplantation with or without isotretinoin is more effective in treating recurrent high-grade glioma.

PURPOSE: This randomized phase III trial is studying high-dose chemotherapy or intermediate-dose chemotherapy followed by autologous stem cell transplantation to see how well it works compared to high-dose chemotherapy or intermediate-dose chemotherapy followed by autologous stem cell transplantation and isotretinoin in treating young patients with recurrent high-grade glioma.","[(50, 98, 'CONDITION', 'Pediatric High Grade Gliomas at First Recurrence'), (123, 135, 'OTHER', 'Chemotherapy'), (140, 171, 'SURGICAL', 'Autologous Stem Cell Transplant'), (214, 226, 'OTHER', 'Chemotherapy'), (232, 258, 'SURGICAL', 'Peripheral Blood Stem Cell'), (260, 264, 'SURGICAL', 'PBSC'), (301, 313, 'OTHER', 'chemotherapy'), (323, 334, 'DRUG', 'carboplatin'), (336, 344, 'DRUG', 'thiotepa'), (350, 359, 'DRUG', 'etoposide'), (392, 397, 'CONDITION', 'tumor'), (457, 469, 'OTHER', 'chemotherapy'), (475, 511, 'SURGICAL', 'autologous stem cell transplantation'), (557, 569, 'OTHER', 'chemotherapy'), (590, 595, 'CONDITION', 'tumor'), (603, 615, 'DRUG', 'Isotretinoin'), (661, 667, 'CONDITION', 'glioma'), (706, 718, 'OTHER', 'chemotherapy'), (724, 760, 'SURGICAL', 'autologous stem cell transplantation'), (777, 789, 'DRUG', 'isotretinoin'), (820, 847, 'CONDITION', 'recurrent high-grade glioma'), (913, 925, 'OTHER', 'chemotherapy'), (947, 959, 'OTHER', 'chemotherapy'), (972, 1008, 'SURGICAL', 'autologous stem cell transplantation'), (1056, 1068, 'OTHER', 'chemotherapy'), (1090, 1102, 'OTHER', 'chemotherapy'), (1115, 1151, 'SURGICAL', 'autologous stem cell transplantation'), (1156, 1168, 'DRUG', 'isotretinoin'), (1201, 1228, 'CONDITION', 'recurrent high-grade glioma')]","[(50, 98), (123, 135), (140, 171), (214, 226), (232, 258), (260, 264), (301, 313), (323, 334), (336, 344), (350, 359), (392, 397), (457, 469), (475, 511), (557, 569), (590, 595), (603, 615), (661, 667), (706, 718), (724, 760), (777, 789), (820, 847), (913, 925), (947, 959), (972, 1008), (1056, 1068), (1090, 1102), (1115, 1151), (1156, 1168), (1201, 1228)]","[(50, 98, 'CONDITION'), (392, 397, 'CONDITION'), (590, 595, 'CONDITION'), (661, 667, 'CONDITION'), (820, 847, 'CONDITION'), (1201, 1228, 'CONDITION')]","[(123, 135, 'OTHER'), (140, 171, 'SURGICAL'), (214, 226, 'OTHER'), (232, 258, 'SURGICAL'), (260, 264, 'SURGICAL'), (301, 313, 'OTHER'), (323, 334, 'DRUG'), (336, 344, 'DRUG'), (350, 359, 'DRUG'), (457, 469, 'OTHER'), (475, 511, 'SURGICAL'), (557, 569, 'OTHER'), (603, 615, 'DRUG'), (706, 718, 'OTHER'), (724, 760, 'SURGICAL'), (777, 789, 'DRUG'), (913, 925, 'OTHER'), (947, 959, 'OTHER'), (972, 1008, 'SURGICAL'), (1056, 1068, 'OTHER'), (1090, 1102, 'OTHER'), (1115, 1151, 'SURGICAL'), (1156, 1168, 'DRUG')]"
3,NCT00238264,OfficialTitle+BriefSummary,"A Phase II Study of Conformal Radiotherapy In Patients With Low-Grade Gliomas | RATIONALE: Specialized radiation therapy that delivers radiation directly to the tumor may kill more tumor cells and cause less damage to normal tissue.

PURPOSE: This phase II trial is studying how well radiation therapy works in treating young patients with gliomas.","[(20, 42, 'RADIOTHERAPY', 'Conformal Radiotherapy'), (60, 77, 'CONDITION', 'Low-Grade Gliomas'), (103, 120, 'RADIOTHERAPY', 'radiation therapy'), (181, 186, 'CONDITION', 'tumor'), (284, 301, 'RADIOTHERAPY', 'radiation therapy'), (340, 347, 'CONDITION', 'gliomas')]","[(20, 42), (60, 77), (103, 120), (181, 186), (284, 301), (340, 347)]","[(60, 77, 'CONDITION'), (181, 186, 'CONDITION'), (340, 347, 'CONDITION')]","[(20, 42, 'RADIOTHERAPY'), (103, 120, 'RADIOTHERAPY'), (284, 301, 'RADIOTHERAPY')]"
4,NCT00283738,OfficialTitle+BriefSummary,"A Prospective, Multi-Center, Double-Blinded, Placebo-Controlled Trial to Evaluate the Effectiveness of Patent Foramen Ovale Closure With the BioSTAR Septal Repair Implant to Reduce Refractory Migraine Headache With Aura. | The objective of the study is to investigate the safety and effectiveness of PFO closure with the BioSTAR Septal Repair Implant System in a population of patients that have refractory migraine (with aura) and who have failed medications.","[(45, 52, 'CONTROL', 'Placebo'), (103, 131, 'SURGICAL', 'Patent Foramen Ovale Closure'), (141, 170, 'SURGICAL', 'BioSTAR Septal Repair Implant'), (181, 219, 'CONDITION', 'Refractory Migraine Headache With Aura'), (300, 311, 'SURGICAL', 'PFO closure'), (321, 350, 'SURGICAL', 'BioSTAR Septal Repair Implant'), (396, 415, 'CONDITION', 'refractory migraine'), (422, 426, 'CONDITION', 'aura')]","[(45, 52), (103, 131), (141, 170), (181, 219), (300, 311), (321, 350), (396, 415), (422, 426)]","[(181, 219, 'CONDITION'), (396, 415, 'CONDITION'), (422, 426, 'CONDITION')]","[(45, 52, 'CONTROL'), (103, 131, 'SURGICAL'), (141, 170, 'SURGICAL'), (300, 311, 'SURGICAL'), (321, 350, 'SURGICAL')]"
5,NCT00298532,OfficialTitle+BriefSummary,The Ontario Prehospital Advanced Life Support (OPALS) Study for Critically Ill and Injured Pediatric Patients | The OPALS Pediatric Study will examine the incremental impact of introducing a prehospital full advanced life support in pediatric patients.,"[(64, 78, 'CONDITION', 'Critically Ill'), (191, 229, 'OTHER', 'prehospital full advanced life support')]","[(64, 78), (191, 229)]","[(64, 78, 'CONDITION')]","[(191, 229, 'OTHER')]"
6,NCT00316563,OfficialTitle+BriefSummary,"A Double-blind, Randomized, Placebo Controlled Clinical Trial to Evaluate the Efficacy of Orexigenic Therapy With Delta-9-tetrahydrocannabinol in Advanced Cancer Patients With Chemosensory Abnormalities - a Pilot Study | To investigate delta-9-tetrahydrocannabinol's (THC) ability to increase food intake and improve food enjoyment for advanced cancer patients with taste and/or smell (chemosensory) abnormalities.","[(28, 35, 'CONTROL', 'Placebo'), (90, 108, 'OTHER', 'Orexigenic Therapy'), (114, 142, 'DRUG', 'Delta-9-tetrahydrocannabinol'), (146, 161, 'CONDITION', 'Advanced Cancer'), (176, 202, 'CONDITION', 'Chemosensory Abnormalities'), (236, 264, 'DRUG', 'delta-9-tetrahydrocannabinol'), (268, 271, 'DRUG', 'THC'), (336, 351, 'CONDITION', 'advanced cancer'), (366, 413, 'CONDITION', 'taste and/or smell (chemosensory) abnormalities')]","[(28, 35), (90, 108), (114, 142), (146, 161), (176, 202), (236, 264), (268, 271), (336, 351), (366, 413)]","[(146, 161, 'CONDITION'), (176, 202, 'CONDITION'), (336, 351, 'CONDITION'), (366, 413, 'CONDITION')]","[(28, 35, 'CONTROL'), (90, 108, 'OTHER'), (114, 142, 'DRUG'), (236, 264, 'DRUG'), (268, 271, 'DRUG')]"
7,NCT00360789,OfficialTitle+BriefSummary,The Effects of Standardized Physical Therapy and Functional Strength Training on Upper Limb Function and Neuromuscular Weakness After Stroke: a Pilot Study | The purpose of this study is to test the hypothesis that adding functional strength training to UK conventional therapy improves muscle function and walking than either UK conventional therapy alone or increased intensity of UK conventional therapy.,"[(15, 44, 'PHYSICAL', 'Standardized Physical Therapy'), (49, 77, 'PHYSICAL', 'Functional Strength Training'), (134, 140, 'CONDITION', 'Stroke'), (222, 250, 'PHYSICAL', 'functional strength training'), (257, 277, 'PHYSICAL', 'conventional therapy'), (330, 356, 'CONTROL', 'conventional therapy alone'), (360, 406, 'CONTROL', 'increased intensity of UK conventional therapy')]","[(15, 44), (49, 77), (134, 140), (222, 250), (257, 277), (330, 356), (360, 406)]","[(134, 140, 'CONDITION')]","[(15, 44, 'PHYSICAL'), (49, 77, 'PHYSICAL'), (222, 250, 'PHYSICAL'), (257, 277, 'PHYSICAL'), (330, 356, 'CONTROL'), (360, 406, 'CONTROL')]"
8,NCT00437372,OfficialTitle+BriefSummary,"A Phase IB, Open-Label, Safety Study of the Combination of Sunitinib and Radiation for the Treatment of Patients With Cancer | This study is using the combination of radiation and antiangiogenic agents (agents that destroy existing blood vessels) seems to be an approach to tumor cure.","[(59, 68, 'DRUG', 'Sunitinib'), (73, 82, 'RADIOTHERAPY', 'Radiation'), (118, 124, 'CONDITION', 'Cancer'), (166, 175, 'RADIOTHERAPY', 'radiation'), (274, 279, 'CONDITION', 'tumor')]","[(59, 68), (73, 82), (118, 124), (166, 175), (274, 279)]","[(118, 124, 'CONDITION'), (274, 279, 'CONDITION')]","[(59, 68, 'DRUG'), (73, 82, 'RADIOTHERAPY'), (166, 175, 'RADIOTHERAPY')]"
9,NCT00444067,OfficialTitle+BriefSummary,"A Prospective, Multi-Center, Randomized Controlled Study to Compare the Spinal Sealant System as an Adjunct to Sutured Dural Repair With Standard of Care Methods During Spinal Surgery | To evaluate a spinal sealant as an adjunct to sutured dural repair compared to standard of care techniques.","[(72, 93, 'SURGICAL', 'Spinal Sealant System'), (111, 131, 'SURGICAL', 'Sutured Dural Repair'), (169, 183, 'CONDITION', 'Spinal Surgery'), (200, 214, 'SURGICAL', 'spinal sealant'), (232, 252, 'SURGICAL', 'sutured dural repair'), (265, 281, 'CONTROL', 'standard of care')]","[(72, 93), (111, 131), (169, 183), (200, 214), (232, 252), (265, 281)]","[(169, 183, 'CONDITION')]","[(72, 93, 'SURGICAL'), (111, 131, 'SURGICAL'), (200, 214, 'SURGICAL'), (232, 252, 'SURGICAL'), (265, 281, 'CONTROL')]"
10,NCT00675155,OfficialTitle+BriefSummary,Phase 1 Study to Determine the Efficacy of Using Far Infrared Radiation for Stroke Rehabilitation | A stroke is a sudden loss of brain function. It is caused by the interruption of flow of blood to the brain (ischemic stroke) or the rupture of blood vessels in the brain (hemorrhagic stroke). This study will investigate the use of far infrared radiation for stroke rehabilitation.,"[(49, 71, 'RADIOTHERAPY', 'Far Infrared Radiation'), (76, 82, 'CONDITION', 'Stroke'), (102, 108, 'CONDITION', 'stroke'), (209, 224, 'CONDITION', 'ischemic stroke'), (272, 290, 'CONDITION', 'hemorrhagic stroke'), (332, 354, 'RADIOTHERAPY', 'far infrared radiation'), (359, 365, 'CONDITION', 'stroke')]","[(49, 71), (76, 82), (102, 108), (209, 224), (272, 290), (332, 354), (359, 365)]","[(76, 82, 'CONDITION'), (102, 108, 'CONDITION'), (209, 224, 'CONDITION'), (272, 290, 'CONDITION'), (359, 365, 'CONDITION')]","[(49, 71, 'RADIOTHERAPY'), (332, 354, 'RADIOTHERAPY')]"
11,NCT00772278,OfficialTitle+BriefSummary,"A Randomized Evaluation of Short Term and Long Term Outcome After Endovascular Repair by Stenting of Carotid Artery Stenosis in Patients With Severe (70% and Higher) Asymptomatic Carotid Stenosis | Purpose of this study:

Primary:

â€¢ Comparison of cardiovascular mortality and morbidity which includes cardiac and neurological morbidity (TIA and CVA) in the two invasive treatments of asymptomatic carotid artery stenosis

Secondary:

Comparison of non cardiovascular morbidity caused by the two invasive techniques

morbidity at the site of incision (infection or local hematoma)
damage to cranial nerves (hypoglossus, vagus)
brain hyperperfusion which is defined as severe headache which is not responsive to analgesics with or without nausea and vomiting.
events of bradycardia within the first 24 hours, clinically evident and/or silent
microembolic brain events immediately after the procedure and their relationship with morbidity and/or mortality due to TIA's or CVA's
the change in the stenotic carotid artery at the time of follow up with duplex of neck arteries
the comparison of the affect of the two procedures on patient life style","[(66, 97, 'SURGICAL', 'Endovascular Repair by Stenting'), (101, 124, 'CONDITION', 'Carotid Artery Stenosis'), (142, 195, 'CONDITION', 'Severe (70% and Higher) Asymptomatic Carotid Stenosis'), (385, 421, 'CONDITION', 'asymptomatic carotid artery stenosis')]","[(66, 97), (101, 124), (142, 195), (385, 421)]","[(101, 124, 'CONDITION'), (142, 195, 'CONDITION'), (385, 421, 'CONDITION')]","[(66, 97, 'SURGICAL')]"
12,NCT00780806,OfficialTitle+BriefSummary,An Open-Label Safety And Blood Collection Study In Mnb Rlp2086 Vaccinated Healthy Adult Volunteers For Immunological Assay Development | The purpose of this study is to evaluate the safety of an investigational meningococcal B rLP2086 vaccine in adults and to obtain blood samples from immunized subjects for use in assay development.,"[(51, 62, 'DRUG', 'Mnb Rlp2086'), (211, 242, 'DRUG', 'meningococcal B rLP2086 vaccine')]","[(51, 62), (211, 242)]",[],"[(51, 62, 'DRUG'), (211, 242, 'DRUG')]"
13,NCT00817128,OfficialTitle+BriefSummary,"Pain Exposure Physical Therapy Or Conservative Therapy for Patients With Complex Regional Pain Syndrome Type I | The current Dutch CBO guideline treatment of Complex Regional Pain Syndrome Type I (CRPS-1) is very disappointing with chronification, disability and subsequent high medical costs and personal suffering. A possible better treatment is intensive function-oriented physical therapy or Pain Exposure in Physical Therapy (PEPT). However, there are no adequate studies performed that demonstrate the efficacy of PEPT and therefore PEPT is lacking in the Dutch CBO CRPS-1 guidelines. Despite a lacking scientific argumentation, the PEPT approach or Macedonian therapy, is now being adopted on a large scale among physical therapists in The Netherlands. There are two level C retrospective cohort studies demonstrating a promising and clinical relevant beneficial effect on pain and function after PEPT. In response to the growing demand for scientific argumentation among doctors and physical therapists with respect to the efficacy of PEPT, we conducted a pilot study at the UMC St Radboud Nijmegen. The results of this pilot study were very promising and therefore, we decided to design a large RCT to investigate the treatment effects and costs in CRPS patients treated with PEPT compared to CRPS patients treated with usual therapy according to the Dutch CBO guidelines.","[(0, 30, 'PHYSICAL', 'Pain Exposure Physical Therapy'), (34, 54, 'CONTROL', 'Conservative Therapy'), (73, 110, 'CONDITION', 'Complex Regional Pain Syndrome Type I'), (158, 195, 'CONDITION', 'Complex Regional Pain Syndrome Type I'), (197, 203, 'CONDITION', 'CRPS-1'), (348, 392, 'PHYSICAL', 'intensive function-oriented physical therapy'), (396, 429, 'PHYSICAL', 'Pain Exposure in Physical Therapy'), (431, 435, 'PHYSICAL', 'PEPT'), (520, 524, 'PHYSICAL', 'PEPT'), (539, 543, 'PHYSICAL', 'PEPT'), (572, 578, 'CONDITION', 'CRPS-1'), (639, 643, 'PHYSICAL', 'PEPT'), (656, 674, 'PHYSICAL', 'Macedonian therapy'), (880, 884, 'CONDITION', 'pain'), (904, 908, 'PHYSICAL', 'PEPT'), (1043, 1047, 'PHYSICAL', 'PEPT'), (1258, 1262, 'CONDITION', 'CRPS'), (1285, 1289, 'PHYSICAL', 'PEPT'), (1302, 1306, 'CONDITION', 'CRPS'), (1329, 1342, 'CONTROL', 'usual therapy')]","[(0, 30), (34, 54), (73, 110), (158, 195), (197, 203), (348, 392), (396, 429), (431, 435), (520, 524), (539, 543), (572, 578), (639, 643), (656, 674), (880, 884), (904, 908), (1043, 1047), (1258, 1262), (1285, 1289), (1302, 1306), (1329, 1342)]","[(73, 110, 'CONDITION'), (158, 195, 'CONDITION'), (197, 203, 'CONDITION'), (572, 578, 'CONDITION'), (880, 884, 'CONDITION'), (1258, 1262, 'CONDITION'), (1302, 1306, 'CONDITION')]","[(0, 30, 'PHYSICAL'), (34, 54, 'CONTROL'), (348, 392, 'PHYSICAL'), (396, 429, 'PHYSICAL'), (431, 435, 'PHYSICAL'), (520, 524, 'PHYSICAL'), (539, 543, 'PHYSICAL'), (639, 643, 'PHYSICAL'), (656, 674, 'PHYSICAL'), (904, 908, 'PHYSICAL'), (1043, 1047, 'PHYSICAL'), (1285, 1289, 'PHYSICAL'), (1329, 1342, 'CONTROL')]"
14,NCT00895960,OfficialTitle+BriefSummary,"Phase I/II Trial of Dasatinib (Sprycel) With Radiation Therapy and Concomitant and Adjuvant Temozolomide in Patients With Newly-Diagnosed Glioblastoma | Phase I:

Primary Objectives:

-To define the maximum tolerated dose (MTD) of dasatinib (Sprycel) with radiotherapy (RT) and 6 weeks of concomitant temozolomide (TMZ) administered at 75 mg/m^2/day in patients with newly-diagnosed glioblastoma (GBM).

Secondary Objectives:

To characterize the safety profile of dasatinib (Sprycel) in combination with radiotherapy (RT) and concomitant TMZ in patients with newly-diagnosed GBM.
To characterize the safety profile of dasatinib (Sprycel) in combination with adjuvant TMZ in patients with glioblastoma after RT.

STUDY DID NOT PROGRESS TO PHASE II PORTION.

Phase II:

Primary Objectives:

-To determine the effectiveness of dasatinib (Sprycel) with radiotherapy (RT) and 6 weeks of concomitant temozolomide (TMZ) administered at 75 mg/m^2/day followed by adjuvant temozolomide with concurrent dasatinib in patients with newly-diagnosed glioblastoma (GBM) as measured by overall survival.

Secondary Objectives:

To determine the efficacy of this treatment as measured by radiographic response (RR), progression-free survival (PFS) and time to progression (TTP).
To characterize the safety profile of dasatinib (Sprycel) in combination with RT and concomitant TMZ in patients with newly-diagnosed GBM.
To characterize the safety profile of dasatinib (Sprycel) in combination with adjuvant TMZ in patients with GBM after RT.

Exploratory Objectives:

-To correlate tumor genotype, tumor expression of dasatinib target proteins (e.g. Src, EphA2, c-kit and PDGFR), and PTEN levels with response to therapy with dasatinib and temozolomide.","[(20, 29, 'DRUG', 'Dasatinib'), (31, 38, 'DRUG', 'Sprycel'), (45, 62, 'RADIOTHERAPY', 'Radiation Therapy'), (92, 104, 'DRUG', 'Temozolomide'), (122, 150, 'CONDITION', 'Newly-Diagnosed Glioblastoma'), (231, 240, 'DRUG', 'dasatinib'), (242, 249, 'DRUG', 'Sprycel'), (256, 268, 'RADIOTHERAPY', 'radiotherapy'), (270, 272, 'RADIOTHERAPY', 'RT'), (301, 313, 'DRUG', 'temozolomide'), (315, 318, 'DRUG', 'TMZ'), (367, 395, 'CONDITION', 'newly-diagnosed glioblastoma'), (397, 400, 'CONDITION', 'GBM'), (465, 474, 'DRUG', 'dasatinib'), (476, 483, 'DRUG', 'Sprycel'), (505, 517, 'RADIOTHERAPY', 'radiotherapy'), (519, 521, 'RADIOTHERAPY', 'RT'), (539, 542, 'DRUG', 'TMZ'), (560, 579, 'CONDITION', 'newly-diagnosed GBM'), (619, 628, 'DRUG', 'dasatinib'), (630, 637, 'DRUG', 'Sprycel'), (668, 671, 'DRUG', 'TMZ'), (689, 701, 'CONDITION', 'glioblastoma'), (708, 710, 'RADIOTHERAPY', 'RT'), (825, 834, 'DRUG', 'dasatinib'), (836, 843, 'DRUG', 'Sprycel'), (850, 862, 'RADIOTHERAPY', 'radiotherapy'), (864, 866, 'RADIOTHERAPY', 'RT'), (895, 907, 'DRUG', 'temozolomide'), (909, 912, 'DRUG', 'TMZ'), (965, 977, 'DRUG', 'temozolomide'), (994, 1003, 'DRUG', 'dasatinib'), (1021, 1049, 'CONDITION', 'newly-diagnosed glioblastoma'), (1051, 1054, 'CONDITION', 'GBM'), (1301, 1310, 'DRUG', 'dasatinib'), (1312, 1319, 'DRUG', 'Sprycel'), (1341, 1343, 'RADIOTHERAPY', 'RT'), (1360, 1363, 'DRUG', 'TMZ'), (1381, 1400, 'CONDITION', 'newly-diagnosed GBM'), (1440, 1449, 'DRUG', 'dasatinib'), (1451, 1458, 'DRUG', 'Sprycel'), (1489, 1492, 'DRUG', 'TMZ'), (1510, 1513, 'CONDITION', 'GBM'), (1520, 1522, 'RADIOTHERAPY', 'RT'), (1564, 1569, 'CONDITION', 'tumor'), (1580, 1585, 'CONDITION', 'tumor'), (1600, 1609, 'DRUG', 'dasatinib'), (1708, 1717, 'DRUG', 'dasatinib'), (1722, 1734, 'DRUG', 'temozolomide')]","[(20, 29), (31, 38), (45, 62), (92, 104), (122, 150), (231, 240), (242, 249), (256, 268), (270, 272), (301, 313), (315, 318), (367, 395), (397, 400), (465, 474), (476, 483), (505, 517), (519, 521), (539, 542), (560, 579), (619, 628), (630, 637), (668, 671), (689, 701), (708, 710), (825, 834), (836, 843), (850, 862), (864, 866), (895, 907), (909, 912), (965, 977), (994, 1003), (1021, 1049), (1051, 1054), (1301, 1310), (1312, 1319), (1341, 1343), (1360, 1363), (1381, 1400), (1440, 1449), (1451, 1458), (1489, 1492), (1510, 1513), (1520, 1522), (1564, 1569), (1580, 1585), (1600, 1609), (1708, 1717), (1722, 1734)]","[(122, 150, 'CONDITION'), (367, 395, 'CONDITION'), (397, 400, 'CONDITION'), (560, 579, 'CONDITION'), (689, 701, 'CONDITION'), (1021, 1049, 'CONDITION'), (1051, 1054, 'CONDITION'), (1381, 1400, 'CONDITION'), (1510, 1513, 'CONDITION'), (1564, 1569, 'CONDITION'), (1580, 1585, 'CONDITION')]","[(20, 29, 'DRUG'), (31, 38, 'DRUG'), (45, 62, 'RADIOTHERAPY'), (92, 104, 'DRUG'), (231, 240, 'DRUG'), (242, 249, 'DRUG'), (256, 268, 'RADIOTHERAPY'), (270, 272, 'RADIOTHERAPY'), (301, 313, 'DRUG'), (315, 318, 'DRUG'), (465, 474, 'DRUG'), (476, 483, 'DRUG'), (505, 517, 'RADIOTHERAPY'), (519, 521, 'RADIOTHERAPY'), (539, 542, 'DRUG'), (619, 628, 'DRUG'), (630, 637, 'DRUG'), (668, 671, 'DRUG'), (708, 710, 'RADIOTHERAPY'), (825, 834, 'DRUG'), (836, 843, 'DRUG'), (850, 862, 'RADIOTHERAPY'), (864, 866, 'RADIOTHERAPY'), (895, 907, 'DRUG'), (909, 912, 'DRUG'), (965, 977, 'DRUG'), (994, 1003, 'DRUG'), (1301, 1310, 'DRUG'), (1312, 1319, 'DRUG'), (1341, 1343, 'RADIOTHERAPY'), (1360, 1363, 'DRUG'), (1440, 1449, 'DRUG'), (1451, 1458, 'DRUG'), (1489, 1492, 'DRUG'), (1520, 1522, 'RADIOTHERAPY'), (1600, 1609, 'DRUG'), (1708, 1717, 'DRUG'), (1722, 1734, 'DRUG')]"
15,NCT01000350,OfficialTitle+BriefSummary,Intravenous Saline on Exercise Tolerance in Orthostatic Intolerance | The investigators will test whether an intravenous infusion of saline (salt water) will improve the exercise capacity in patients with postural tachycardia syndrome (POTS).,"[(12, 18, 'DRUG', 'Saline'), (44, 67, 'CONDITION', 'Orthostatic Intolerance'), (133, 139, 'DRUG', 'saline'), (141, 151, 'DRUG', 'salt water'), (205, 234, 'CONDITION', 'postural tachycardia syndrome'), (236, 240, 'CONDITION', 'POTS')]","[(12, 18), (44, 67), (133, 139), (141, 151), (205, 234), (236, 240)]","[(44, 67, 'CONDITION'), (205, 234, 'CONDITION'), (236, 240, 'CONDITION')]","[(12, 18, 'DRUG'), (133, 139, 'DRUG'), (141, 151, 'DRUG')]"
16,NCT01168466,OfficialTitle+BriefSummary,"Pilot Study of EEG and Cerebral Blood Flow Biofeedback Training in Remediating Cognitive and Behavioral Deficits in Adults With a Dementing Illness. | This study measures whether the symptoms of frontotemporal dementia (FTD) can be successfully treated by (a) biofeedback training to increase brain blood flow, (b) biofeedback to increase the frequency of the brain's dominant brainwave rhythm, and (c) rhythmic stimulation to increase the brain's dominant brainwave frequency.","[(23, 63, 'OTHER', 'Cerebral Blood Flow Biofeedback Training'), (79, 112, 'CONDITION', 'Cognitive and Behavioral Deficits'), (130, 139, 'CONDITION', 'Dementing'), (195, 218, 'CONDITION', 'frontotemporal dementia'), (220, 223, 'CONDITION', 'FTD'), (260, 280, 'OTHER', 'biofeedback training'), (315, 326, 'OTHER', 'biofeedback'), (403, 423, 'OTHER', 'rhythmic stimulation')]","[(23, 63), (79, 112), (130, 139), (195, 218), (220, 223), (260, 280), (315, 326), (403, 423)]","[(79, 112, 'CONDITION'), (130, 139, 'CONDITION'), (195, 218, 'CONDITION'), (220, 223, 'CONDITION')]","[(23, 63, 'OTHER'), (260, 280, 'OTHER'), (315, 326, 'OTHER'), (403, 423, 'OTHER')]"
17,NCT01546467,OfficialTitle+BriefSummary,"Cognitive Remediation in Early Phase Psychosis | The purpose of the study is to investigate the effect of a 30 hour cognitive remediation program for young patients with early phase schizophrenia spectrum disorders on cognitive, clinical and functional outcome measures. The remediation program is integrated with whatever active rehabilitation the participant is currently attending (school, work, day program etc).","[(0, 21, 'BEHAVIOURAL', 'Cognitive Remediation'), (25, 46, 'CONDITION', 'Early Phase Psychosis'), (116, 145, 'BEHAVIOURAL', 'cognitive remediation program'), (170, 214, 'CONDITION', 'early phase schizophrenia spectrum disorders'), (275, 294, 'BEHAVIOURAL', 'remediation program')]","[(0, 21), (25, 46), (116, 145), (170, 214), (275, 294)]","[(25, 46, 'CONDITION'), (170, 214, 'CONDITION')]","[(0, 21, 'BEHAVIOURAL'), (116, 145, 'BEHAVIOURAL'), (275, 294, 'BEHAVIOURAL')]"
18,NCT01608516,OfficialTitle+BriefSummary,"Multimodal Assessment of the Inflammatory Atheromatous Plaque : Comparison Between 68Ga-NODAGA-RGD PET/CT, 18F-FDG PET/CT, MRI AND US | The present study aims at assessing the ability of 68Ga-NODAGA-RGD PET/CT for the detection of inflammatory atheromatous plaques in the carotid arteries, compared to 18F-FDG PET/CT, MRI and US and to determine the contribution of each imaging technique. Current gold standard for inflammation is histopathology.

Hypothesis : 68Ga-NODAGA-RGD might give a better initial evaluation of patients with atheromatous plaques in the carotid artery eligible for endarterectomy.","[(29, 61, 'CONDITION', 'Inflammatory Atheromatous Plaque'), (231, 264, 'CONDITION', 'inflammatory atheromatous plaques'), (534, 554, 'CONDITION', 'atheromatous plaques')]","[(29, 61), (231, 264), (534, 554)]","[(29, 61, 'CONDITION'), (231, 264, 'CONDITION'), (534, 554, 'CONDITION')]",[]
19,NCT01826058,OfficialTitle+BriefSummary,"Spine Stereotactic Body Radiation Therapy for Metastatic Epidural Spinal Cord: Prospective Phase II Study | Metastatic epidural spinal cord compression (MESCC) is a frequent oncologic emergency that requires to be treated promptly. Although direct decompressive surgery is the most effective treatment, surgery is only used in selected patients because most patients have a poor overall condition and short life expectancy. Radiation therapy (RT), therefore, is the most commonly used for patients with MESCC, but conventional RT alone can achieve modest neurologic outcomes.

The hypothesis to use stereotactic body radiation therapy (SBRT) for MESCC is that the rapid decompression of epidural mass, durable local control and subsequently improved neurologic outcomes compared to conventional RT are expected when MESCC is treated with SBRT.","[(0, 41, 'RADIOTHERAPY', 'Spine Stereotactic Body Radiation Therapy'), (46, 77, 'CONDITION', 'Metastatic Epidural Spinal Cord'), (108, 151, 'CONDITION', 'Metastatic epidural spinal cord compression'), (153, 158, 'CONDITION', 'MESCC'), (424, 441, 'RADIOTHERAPY', 'Radiation therapy'), (443, 445, 'RADIOTHERAPY', 'RT'), (503, 508, 'CONDITION', 'MESCC'), (514, 535, 'CONTROL', 'conventional RT alone'), (599, 634, 'RADIOTHERAPY', 'stereotactic body radiation therapy'), (636, 640, 'RADIOTHERAPY', 'SBRT'), (646, 651, 'CONDITION', 'MESCC'), (782, 797, 'CONTROL', 'conventional RT'), (816, 821, 'CONDITION', 'MESCC'), (838, 842, 'RADIOTHERAPY', 'SBRT')]","[(0, 41), (46, 77), (108, 151), (153, 158), (424, 441), (443, 445), (503, 508), (514, 535), (599, 634), (636, 640), (646, 651), (782, 797), (816, 821), (838, 842)]","[(46, 77, 'CONDITION'), (108, 151, 'CONDITION'), (153, 158, 'CONDITION'), (503, 508, 'CONDITION'), (646, 651, 'CONDITION'), (816, 821, 'CONDITION')]","[(0, 41, 'RADIOTHERAPY'), (424, 441, 'RADIOTHERAPY'), (443, 445, 'RADIOTHERAPY'), (514, 535, 'CONTROL'), (599, 634, 'RADIOTHERAPY'), (636, 640, 'RADIOTHERAPY'), (782, 797, 'CONTROL'), (838, 842, 'RADIOTHERAPY')]"
20,NCT02066558,OfficialTitle+BriefSummary,Basic Research on Carbon Monoxide's Headache Inducing Characteristics and Effects on the Cerebral Arteries and Blood Flow in a Humane Experimental Headache Model | In this study the investigators will research the hypothesis that the gas carbon monoxide induces headache and increases the blood flow velocity in the middle cerebral artery.,"[(18, 44, 'CONDITION', ""Carbon Monoxide's Headache""), (147, 155, 'CONDITION', 'Headache'), (262, 270, 'CONDITION', 'headache')]","[(18, 44), (147, 155), (262, 270)]","[(18, 44, 'CONDITION'), (147, 155, 'CONDITION'), (262, 270, 'CONDITION')]",[]
21,NCT02180867,OfficialTitle+BriefSummary,"Pazopanib Neoadjuvant Trial in Non-Rhabdomyosarcoma Soft Tissue Sarcomas (PAZNTIS): A Phase II/III Randomized Trial of Preoperative Chemoradiation or Preoperative Radiation Plus or Minus Pazopanib (NSC# 737754) | This randomized phase II/III trial studies how well pazopanib, when combined with chemotherapy and radiation therapy or radiation therapy alone, work in the treatment of patients with newly diagnosed non-rhabdomyosarcoma soft tissue sarcomas that can eventually be removed by surgery. Radiation therapy uses high energy x-rays to kill tumor cells. Drugs used in chemotherapy, such as ifosfamide and doxorubicin, work in different ways to stop the growth of tumor cells, either by killing the cells, by stopping them from dividing, or by stopping them from spreading. Pazopanib may stop the growth of tumor cells by blocking some of the enzymes needed for cell growth. It is not yet known whether these therapies can be safely combined and if they work better when given together in treating patients with non-rhabdomyosarcoma soft tissue sarcomas.","[(0, 9, 'DRUG', 'Pazopanib'), (31, 72, 'CONDITION', 'Non-Rhabdomyosarcoma Soft Tissue Sarcomas'), (132, 146, 'OTHER', 'Chemoradiation'), (163, 172, 'RADIOTHERAPY', 'Radiation'), (187, 196, 'DRUG', 'Pazopanib'), (198, 209, 'DRUG', 'NSC# 737754'), (265, 274, 'DRUG', 'pazopanib'), (295, 307, 'OTHER', 'chemotherapy'), (312, 329, 'RADIOTHERAPY', 'radiation therapy'), (333, 356, 'CONTROL', 'radiation therapy alone'), (413, 454, 'CONDITION', 'non-rhabdomyosarcoma soft tissue sarcomas'), (498, 515, 'RADIOTHERAPY', 'Radiation therapy'), (548, 553, 'CONDITION', 'tumor'), (670, 675, 'CONDITION', 'tumor'), (780, 789, 'DRUG', 'Pazopanib'), (813, 818, 'CONDITION', 'tumor'), (1018, 1059, 'CONDITION', 'non-rhabdomyosarcoma soft tissue sarcomas')]","[(0, 9), (31, 72), (132, 146), (163, 172), (187, 196), (198, 209), (265, 274), (295, 307), (312, 329), (333, 356), (413, 454), (498, 515), (548, 553), (670, 675), (780, 789), (813, 818), (1018, 1059)]","[(31, 72, 'CONDITION'), (413, 454, 'CONDITION'), (548, 553, 'CONDITION'), (670, 675, 'CONDITION'), (813, 818, 'CONDITION'), (1018, 1059, 'CONDITION')]","[(0, 9, 'DRUG'), (132, 146, 'OTHER'), (163, 172, 'RADIOTHERAPY'), (187, 196, 'DRUG'), (198, 209, 'DRUG'), (265, 274, 'DRUG'), (295, 307, 'OTHER'), (312, 329, 'RADIOTHERAPY'), (333, 356, 'CONTROL'), (498, 515, 'RADIOTHERAPY'), (780, 789, 'DRUG')]"
22,NCT02249572,OfficialTitle+BriefSummary,"Vestibular Schwannoma - Radiosurgery or Expectation | The purpose of this study is to compare the outcome of patients with vestibular schwannomas in two groups of randomised to either radiosurgery or expectation.

The optimal treatment for a small vestibular schwannoma is a matter of controversy and there are no class 1 studies investigating this. Even the natural tumor growth rate remains controversial and is reported to be from near 100% of cases showing growth to 40-60% in various reports. The clinical results of various treatment strategies are documented, but comparative studies are very few. Immediate radiosurgery or wait-and scan with subsequent treatment upon growth are two strategies that have both been used in many different centers. There are only two studies comparing these treatment modalities .These studies indicate significant effect of GKRS in reducing tumor growth, with less differences in hearing and complaint outcomes. None of the studies are blinded or randomised, allowing for bias.

The present study aims at comparing the two modalities above. To achieve this, we intend to randomise patients with newly diagnosed VS to either of Wait-and Scan or immediate radiosurgery.

The primary study endpoint is the relative tumor size measured as the ratio between tumor volume at four years compared with volume at inclusion. Secondary endpoints include symptom and sign development measured by clinical examination and by patient's responses to standardised validated questionnaires. In addition, the health economics involved with both strategies will be evaluated and compared, as well as the patient's working status.

Patients will be asked to participate if their VS is diagnosed within the last six months, their age is between 18 and 70, and pending there are no exclusion criteria (see below). A power analysis indicates that about 50 patients per group is sufficient.

In case of failure to recruit patients, we will change the design to a study based on patient's own choice of treatment.

The study will be announced according to international guidelines. A steering committee will monitor the study and an intermediate analysis will be performed when the study group has been followed for two years. If the effect aim is already observed, the study should nonetheless continue, as it is too early to evaluate the results after such a short time course.

It will also be discussed to do a follow-up of all patients ten years after inclusion.","[(0, 21, 'CONDITION', 'Vestibular Schwannoma'), (24, 36, 'RADIOTHERAPY', 'Radiosurgery'), (123, 145, 'CONDITION', 'vestibular schwannomas'), (184, 196, 'RADIOTHERAPY', 'radiosurgery'), (248, 269, 'CONDITION', 'vestibular schwannoma'), (367, 372, 'CONDITION', 'tumor'), (615, 627, 'RADIOTHERAPY', 'radiosurgery'), (864, 868, 'RADIOTHERAPY', 'GKRS'), (881, 886, 'CONDITION', 'tumor'), (1135, 1153, 'CONDITION', 'newly diagnosed VS'), (1194, 1206, 'RADIOTHERAPY', 'radiosurgery'), (1252, 1257, 'CONDITION', 'tumor'), (1293, 1298, 'CONDITION', 'tumor'), (1699, 1701, 'CONDITION', 'VS')]","[(0, 21), (24, 36), (123, 145), (184, 196), (248, 269), (367, 372), (615, 627), (864, 868), (881, 886), (1135, 1153), (1194, 1206), (1252, 1257), (1293, 1298), (1699, 1701)]","[(0, 21, 'CONDITION'), (123, 145, 'CONDITION'), (248, 269, 'CONDITION'), (367, 372, 'CONDITION'), (881, 886, 'CONDITION'), (1135, 1153, 'CONDITION'), (1252, 1257, 'CONDITION'), (1293, 1298, 'CONDITION'), (1699, 1701, 'CONDITION')]","[(24, 36, 'RADIOTHERAPY'), (184, 196, 'RADIOTHERAPY'), (615, 627, 'RADIOTHERAPY'), (864, 868, 'RADIOTHERAPY'), (1194, 1206, 'RADIOTHERAPY')]"
23,NCT02255929,OfficialTitle+BriefSummary,Gamma Knife Thalamotomy for Treatment of Essential Tremor | The purpose of this study is to examine effects (good and bad) of gamma knife radiosurgery for essential tremor. The gamma knife places a small lesion in the brain to suppress tremors.,"[(0, 23, 'RADIOTHERAPY', 'Gamma Knife Thalamotomy'), (41, 57, 'CONDITION', 'Essential Tremor'), (126, 150, 'RADIOTHERAPY', 'gamma knife radiosurgery'), (155, 171, 'CONDITION', 'essential tremor'), (177, 188, 'RADIOTHERAPY', 'gamma knife'), (236, 243, 'CONDITION', 'tremors')]","[(0, 23), (41, 57), (126, 150), (155, 171), (177, 188), (236, 243)]","[(41, 57, 'CONDITION'), (155, 171, 'CONDITION'), (236, 243, 'CONDITION')]","[(0, 23, 'RADIOTHERAPY'), (126, 150, 'RADIOTHERAPY'), (177, 188, 'RADIOTHERAPY')]"
24,NCT02383004,OfficialTitle+BriefSummary,"Acupuncture for the Prevention of Emergence Delirium in Children Undergoing Myringotomy Tube Placement | Myringotomy tube placement is one of the most commonly performed operations in children. Emergence delirium after such procedures is common. During emergence delirium children can become both a danger to themselves and others around them, including family members and hospital staff.

The primary objective of this study is to determine if acupuncture, when used in combination with standard anesthetic management, decreases the incidence of emergence delirium in pediatric patients following myringotomy tube placement. Patients with and without premedication of midazolam will be included. A secondary objective of this study is to determine our institution's actual incidence of emergence delirium for this operation using a validated scale, the Pediatric Anesthesia Emergence Delirium (PAED) scale. We will also compare rates of emergence delirium in patients that received a premedication of midazolam versus (V) those that did not (NV).

This is a randomized double-blinded trial. We will enroll 100 children aged 1-6 years old. Premedication with midazolam will be decided by the anesthesiologist. If needed, the patient will receive a standard does of oral midazolam plus acetaminophen (V). If the patient does not require premedication with midazolam, oral acetaminophen will be given alone (NV).

Patients will then be randomized to receive either acupuncture with standard general anesthesia care (A) or to receive standard anesthetic care alone (S). Patients, their family members and recovery registered nurses (RNs) will not know if acupuncture was performed. Intraoperative anesthetic techniques will be standardized and include inhaled inductions with nitrous oxide and sevoflurane. Anesthesia maintenance will be inhaled sevoflurane and the usual pain medication ketorolac will be given intramuscularly prior to emergence. Acupuncture needles will be placed after anesthesia induction and removed prior to leaving the operating room. A total of 4 needles will be placed, one in each wrist at the Heart 7 (HT7) point and one in each ear at the Shen Men point. The needles will be inserted bilaterally to a depth of 1.8 mm.

In the PACU, a blinded study observer will evaluate the patient at four time points using the PAED scale: time of awakening and 5, 10 & 15 minutes after awakening. Follow up phone calls will be made one day and one week after surgery. Families will be asked about behavior after discharge, sleep and bed-wetting.","[(0, 11, 'OTHER', 'Acupuncture'), (34, 52, 'CONDITION', 'Emergence Delirium'), (76, 102, 'CONDITION', 'Myringotomy Tube Placement'), (105, 131, 'CONDITION', 'Myringotomy tube placement'), (194, 212, 'CONDITION', 'Emergence delirium'), (253, 271, 'CONDITION', 'emergence delirium'), (445, 456, 'OTHER', 'acupuncture'), (488, 518, 'OTHER', 'standard anesthetic management'), (598, 624, 'CONDITION', 'myringotomy tube placement'), (669, 678, 'DRUG', 'midazolam'), (787, 805, 'CONDITION', 'emergence delirium'), (938, 956, 'CONDITION', 'emergence delirium'), (1002, 1011, 'DRUG', 'midazolam'), (1159, 1168, 'DRUG', 'midazolam'), (1270, 1279, 'DRUG', 'midazolam'), (1285, 1298, 'DRUG', 'acetaminophen'), (1355, 1364, 'DRUG', 'midazolam'), (1371, 1384, 'DRUG', 'acetaminophen'), (1463, 1474, 'OTHER', 'acupuncture'), (1480, 1512, 'OTHER', 'standard general anesthesia care'), (1531, 1561, 'CONTROL', 'standard anesthetic care alone'), (1652, 1663, 'OTHER', 'acupuncture'), (1773, 1786, 'DRUG', 'nitrous oxide'), (1791, 1802, 'DRUG', 'sevoflurane'), (1843, 1854, 'DRUG', 'sevoflurane'), (1885, 1894, 'DRUG', 'ketorolac'), (1945, 1956, 'OTHER', 'Acupuncture')]","[(0, 11), (34, 52), (76, 102), (105, 131), (194, 212), (253, 271), (445, 456), (488, 518), (598, 624), (669, 678), (787, 805), (938, 956), (1002, 1011), (1159, 1168), (1270, 1279), (1285, 1298), (1355, 1364), (1371, 1384), (1463, 1474), (1480, 1512), (1531, 1561), (1652, 1663), (1773, 1786), (1791, 1802), (1843, 1854), (1885, 1894), (1945, 1956)]","[(34, 52, 'CONDITION'), (76, 102, 'CONDITION'), (105, 131, 'CONDITION'), (194, 212, 'CONDITION'), (253, 271, 'CONDITION'), (598, 624, 'CONDITION'), (787, 805, 'CONDITION'), (938, 956, 'CONDITION')]","[(0, 11, 'OTHER'), (445, 456, 'OTHER'), (488, 518, 'OTHER'), (669, 678, 'DRUG'), (1002, 1011, 'DRUG'), (1159, 1168, 'DRUG'), (1270, 1279, 'DRUG'), (1285, 1298, 'DRUG'), (1355, 1364, 'DRUG'), (1371, 1384, 'DRUG'), (1463, 1474, 'OTHER'), (1480, 1512, 'OTHER'), (1531, 1561, 'CONTROL'), (1652, 1663, 'OTHER'), (1773, 1786, 'DRUG'), (1791, 1802, 'DRUG'), (1843, 1854, 'DRUG'), (1885, 1894, 'DRUG'), (1945, 1956, 'OTHER')]"
25,NCT02541032,OfficialTitle+BriefSummary,"PeRiodontal Treatment to Eliminate Minority InEquality and Rural Disparities in Stroke | The PREMIERS study is a proposal for conducting an adequately powered two center phase III randomized controlled trial to test whether intensive periodontal treatment reduces the risk of recurrent vascular events among ischemic stroke and TIA survivors. The study uses the resources in both states including established dental centers, Joint Commission Certified Stroke Centers, the Schools of Public Health, and the Institute for Partnerships to Eliminate Health Disparities. The proposal addresses specific issues with regards to recruitment of African-American and rural stroke/TIA patients advocating the use of culturally appropriate strategies to educate the study subjects regarding stroke, periodontal disease and the periodontal stroke link.

The study proposes to utilize economic evaluation of the periodontal intervention from the budgetary perspective. The focus will be on the financial sustainability of providing aggressive periodontal therapy (with certain, although relatively low expenditures) in exchange for a reduction of uncertain recurrent vascular events that may require high cost emergency department utilization and/or inpatient care. The sustainability of the proposed intervention after the completion of the project is integrally linked to the health economic assessment to show the health care cost savings. By integration with a rural primary care center, with an African American majority and households with average incomes below the state average, the study ensures that the proposed intervention to reduce stroke disparity is applicable to this target population.","[(0, 21, 'OTHER', 'PeRiodontal Treatment'), (80, 86, 'CONDITION', 'Stroke'), (224, 255, 'OTHER', 'intensive periodontal treatment'), (308, 323, 'CONDITION', 'ischemic stroke'), (328, 331, 'CONDITION', 'TIA'), (663, 669, 'CONDITION', 'stroke'), (670, 673, 'CONDITION', 'TIA'), (779, 785, 'CONDITION', 'stroke'), (787, 806, 'CONDITION', 'periodontal disease'), (815, 833, 'CONDITION', 'periodontal stroke'), (898, 922, 'OTHER', 'periodontal intervention'), (1018, 1048, 'OTHER', 'aggressive periodontal therapy'), (1632, 1638, 'CONDITION', 'stroke')]","[(0, 21), (80, 86), (224, 255), (308, 323), (328, 331), (663, 669), (670, 673), (779, 785), (787, 806), (815, 833), (898, 922), (1018, 1048), (1632, 1638)]","[(80, 86, 'CONDITION'), (308, 323, 'CONDITION'), (328, 331, 'CONDITION'), (663, 669, 'CONDITION'), (670, 673, 'CONDITION'), (779, 785, 'CONDITION'), (787, 806, 'CONDITION'), (815, 833, 'CONDITION'), (1632, 1638, 'CONDITION')]","[(0, 21, 'OTHER'), (224, 255, 'OTHER'), (898, 922, 'OTHER'), (1018, 1048, 'OTHER')]"
26,NCT02572206,OfficialTitle+BriefSummary,Demonstration of mGluR5 Overexpression in Amish and Mennonite CNTNAP2 Mutation Carriers | The primary goal of the present study is to evaluate the utility of mGluR5 binding as measured by PET as a biomarker of the CNTNAP2 mutation and related /mTOR kinase pathway dysregulation.,"[(62, 87, 'CONDITION', 'CNTNAP2 Mutation Carriers')]","[(62, 87)]","[(62, 87, 'CONDITION')]",[]
27,NCT02588300,OfficialTitle+BriefSummary,"Evaluation of the Upper Airway Collapse in Patients With Obstructive Sleep Apnea Syndrome by Drug Induced Sleep Endoscopy According to the Munich Sleep Video Protocol | This is a prospective, interventional cohort study of drug-induced sleep endoscopy (DISE). The goal is to evaluate the upper airway in a cohort of patients with obstructive sleep apnea hypopnea syndrome (OSAHS) diagnosed in a prior polysomnography.

This study correlates the sedation level measured by entropy during DISE using propofol via a TCI pump with the local obstruction patterns of the upper airway according to the VOTE classification.

As OSAHS is a widespread disease and the DISE procedure has become a common tool for diagnosis and evaluation of further treatment, a growing number of research articles deal with this topic. These articles are available through pubmed.","[(57, 89, 'CONDITION', 'Obstructive Sleep Apnea Syndrome'), (330, 371, 'CONDITION', 'obstructive sleep apnea hypopnea syndrome'), (373, 378, 'CONDITION', 'OSAHS'), (620, 625, 'CONDITION', 'OSAHS')]","[(57, 89), (330, 371), (373, 378), (620, 625)]","[(57, 89, 'CONDITION'), (330, 371, 'CONDITION'), (373, 378, 'CONDITION'), (620, 625, 'CONDITION')]",[]
28,NCT02631850,OfficialTitle+BriefSummary,"Video Game Rehabilitation for Outpatient Stroke (VIGoROUS): A Multi-center Comparative Effectiveness Trial of In-home Gamified Constraint-induced Movement Therapy for Rehabilitation of Chronic Upper Extremity Hemiparesis. | The current proposal aims to conduct a multi-site randomized controlled trial comparing virtual-reality gaming delivery of Constraint Induced Movement therapy (CI therapy) with (1) traditional clinic-based CI therapy of equal total active therapy duration and (2) a control group equating the dose of in-person therapy. Individuals with chronic stroke will be randomized to one of four different interventions: (1) traditional clinic-based CI therapy (35 therapist/client contact hours), (2) therapist-as-consultant virtual reality CI therapy (5 therapist/client contact hours in the clinic and 15 hours of independent game play at home), (3) therapist-as-consultant virtual reality CI therapy with additional therapist contact via telerehabilitation (5 therapist/client contact hours in the clinic, 2.6 therapist contact hours via teleconference, and 15 hours of independent game play in the home), and (4) 5 hours of standard occupational therapy (OT) / physical therapy (PT). After 6-month follow-up, individuals assigned to standard OT/PT will cross over to a modified gaming therapy condition (a stand-alone application of the rehabilitation game without additional therapist contact).","[(41, 47, 'CONDITION', 'Stroke'), (118, 162, 'PHYSICAL', 'Gamified Constraint-induced Movement Therapy'), (185, 220, 'CONDITION', 'Chronic Upper Extremity Hemiparesis'), (312, 334, 'OTHER', 'virtual-reality gaming'), (347, 382, 'PHYSICAL', 'Constraint Induced Movement therapy'), (384, 394, 'PHYSICAL', 'CI therapy'), (405, 440, 'CONTROL', 'traditional clinic-based CI therapy'), (561, 575, 'CONDITION', 'chronic stroke'), (639, 674, 'CONTROL', 'traditional clinic-based CI therapy'), (716, 766, 'PHYSICAL', 'therapist-as-consultant virtual reality CI therapy'), (867, 917, 'PHYSICAL', 'therapist-as-consultant virtual reality CI therapy'), (956, 974, 'OTHER', 'telerehabilitation'), (1152, 1172, 'OTHER', 'occupational therapy'), (1174, 1176, 'OTHER', 'OT'), (1180, 1196, 'PHYSICAL', 'physical therapy'), (1198, 1200, 'PHYSICAL', 'PT'), (1261, 1263, 'OTHER', 'OT'), (1264, 1266, 'PHYSICAL', 'PT'), (1288, 1311, 'OTHER', 'modified gaming therapy'), (1356, 1375, 'OTHER', 'rehabilitation game')]","[(41, 47), (118, 162), (185, 220), (312, 334), (347, 382), (384, 394), (405, 440), (561, 575), (639, 674), (716, 766), (867, 917), (956, 974), (1152, 1172), (1174, 1176), (1180, 1196), (1198, 1200), (1261, 1263), (1264, 1266), (1288, 1311), (1356, 1375)]","[(41, 47, 'CONDITION'), (185, 220, 'CONDITION'), (561, 575, 'CONDITION')]","[(118, 162, 'PHYSICAL'), (312, 334, 'OTHER'), (347, 382, 'PHYSICAL'), (384, 394, 'PHYSICAL'), (405, 440, 'CONTROL'), (639, 674, 'CONTROL'), (716, 766, 'PHYSICAL'), (867, 917, 'PHYSICAL'), (956, 974, 'OTHER'), (1152, 1172, 'OTHER'), (1174, 1176, 'OTHER'), (1180, 1196, 'PHYSICAL'), (1198, 1200, 'PHYSICAL'), (1261, 1263, 'OTHER'), (1264, 1266, 'PHYSICAL'), (1288, 1311, 'OTHER'), (1356, 1375, 'OTHER')]"
29,NCT02644980,OfficialTitle+BriefSummary,"Target Controlled Infusion of Etomidate or Propofol for Anesthesia of Thoracoscopic Mitral Valve Replacement Surgery,A Randomized Controlled Double-Blinded Study | For patients requiring the heart valve replacement surgery, heart function is injured in different degree.Thus, minimizing the impact of the anesthesia drug on the cardiovascular system has important clinical meanings. Etomidate has slight effect on the cardiovascular system, often used in the induction of anesthesia, however target controlled infusion etomidate in maintenance of anesthesia is less used. So, the trial is designed to observe the application value of TCI etomidate in thoracoscopic mitral valve replacement surgery.","[(30, 39, 'DRUG', 'Etomidate'), (43, 51, 'DRUG', 'Propofol'), (70, 108, 'CONDITION', 'Thoracoscopic Mitral Valve Replacement'), (191, 214, 'CONDITION', 'heart valve replacement'), (383, 392, 'DRUG', 'Etomidate'), (519, 528, 'DRUG', 'etomidate'), (638, 647, 'DRUG', 'etomidate'), (651, 689, 'CONDITION', 'thoracoscopic mitral valve replacement')]","[(30, 39), (43, 51), (70, 108), (191, 214), (383, 392), (519, 528), (638, 647), (651, 689)]","[(70, 108, 'CONDITION'), (191, 214, 'CONDITION'), (651, 689, 'CONDITION')]","[(30, 39, 'DRUG'), (43, 51, 'DRUG'), (383, 392, 'DRUG'), (519, 528, 'DRUG'), (638, 647, 'DRUG')]"
30,NCT02843906,OfficialTitle+BriefSummary,"Cognitive, Morphological and Neurobiological Progressive Aspects in Bipolar Disorders in the Elderly: Toward to a Neurodegenerescence Detection? | The purpose of this study is to identify association between cerebrospinal fluid Alzheimer's Disease's neurodegenerescence biomarkers (tau, ptau, AÃŸ40 and AÃŸ1-42) and occurrence of cognitive deficits in older patients with bipolar disorders.","[(68, 85, 'CONDITION', 'Bipolar Disorders'), (228, 247, 'CONDITION', ""Alzheimer's Disease""), (328, 346, 'CONDITION', 'cognitive deficits'), (370, 387, 'CONDITION', 'bipolar disorders')]","[(68, 85), (228, 247), (328, 346), (370, 387)]","[(68, 85, 'CONDITION'), (228, 247, 'CONDITION'), (328, 346, 'CONDITION'), (370, 387, 'CONDITION')]",[]
31,NCT03273816,OfficialTitle+BriefSummary,"Evaluation of the Benefit Provided by Sessions of Sophrology on the Intraoperative Management of Parkinsonian Patients in the Context of Deep Brain Stimulation Surgery. | Deep brain stimulation surgery, which consists of intracerebral implantation of electrodes, is considered one of the most effective techniques for controlling the motor fluctuations of Parkinson's disease. The particularity of this surgery is the necessity of the awakening of the patient for the correct positioning of the electrodes, it is therefore a difficult test for the patient.

Medical sophrology is an ideal strategy to optimize the comfort of the patient during the operation thanks to its anxiolytic and analgesic virtues while guaranteeing the maintenance of a good patient vigilance favoring the cooperation with the operating room team. Indeed, sophrology is a body-mediated set of techniques, at the crossroads between hypnosis and yoga, which makes it possible to find a balance between emotions, thoughts and behaviors. It has already been applied in other fields such as oncology, pain management, preparation for childbirth, and for 5 years at the CHU of Rennes for preparation for the intervention of deep brain stimulation.","[(50, 60, 'BEHAVIOURAL', 'Sophrology'), (97, 109, 'CONDITION', 'Parkinsonian'), (137, 159, 'OTHER', 'Deep Brain Stimulation'), (171, 193, 'OTHER', 'Deep brain stimulation'), (356, 375, 'CONDITION', ""Parkinson's disease""), (566, 576, 'BEHAVIOURAL', 'sophrology'), (831, 841, 'BEHAVIOURAL', 'sophrology'), (1193, 1215, 'OTHER', 'deep brain stimulation')]","[(50, 60), (97, 109), (137, 159), (171, 193), (356, 375), (566, 576), (831, 841), (1193, 1215)]","[(97, 109, 'CONDITION'), (356, 375, 'CONDITION')]","[(50, 60, 'BEHAVIOURAL'), (137, 159, 'OTHER'), (171, 193, 'OTHER'), (566, 576, 'BEHAVIOURAL'), (831, 841, 'BEHAVIOURAL'), (1193, 1215, 'OTHER')]"
32,NCT03288948,OfficialTitle+BriefSummary,Binocular Amblyopia Treatment | To evaluate the effectiveness of enhanced binocular amblyopia treatments in achieving a more complete and stable recovery.,"[(0, 19, 'CONDITION', 'Binocular Amblyopia'), (74, 93, 'CONDITION', 'binocular amblyopia')]","[(0, 19), (74, 93)]","[(0, 19, 'CONDITION'), (74, 93, 'CONDITION')]",[]
33,NCT03459118,OfficialTitle+BriefSummary,"The Impact of Dementia on Care and Outcomes Associated With a Function Focused Care Intervention Among Residents in Assisted Living Settings. | This study will evaluate pain, management of pain, behavioral symptoms, and the quality of staff-resident interactions between residents with and without dementia, test the relationship of these variables to participation in function focused care at baseline, and consider if there is a differential impact of FFC-AL-EIT between those with and without dementia with regard to participation in function focused care, functional outcomes and physical activity over the 12 month study period. Findings from this study will provide new information on how to optimize function and physical activity among older adults with dementia in assisted living.","[(14, 22, 'CONDITION', 'Dementia'), (62, 83, 'OTHER', 'Function Focused Care'), (169, 173, 'CONDITION', 'pain'), (189, 193, 'CONDITION', 'pain'), (298, 306, 'CONDITION', 'dementia'), (454, 464, 'OTHER', 'FFC-AL-EIT'), (496, 504, 'CONDITION', 'dementia'), (762, 770, 'CONDITION', 'dementia')]","[(14, 22), (62, 83), (169, 173), (189, 193), (298, 306), (454, 464), (496, 504), (762, 770)]","[(14, 22, 'CONDITION'), (169, 173, 'CONDITION'), (189, 193, 'CONDITION'), (298, 306, 'CONDITION'), (496, 504, 'CONDITION'), (762, 770, 'CONDITION')]","[(62, 83, 'OTHER'), (454, 464, 'OTHER')]"
34,NCT03504150,OfficialTitle+BriefSummary,Comparative Effectiveness of Two Self-guided Web-based Interventions for Youth and Young Adults With Migraine | This randomized controlled trial will compare the effectiveness of two online self-guided programs for youth and young adults with migraine against usual care.,"[(33, 68, 'OTHER', 'Self-guided Web-based Interventions'), (101, 109, 'CONDITION', 'Migraine'), (183, 210, 'OTHER', 'online self-guided programs'), (243, 251, 'CONDITION', 'migraine'), (260, 270, 'CONTROL', 'usual care')]","[(33, 68), (101, 109), (183, 210), (243, 251), (260, 270)]","[(101, 109, 'CONDITION'), (243, 251, 'CONDITION')]","[(33, 68, 'OTHER'), (183, 210, 'OTHER'), (260, 270, 'CONTROL')]"
35,NCT03517787,OfficialTitle+BriefSummary,"The Effect of Functional Electrical Stimulation and Therapeutic Exercise on Functional Properties of Skeletal Muscles, Sitting Postural Stability and Quality of Life in Traumatic Spinal Cord Injury Patients | Aim of the current study is to evaluate the effect functional electrical stimulation and therapeutic exercise on traumatic spinal cord injured participants'skeletal muscle characteristics, sitting balance, lung function and quality of life.","[(14, 47, 'OTHER', 'Functional Electrical Stimulation'), (52, 72, 'PHYSICAL', 'Therapeutic Exercise'), (169, 197, 'CONDITION', 'Traumatic Spinal Cord Injury'), (260, 293, 'OTHER', 'functional electrical stimulation'), (298, 318, 'PHYSICAL', 'therapeutic exercise'), (322, 351, 'CONDITION', 'traumatic spinal cord injured')]","[(14, 47), (52, 72), (169, 197), (260, 293), (298, 318), (322, 351)]","[(169, 197, 'CONDITION'), (322, 351, 'CONDITION')]","[(14, 47, 'OTHER'), (52, 72, 'PHYSICAL'), (260, 293, 'OTHER'), (298, 318, 'PHYSICAL')]"
36,NCT03684577,OfficialTitle+BriefSummary,Efficacy of Hypnotherapy Compared to a Wait-list Control Group in the Treatment of Agoraphobia | The purpose of the study is to compare the efficacy of Hypnotherapy for the treatment of Agoraphobia compared to a wait-list control group.,"[(12, 24, 'BEHAVIOURAL', 'Hypnotherapy'), (39, 56, 'CONTROL', 'Wait-list Control'), (83, 94, 'CONDITION', 'Agoraphobia'), (152, 164, 'BEHAVIOURAL', 'Hypnotherapy'), (186, 197, 'CONDITION', 'Agoraphobia'), (212, 229, 'CONTROL', 'wait-list control')]","[(12, 24), (39, 56), (83, 94), (152, 164), (186, 197), (212, 229)]","[(83, 94, 'CONDITION'), (186, 197, 'CONDITION')]","[(12, 24, 'BEHAVIOURAL'), (39, 56, 'CONTROL'), (152, 164, 'BEHAVIOURAL'), (212, 229, 'CONTROL')]"
37,NCT03712917,OfficialTitle+BriefSummary,"Comparison of Therapeutic Effects of Greater Occipital Nerve Block, Topiramate, and Flunarizine on Episodic Migraine: A Randomised Parallel Group Study | Background: Preventive drug therapy in migraine aims to reduce the attack frequency, severity and duration of headache. Flunarizine and topiramate are widely used in the prevention of migraine attacks. Greater occipital nerve block (GONB) is an alternative treatment option for the prophylactic treatment of migraine. In this study, investigators compared the effectiveness of GONB, topiramate, and flunarizine in terms of reduction in post-treatment VAS scores and attack frequencies in patients with episodic migraine in a four-week period.

Material and Methods: At least one hundred and twenty migraine patients are aimed to be randomly divided into three treatment groups, namely flunarizine (n=40, estimated), topiramate (n=40, estimated) and GONB (n=40, estimated). The patients will be followed up for four weeks and the attack frequencies and VAS scores will be recorded weekly. At the end of the fourth week, the response rates based on 50% and 75% or more reduction in the VAS scores and attack frequencies will be calculated. Group-wise comparisons will be assessed statistically.","[(37, 66, 'SURGICAL', 'Greater Occipital Nerve Block'), (68, 78, 'DRUG', 'Topiramate'), (84, 95, 'DRUG', 'Flunarizine'), (99, 116, 'CONDITION', 'Episodic Migraine'), (193, 201, 'CONDITION', 'migraine'), (264, 272, 'CONDITION', 'headache'), (274, 285, 'DRUG', 'Flunarizine'), (290, 300, 'DRUG', 'topiramate'), (338, 354, 'CONDITION', 'migraine attacks'), (356, 385, 'SURGICAL', 'Greater occipital nerve block'), (387, 391, 'SURGICAL', 'GONB'), (462, 470, 'CONDITION', 'migraine'), (531, 535, 'SURGICAL', 'GONB'), (537, 547, 'DRUG', 'topiramate'), (553, 564, 'DRUG', 'flunarizine'), (656, 673, 'CONDITION', 'episodic migraine'), (752, 760, 'CONDITION', 'migraine'), (839, 850, 'DRUG', 'flunarizine'), (870, 880, 'DRUG', 'topiramate'), (903, 907, 'SURGICAL', 'GONB')]","[(37, 66), (68, 78), (84, 95), (99, 116), (193, 201), (264, 272), (274, 285), (290, 300), (338, 354), (356, 385), (387, 391), (462, 470), (531, 535), (537, 547), (553, 564), (656, 673), (752, 760), (839, 850), (870, 880), (903, 907)]","[(99, 116, 'CONDITION'), (193, 201, 'CONDITION'), (264, 272, 'CONDITION'), (338, 354, 'CONDITION'), (462, 470, 'CONDITION'), (656, 673, 'CONDITION'), (752, 760, 'CONDITION')]","[(37, 66, 'SURGICAL'), (68, 78, 'DRUG'), (84, 95, 'DRUG'), (274, 285, 'DRUG'), (290, 300, 'DRUG'), (356, 385, 'SURGICAL'), (387, 391, 'SURGICAL'), (531, 535, 'SURGICAL'), (537, 547, 'DRUG'), (553, 564, 'DRUG'), (839, 850, 'DRUG'), (870, 880, 'DRUG'), (903, 907, 'SURGICAL')]"
38,NCT03747848,OfficialTitle+BriefSummary,"A Treatment Protocol for Management of Fatigue in Parkinson's Disease Using Cognitive Behavioral Therapy | Fatigue affects more than half of people living with Parkinson's disease. Despite its prevalence, treatment options remain limited. To improve patient outcome, a group treatment protocol was developed for PD fatigue management primarily using cognitive behavioral therapy. The program focuses on assisting individuals with PD who experience fatigue to establish proper sleep hygiene habits and a physical exercise routine to meet the end goal of reducing fatigue. The aim of the group is to change negative thoughts and behavior regarding changing sleep hygiene habits and exercise behavior into positive ones. This is a feasibility project that aims to explore the feasibility of this protocol as well as to produce a treatment protocol that is able to be replicated by other occupational therapists and health professionals who serve the PD population.","[(39, 46, 'CONDITION', 'Fatigue'), (50, 69, 'CONDITION', ""Parkinson's Disease""), (76, 104, 'BEHAVIOURAL', 'Cognitive Behavioral Therapy'), (107, 114, 'CONDITION', 'Fatigue'), (160, 179, 'CONDITION', ""Parkinson's disease""), (312, 314, 'CONDITION', 'PD'), (315, 322, 'CONDITION', 'fatigue'), (350, 378, 'BEHAVIOURAL', 'cognitive behavioral therapy'), (430, 432, 'CONDITION', 'PD'), (448, 455, 'CONDITION', 'fatigue'), (469, 489, 'OTHER', 'proper sleep hygiene'), (503, 520, 'PHYSICAL', 'physical exercise'), (562, 569, 'CONDITION', 'fatigue'), (947, 949, 'CONDITION', 'PD')]","[(39, 46), (50, 69), (76, 104), (107, 114), (160, 179), (312, 314), (315, 322), (350, 378), (430, 432), (448, 455), (469, 489), (503, 520), (562, 569), (947, 949)]","[(39, 46, 'CONDITION'), (50, 69, 'CONDITION'), (107, 114, 'CONDITION'), (160, 179, 'CONDITION'), (312, 314, 'CONDITION'), (315, 322, 'CONDITION'), (430, 432, 'CONDITION'), (448, 455, 'CONDITION'), (562, 569, 'CONDITION'), (947, 949, 'CONDITION')]","[(76, 104, 'BEHAVIOURAL'), (350, 378, 'BEHAVIOURAL'), (469, 489, 'OTHER'), (503, 520, 'PHYSICAL')]"
39,NCT03963258,OfficialTitle+BriefSummary,Short-Term Effects of Whole-Body Vibration on Upper Extremity Function in Subjects With Poststroke Hemiplegia | To investigate the effect of whole body vibration on upper limb motor function in hemiplegic patients with subacute stroke,"[(22, 42, 'OTHER', 'Whole-Body Vibration'), (88, 109, 'CONDITION', 'Poststroke Hemiplegia'), (141, 161, 'OTHER', 'whole body vibration'), (194, 204, 'CONDITION', 'hemiplegic'), (219, 234, 'CONDITION', 'subacute stroke')]","[(22, 42), (88, 109), (141, 161), (194, 204), (219, 234)]","[(88, 109, 'CONDITION'), (194, 204, 'CONDITION'), (219, 234, 'CONDITION')]","[(22, 42, 'OTHER'), (141, 161, 'OTHER')]"
40,NCT04057677,OfficialTitle+BriefSummary,"Exercise Training as an Intervention to Improve Muscle Function and Recovery Following Bed Rest in Older Adults With Type 2 Diabetes | The purpose of this research is to gather data on how exercise can help recovery of muscle mass, strength, and physical function after bedrest in older adults with pre-diabetes and type 2 diabetes.","[(0, 17, 'PHYSICAL', 'Exercise Training'), (117, 132, 'CONDITION', 'Type 2 Diabetes'), (189, 197, 'PHYSICAL', 'exercise'), (299, 311, 'CONDITION', 'pre-diabetes'), (316, 331, 'CONDITION', 'type 2 diabetes')]","[(0, 17), (117, 132), (189, 197), (299, 311), (316, 331)]","[(117, 132, 'CONDITION'), (299, 311, 'CONDITION'), (316, 331, 'CONDITION')]","[(0, 17, 'PHYSICAL'), (189, 197, 'PHYSICAL')]"
41,NCT04123223,OfficialTitle+BriefSummary,"Comparing Cognitive Remediation Approaches for Schizophrenia | This research compares the relative efficacy of two empirically-supported, standardized programs of cognitive remediation for treatment of cognitive deficits and community function in schizophrenia to help inform best practices. The proposed study advances public health by developing and evaluating new behavioral techniques for improving psychosocial outcome in individuals diagnosed with schizophrenia.","[(10, 31, 'BEHAVIOURAL', 'Cognitive Remediation'), (47, 60, 'CONDITION', 'Schizophrenia'), (163, 184, 'BEHAVIOURAL', 'cognitive remediation'), (202, 220, 'CONDITION', 'cognitive deficits'), (247, 260, 'CONDITION', 'schizophrenia'), (367, 388, 'BEHAVIOURAL', 'behavioral techniques'), (454, 467, 'CONDITION', 'schizophrenia')]","[(10, 31), (47, 60), (163, 184), (202, 220), (247, 260), (367, 388), (454, 467)]","[(47, 60, 'CONDITION'), (202, 220, 'CONDITION'), (247, 260, 'CONDITION'), (454, 467, 'CONDITION')]","[(10, 31, 'BEHAVIOURAL'), (163, 184, 'BEHAVIOURAL'), (367, 388, 'BEHAVIOURAL')]"
42,NCT04156607,OfficialTitle+BriefSummary,The Effects of Kinesiotaping on Balance in Children With Down Syndrome. | This study aimed to explore the effects of Kinesio tape applied to plantar soles on balance in children with Down Syndrome (DS). Two groups including children with DS and a group with their typically developing peers evaluated. Half of the children with DS took Kinesio tape application to the plantar soles and the other half took sham taping application. All children evaluated with dynamic and static balance measurements and DS children evaluated immediately after taping and 45 minutes after taping again with the same measurements.,"[(15, 28, 'OTHER', 'Kinesiotaping'), (57, 70, 'CONDITION', 'Down Syndrome'), (117, 129, 'OTHER', 'Kinesio tape'), (183, 196, 'CONDITION', 'Down Syndrome'), (198, 200, 'CONDITION', 'DS'), (238, 240, 'CONDITION', 'DS'), (328, 330, 'CONDITION', 'DS'), (336, 348, 'OTHER', 'Kinesio tape'), (406, 417, 'CONTROL', 'sham taping'), (503, 505, 'CONDITION', 'DS'), (571, 577, 'OTHER', 'taping')]","[(15, 28), (57, 70), (117, 129), (183, 196), (198, 200), (238, 240), (328, 330), (336, 348), (406, 417), (503, 505), (571, 577)]","[(57, 70, 'CONDITION'), (183, 196, 'CONDITION'), (198, 200, 'CONDITION'), (238, 240, 'CONDITION'), (328, 330, 'CONDITION'), (503, 505, 'CONDITION')]","[(15, 28, 'OTHER'), (117, 129, 'OTHER'), (336, 348, 'OTHER'), (406, 417, 'CONTROL'), (571, 577, 'OTHER')]"
43,NCT04256382,OfficialTitle+BriefSummary,Dementia Pain Management Knowledge Scale Development and Impact of an Educational Program on Hospital Nurses' Knowledge Evaluation | This study aims to develop and test a scale for exploring hospital nurses' knowledge about dementia pain and dementia pain management.,"[(70, 89, 'BEHAVIOURAL', 'Educational Program')]","[(70, 89)]",[],"[(70, 89, 'BEHAVIOURAL')]"
44,NCT04405596,OfficialTitle+BriefSummary,"Ambroxol as a Novel Disease Modifying Treatment for Lewy Body Dementia | This is a randomized, placebo-controlled, double-blind study investigating whether the medication Ambroxol is safe,effectiveness and well tolerated for the treatment of Lewy Body Dementia (LBD). Currently the main treatments for patients with LBD target symptom management. However, none of the medications treat the underlying cause of the disease, which includes the accumulation of protein in the brain. Therefore, even if patients respond well to symptomatic treatment, they continue to deteriorate. Therefore, the purpose of the current study is to make sure Ambroxol is safe to take long term and to test the effects of Ambroxol in treating the cognitive impairments associated with LBD by modifying the underlying causes of the disease.

There will be a total of 15 people participating this this study, which will last 52 weeks. Over the study period patients will undergo clinical, neuropsychological and neuroimaging assessment to assess changes.","[(0, 8, 'DRUG', 'Ambroxol'), (52, 70, 'CONDITION', 'Lewy Body Dementia'), (95, 102, 'CONTROL', 'placebo'), (171, 179, 'DRUG', 'Ambroxol'), (242, 260, 'CONDITION', 'Lewy Body Dementia'), (262, 265, 'CONDITION', 'LBD'), (316, 319, 'CONDITION', 'LBD'), (637, 645, 'DRUG', 'Ambroxol'), (699, 707, 'DRUG', 'Ambroxol'), (724, 745, 'CONDITION', 'cognitive impairments'), (762, 765, 'CONDITION', 'LBD')]","[(0, 8), (52, 70), (95, 102), (171, 179), (242, 260), (262, 265), (316, 319), (637, 645), (699, 707), (724, 745), (762, 765)]","[(52, 70, 'CONDITION'), (242, 260, 'CONDITION'), (262, 265, 'CONDITION'), (316, 319, 'CONDITION'), (724, 745, 'CONDITION'), (762, 765, 'CONDITION')]","[(0, 8, 'DRUG'), (95, 102, 'CONTROL'), (171, 179, 'DRUG'), (637, 645, 'DRUG'), (699, 707, 'DRUG')]"
45,NCT04492696,OfficialTitle+BriefSummary,"Comparison of Concussion Education Programs and Intent to Report Concussion in High School Football Athletes | Importance: Concussion underreporting leads to delays in diagnosis and treatment, resulting in prolonged recovery. Athletes' report of concussion symptoms is therefore an important component of risk reduction. Numerous educational interventions to improve concussion knowledge and reporting exist.

Objective: Evaluate the comparative efficacy of three concussion education programs in improving concussion-reporting intention.

Design: Randomized clinical trial conducted from August 2018 to October 2018, with assessment before, immediately after, and one-month after educational intervention.","[(14, 43, 'BEHAVIOURAL', 'Concussion Education Programs'), (65, 75, 'CONDITION', 'Concussion'), (123, 133, 'CONDITION', 'Concussion'), (246, 256, 'CONDITION', 'concussion'), (367, 377, 'CONDITION', 'concussion'), (464, 493, 'BEHAVIOURAL', 'concussion education programs'), (507, 517, 'CONDITION', 'concussion'), (681, 705, 'BEHAVIOURAL', 'educational intervention')]","[(14, 43), (65, 75), (123, 133), (246, 256), (367, 377), (464, 493), (507, 517), (681, 705)]","[(65, 75, 'CONDITION'), (123, 133, 'CONDITION'), (246, 256, 'CONDITION'), (367, 377, 'CONDITION'), (507, 517, 'CONDITION')]","[(14, 43, 'BEHAVIOURAL'), (464, 493, 'BEHAVIOURAL'), (681, 705, 'BEHAVIOURAL')]"
46,NCT04500795,OfficialTitle+BriefSummary,"Prospective Study on the Use of Middle Meningeal Artery Embolization for Chronic Subdural Haematoma | Subdural haematoma is a common neurosurgical condition that results in different levels of neurological deficits in patients. It can be further classified into acute and chronic, which have different pathophysiology. Acute haematoma is a common result of traumatic injuries involving the tearing of the bridging veins, while chronic subdural haematoma can be both a result of traumatic injuries or recurrence following surgical management of the acute counterpart. For symptomatic patients, they are often surgically managed by haematoma drainage via burr-hole drainage and craniotomy. Recurrent bleeding following close monitor or surgical evacuation of haematoma is however very high. Recent studies approximate the recurrence rate of 2%-33.3%. Recent evidence suggests the angiogenesis of middle meningeal arteries (MMA) in response to inflammation and healing process contributes to the development of chronic subdural haematoma, and its high recurrence chance. Several studies have looked into the use of middle meningeal artery embolization to halt the bleeding of a chronic subdural haematoma, and have found promising results in terms of haematoma reduction and prevention of surgical rescues.","[(32, 68, 'SURGICAL', 'Middle Meningeal Artery Embolization'), (73, 99, 'CONDITION', 'Chronic Subdural Haematoma'), (102, 120, 'CONDITION', 'Subdural haematoma'), (319, 334, 'CONDITION', 'Acute haematoma'), (427, 453, 'CONDITION', 'chronic subdural haematoma'), (630, 639, 'CONDITION', 'haematoma'), (757, 766, 'CONDITION', 'haematoma'), (1008, 1034, 'CONDITION', 'chronic subdural haematoma'), (1112, 1148, 'SURGICAL', 'middle meningeal artery embolization'), (1175, 1201, 'CONDITION', 'chronic subdural haematoma'), (1248, 1257, 'CONDITION', 'haematoma')]","[(32, 68), (73, 99), (102, 120), (319, 334), (427, 453), (630, 639), (757, 766), (1008, 1034), (1112, 1148), (1175, 1201), (1248, 1257)]","[(73, 99, 'CONDITION'), (102, 120, 'CONDITION'), (319, 334, 'CONDITION'), (427, 453, 'CONDITION'), (630, 639, 'CONDITION'), (757, 766, 'CONDITION'), (1008, 1034, 'CONDITION'), (1175, 1201, 'CONDITION'), (1248, 1257, 'CONDITION')]","[(32, 68, 'SURGICAL'), (1112, 1148, 'SURGICAL')]"
47,NCT04555616,OfficialTitle+BriefSummary,"Environmental Design for Behavioral Regulation in People With Dementia | Individuals with dementia present with changes in behaviors throughout the continuum of cognitive decline. Environmental features may be influential in behavioral regulation. The purpose of this study is to assess the feasibility of environmental design protocols in older adults with dementia and their caregivers. Thirty subjects with moderate to severe Alzheimer's disease as primary dementia type, and their caregivers, will be randomly assigned to one of three arms: standard care; standard environmental design protocol; or personalized environmental design protocol.","[(0, 20, 'OTHER', 'Environmental Design'), (25, 46, 'BEHAVIOURAL', 'Behavioral Regulation'), (62, 70, 'CONDITION', 'Dementia'), (90, 98, 'CONDITION', 'dementia'), (161, 178, 'CONDITION', 'cognitive decline'), (225, 246, 'BEHAVIOURAL', 'behavioral regulation'), (306, 326, 'OTHER', 'environmental design'), (358, 366, 'CONDITION', 'dementia'), (410, 448, 'CONDITION', ""moderate to severe Alzheimer's disease""), (460, 468, 'CONDITION', 'dementia'), (545, 558, 'CONTROL', 'standard care'), (560, 589, 'OTHER', 'standard environmental design'), (603, 636, 'OTHER', 'personalized environmental design')]","[(0, 20), (25, 46), (62, 70), (90, 98), (161, 178), (225, 246), (306, 326), (358, 366), (410, 448), (460, 468), (545, 558), (560, 589), (603, 636)]","[(62, 70, 'CONDITION'), (90, 98, 'CONDITION'), (161, 178, 'CONDITION'), (358, 366, 'CONDITION'), (410, 448, 'CONDITION'), (460, 468, 'CONDITION')]","[(0, 20, 'OTHER'), (25, 46, 'BEHAVIOURAL'), (225, 246, 'BEHAVIOURAL'), (306, 326, 'OTHER'), (545, 558, 'CONTROL'), (560, 589, 'OTHER'), (603, 636, 'OTHER')]"
48,NCT04653688,OfficialTitle+BriefSummary,"A Prospective Study on Markers of Disease Progression and Gait Within the Parkinsonian Population | The aim of the project is to evaluate disease progression of patients with Parkinsonian syndrome of various severity through regular home-based gait parameters analysis.

We identified several steps in this project:

Acquisition of gait data in 120 patients with Parkinsonism at different stages in hospital and ecological condition (during 10 days at home), in a repetitive manner:

30 Early PD patients, before 3 years of disease duration (MDS criteria, 2018)
30 PD patients with motor fluctuations (5 to 8 years of disease duration) (MDS criteria, 2018)
30 PD patients with FoG (10 years of disease duration) (MDS criteria, 2018)
30 patients with MSA (less than 5 years after the first symptom)
Control groups will be composed by 30 healthy volunteers Correlation analysis with clinical measurements and biomarkers, namely blood biomarkers for neurodegeneration (4HN, NFLT â€¦) and multimodal MRI repeated assessments (Iron overload, inflammation and degeneration) and genetic panel for common haplotypes involved in Parkinsonism.","[(74, 86, 'CONDITION', 'Parkinsonian'), (175, 196, 'CONDITION', 'Parkinsonian syndrome'), (363, 375, 'CONDITION', 'Parkinsonism'), (487, 495, 'CONDITION', 'Early PD'), (565, 567, 'CONDITION', 'PD'), (660, 662, 'CONDITION', 'PD'), (1118, 1130, 'CONDITION', 'Parkinsonism')]","[(74, 86), (175, 196), (363, 375), (487, 495), (565, 567), (660, 662), (1118, 1130)]","[(74, 86, 'CONDITION'), (175, 196, 'CONDITION'), (363, 375, 'CONDITION'), (487, 495, 'CONDITION'), (565, 567, 'CONDITION'), (660, 662, 'CONDITION'), (1118, 1130, 'CONDITION')]",[]
49,NCT04654286,OfficialTitle+BriefSummary,Clinical Outcomes of Human Amniotic Membrane and Allogeneic Mesenchymal Stem Cells Composite Augmentation for Nerve Transfer Procedure in Brachial Plexus Injury Patients | The purpose of this clinical trial is to investigate the utility of composite wrapping comprising human amniotic membrane and allogeneic adipose-derived mesenchymal stem cells (HAM-AdMSC) for augmentation of nerve transfer procedure in upper TBPI patients,"[(21, 105, 'SURGICAL', 'Human Amniotic Membrane and Allogeneic Mesenchymal Stem Cells Composite Augmentation'), (110, 124, 'SURGICAL', 'Nerve Transfer'), (138, 160, 'CONDITION', 'Brachial Plexus Injury'), (270, 347, 'SURGICAL', 'human amniotic membrane and allogeneic adipose-derived mesenchymal stem cells'), (349, 358, 'SURGICAL', 'HAM-AdMSC'), (380, 394, 'SURGICAL', 'nerve transfer'), (408, 418, 'CONDITION', 'upper TBPI')]","[(21, 105), (110, 124), (138, 160), (270, 347), (349, 358), (380, 394), (408, 418)]","[(138, 160, 'CONDITION'), (408, 418, 'CONDITION')]","[(21, 105, 'SURGICAL'), (110, 124, 'SURGICAL'), (270, 347, 'SURGICAL'), (349, 358, 'SURGICAL'), (380, 394, 'SURGICAL')]"
50,NCT04673058,OfficialTitle+BriefSummary,"Effectiveness of Spinal Manipulation in Addition to Standard Pharmacological Treatment in Fibromyalgia : A Blinded Randomized Clinical Trial | The aim of this study is to evaluate whether spinal manipulation, which is a potential treatment method for musculoskeletal pain, has an additional contribution in patients with fibromyalgia receiving standard pharmacological treatment.","[(17, 36, 'OTHER', 'Spinal Manipulation'), (90, 102, 'CONDITION', 'Fibromyalgia'), (188, 207, 'OTHER', 'spinal manipulation'), (251, 271, 'CONDITION', 'musculoskeletal pain'), (321, 333, 'CONDITION', 'fibromyalgia')]","[(17, 36), (90, 102), (188, 207), (251, 271), (321, 333)]","[(90, 102, 'CONDITION'), (251, 271, 'CONDITION'), (321, 333, 'CONDITION')]","[(17, 36, 'OTHER'), (188, 207, 'OTHER')]"
51,NCT04732065,OfficialTitle+BriefSummary,"PNOC023: Open Label Phase 1 and Target Validation Study of ONC206 in Children and Young Adults With Newly Diagnosed or Recurrent Diffuse Midline Glioma (DMG), and Other Recurrent Primary Malignant Central Nervous System (CNS) Tumors | This phase I trial studies the effects and best dose of ONC206 alone or in combination with radiation therapy in treating patients with diffuse midline gliomas that is newly diagnosed or has come back (recurrent) or other recurrent primary malignant CNS tumors. ONC206 is a recently discovered compound that may stop cancer cells from growing. This drug has been shown in laboratory experiments to kill brain tumor cells by causing a so called ""stress response"" in tumor cells. This stress response causes cancer cells to die, but without affecting normal cells. ONC206 alone or in combination with radiation therapy may be effective in treating newly diagnosed or recurrent diffuse midline gliomas and other recurrent primary malignant CNS tumors.","[(59, 65, 'DRUG', 'ONC206'), (100, 151, 'CONDITION', 'Newly Diagnosed or Recurrent Diffuse Midline Glioma'), (153, 156, 'CONDITION', 'DMG'), (169, 232, 'CONDITION', 'Recurrent Primary Malignant Central Nervous System (CNS) Tumors'), (291, 297, 'DRUG', 'ONC206'), (327, 344, 'RADIOTHERAPY', 'radiation therapy'), (371, 394, 'CONDITION', 'diffuse midline gliomas'), (457, 495, 'CONDITION', 'recurrent primary malignant CNS tumors'), (497, 503, 'DRUG', 'ONC206'), (552, 558, 'CONDITION', 'cancer'), (638, 649, 'CONDITION', 'brain tumor'), (700, 705, 'CONDITION', 'tumor'), (741, 747, 'CONDITION', 'cancer'), (798, 804, 'DRUG', 'ONC206'), (834, 851, 'RADIOTHERAPY', 'radiation therapy'), (881, 933, 'CONDITION', 'newly diagnosed or recurrent diffuse midline gliomas'), (944, 982, 'CONDITION', 'recurrent primary malignant CNS tumors')]","[(59, 65), (100, 151), (153, 156), (169, 232), (291, 297), (327, 344), (371, 394), (457, 495), (497, 503), (552, 558), (638, 649), (700, 705), (741, 747), (798, 804), (834, 851), (881, 933), (944, 982)]","[(100, 151, 'CONDITION'), (153, 156, 'CONDITION'), (169, 232, 'CONDITION'), (371, 394, 'CONDITION'), (457, 495, 'CONDITION'), (552, 558, 'CONDITION'), (638, 649, 'CONDITION'), (700, 705, 'CONDITION'), (741, 747, 'CONDITION'), (881, 933, 'CONDITION'), (944, 982, 'CONDITION')]","[(59, 65, 'DRUG'), (291, 297, 'DRUG'), (327, 344, 'RADIOTHERAPY'), (497, 503, 'DRUG'), (798, 804, 'DRUG'), (834, 851, 'RADIOTHERAPY')]"
52,NCT04816799,OfficialTitle+BriefSummary,"Efficacy of START (Startle Rehabilitation Therapy) in the Treatment Stroke-induced Aphasia/Apraxia | A stratified, parallel-group, double-blind, randomized controlled trial of remotely delivered START treatment to individuals with severe-to-moderate stroke (with recruitment focused on individuals with low SES) will be conducted. Subjects and assessors will be blinded to the condition making the experiment double blind. Specifically, subjects will be told that we are exploring a new therapy that using different sounds to improve therapy. Parallel group design will ensure that subjects in the Control group are unaware that their ""sounds"" are softer than the START group. Trainers may become aware that a loud sound is present thus a unique Assessor will evaluate clinical performance before and after training making the study double-blind. Fifty-four subjects will undergo baseline testing in the laboratory to establish their capacity for functional and expressive speech as well as their self-reported health-related quality of life (power analysis below). Next, subjects will participate in a high-frequency, word-picture verification/ auditory-repetition treatment, 2 hr/day for 5 consecutive days focusing on expression of words of functional significance (e.g., water, fall). Subjects will either receive training with START or without (Control). Subjects will be re-tested immediately following training as well as one-month post to assess retention. Aim 1 will evaluate capacity of START to enhance SLT outcomes by assessing the % change in clinical assessment of functional and expressive speech. Our preliminary data points to a robust response [details]. Aim 2 will focus on the capacity of these changes to 1) be retained and 2) impact subject's reported quality of life. NOTE: While we are planning in-person baseline, end, and retention testing, in response to COVID, we have established remote clinical screening using peer-reviewed validated techniques for WAB and ABA-2 (see Alternative Solutions). All preliminary data collected for this proposal were collected remotely via no-contact protocols.","[(12, 17, 'OTHER', 'START'), (19, 49, 'OTHER', 'Startle Rehabilitation Therapy'), (68, 74, 'CONDITION', 'Stroke'), (83, 90, 'CONDITION', 'Aphasia'), (91, 98, 'CONDITION', 'Apraxia'), (195, 200, 'OTHER', 'START'), (231, 256, 'CONDITION', 'severe-to-moderate stroke'), (500, 541, 'OTHER', 'using different sounds to improve therapy'), (636, 654, 'CONTROL', 'sounds"" are softer'), (664, 669, 'OTHER', 'START'), (1103, 1175, 'OTHER', 'high-frequency, word-picture verification/ auditory-repetition treatment'), (1332, 1337, 'OTHER', 'START'), (1341, 1348, 'CONTROL', 'without'), (1350, 1357, 'CONTROL', 'Control'), (1497, 1502, 'OTHER', 'START')]","[(12, 17), (19, 49), (68, 74), (83, 90), (91, 98), (195, 200), (231, 256), (500, 541), (636, 654), (664, 669), (1103, 1175), (1332, 1337), (1341, 1348), (1350, 1357), (1497, 1502)]","[(68, 74, 'CONDITION'), (83, 90, 'CONDITION'), (91, 98, 'CONDITION'), (231, 256, 'CONDITION')]","[(12, 17, 'OTHER'), (19, 49, 'OTHER'), (195, 200, 'OTHER'), (500, 541, 'OTHER'), (636, 654, 'CONTROL'), (664, 669, 'OTHER'), (1103, 1175, 'OTHER'), (1332, 1337, 'OTHER'), (1341, 1348, 'CONTROL'), (1350, 1357, 'CONTROL'), (1497, 1502, 'OTHER')]"
53,NCT04844333,OfficialTitle+BriefSummary,"Effect of Extubation Under Deep Anesthesia on Emergence Agitation of Nasal Surgery | This study analyzed the relationship between extubation timing and Emergence agitation in 18-60 years old adults undergoing nasal surgery, such as nasal septum correction, endoscopic sinus surgery, and nasal bone fracture reduction. The number of agitation, sedation score, pain score, operation method, analgesic drugs and other data were recorded to analyze the effect of deep anesthesia extubation on agitation in patients with nasal surgery. It also provides a clinical basis for the prevention and treatment of agitation during the recovery period of such operations in adults.","[(46, 65, 'CONDITION', 'Emergence Agitation'), (69, 82, 'CONDITION', 'Nasal Surgery'), (152, 171, 'CONDITION', 'Emergence agitation'), (209, 222, 'CONDITION', 'nasal surgery'), (232, 255, 'CONDITION', 'nasal septum correction'), (257, 281, 'CONDITION', 'endoscopic sinus surgery'), (287, 316, 'CONDITION', 'nasal bone fracture reduction'), (332, 341, 'CONDITION', 'agitation'), (516, 529, 'CONDITION', 'nasal surgery'), (601, 610, 'CONDITION', 'agitation')]","[(46, 65), (69, 82), (152, 171), (209, 222), (232, 255), (257, 281), (287, 316), (332, 341), (516, 529), (601, 610)]","[(46, 65, 'CONDITION'), (69, 82, 'CONDITION'), (152, 171, 'CONDITION'), (209, 222, 'CONDITION'), (232, 255, 'CONDITION'), (257, 281, 'CONDITION'), (287, 316, 'CONDITION'), (332, 341, 'CONDITION'), (516, 529, 'CONDITION'), (601, 610, 'CONDITION')]",[]
54,NCT05008302,OfficialTitle+BriefSummary,Age and Body Position on Handgrip Strength and Movement Coordination of Upper Limb | The aim of the study was to analyze the importance of the position of the body and the examined upper limb on the parameters of movement coordination and hand grip strength in various age groups of people after a stroke and healthy individuals.,"[(298, 304, 'CONDITION', 'stroke')]","[(298, 304)]","[(298, 304, 'CONDITION')]",[]
55,NCT05122650,OfficialTitle+BriefSummary,"A Phase 2b, 12-week, Double-blind, Placebo-controlled, Randomized, Parallel Group, Multicenter Study of the Safety and Efficacy of JZP385 in the Treatment of Adults With Moderate to Severe Essential Tremor | This is a 12-week, double-blind, placebo-controlled, randomized, parallel-group, multicenter study of the safety and efficacy of JZP385 in the treatment of adult participants with moderate to severe ET.","[(35, 42, 'CONTROL', 'Placebo'), (131, 137, 'DRUG', 'JZP385'), (170, 205, 'CONDITION', 'Moderate to Severe Essential Tremor'), (241, 248, 'CONTROL', 'placebo'), (337, 343, 'DRUG', 'JZP385'), (388, 409, 'CONDITION', 'moderate to severe ET')]","[(35, 42), (131, 137), (170, 205), (241, 248), (337, 343), (388, 409)]","[(170, 205, 'CONDITION'), (388, 409, 'CONDITION')]","[(35, 42, 'CONTROL'), (131, 137, 'DRUG'), (241, 248, 'CONTROL'), (337, 343, 'DRUG')]"
56,NCT05318079,OfficialTitle+BriefSummary,Telehealth Virtual Reality Exergaming and Peer Networking Among People With Spinal Cord Injury | This pilot feasibility study aims to test whether youth and adults with spinal cord injury can use a group virtual reality gaming intervention to exercise. A second purpose is to examine whether there are potential benefits to cardiometabolic health and psychosocial health.,"[(0, 37, 'PHYSICAL', 'Telehealth Virtual Reality Exergaming'), (42, 57, 'OTHER', 'Peer Networking'), (76, 94, 'CONDITION', 'Spinal Cord Injury'), (169, 187, 'CONDITION', 'spinal cord injury'), (198, 251, 'PHYSICAL', 'group virtual reality gaming intervention to exercise')]","[(0, 37), (42, 57), (76, 94), (169, 187), (198, 251)]","[(76, 94, 'CONDITION'), (169, 187, 'CONDITION')]","[(0, 37, 'PHYSICAL'), (42, 57, 'OTHER'), (198, 251, 'PHYSICAL')]"
57,NCT05516342,OfficialTitle+BriefSummary,"LEAD IT! An App to Enable Persons With Early Stage Dementia to Lead Group Activities for Their Peers | The proposed Phase 2 project will involve the further development and evaluation of LEAD IT!, which is a tablet-based app designed to enable persons with dementia to lead activities for their peers (i.e., other persons with dementia). The study will examine the clinical outcomes of long-term use of the app by both Resident Leaders (RLs) and Resident Players (RPs).

The Specific Aims of the proposed Phase 2 project are to:

Develop improved Beta 1 and Beta 2 Versions of LEAD IT! with sufficient content to facilitate six activities twice per week for 4.5 months.
Examine the extent to which RLs are able to serve as leaders while using LEAD IT!
Examine the effects of resident-led LEAD IT! programming on RPs.
Examine PWD and staff satisfaction with LEAD IT!","[(0, 8, 'OTHER', 'LEAD IT!'), (12, 15, 'OTHER', 'App'), (39, 59, 'CONDITION', 'Early Stage Dementia'), (187, 195, 'OTHER', 'LEAD IT!'), (208, 224, 'OTHER', 'tablet-based app'), (257, 265, 'CONDITION', 'dementia'), (327, 335, 'CONDITION', 'dementia'), (407, 410, 'OTHER', 'app'), (577, 585, 'OTHER', 'LEAD IT!'), (743, 751, 'OTHER', 'LEAD IT!'), (788, 796, 'OTHER', 'LEAD IT!'), (857, 865, 'OTHER', 'LEAD IT!')]","[(0, 8), (12, 15), (39, 59), (187, 195), (208, 224), (257, 265), (327, 335), (407, 410), (577, 585), (743, 751), (788, 796), (857, 865)]","[(39, 59, 'CONDITION'), (257, 265, 'CONDITION'), (327, 335, 'CONDITION')]","[(0, 8, 'OTHER'), (12, 15, 'OTHER'), (187, 195, 'OTHER'), (208, 224, 'OTHER'), (407, 410, 'OTHER'), (577, 585, 'OTHER'), (743, 751, 'OTHER'), (788, 796, 'OTHER'), (857, 865, 'OTHER')]"
58,NCT05635968,OfficialTitle+BriefSummary,"The Multicenter Phase II Clinical Trial for Evaluation of Safety and Efficacy Using Low Dose Irradiation With Alzheimer's Disease | This is a phase II, multicenter, prospective, randomized controlled trial to treat patients with Alzheimer's disease (AD) using low-dose irradiation (LDIR). This study aims to evaluate the safety and efficacy of LDIR to whole brain in patients with AD and to determine the potentially applicable radiation dose.","[(84, 104, 'RADIOTHERAPY', 'Low Dose Irradiation'), (110, 129, 'CONDITION', ""Alzheimer's Disease""), (229, 248, 'CONDITION', ""Alzheimer's disease""), (250, 252, 'CONDITION', 'AD'), (260, 280, 'RADIOTHERAPY', 'low-dose irradiation'), (282, 286, 'RADIOTHERAPY', 'LDIR'), (344, 348, 'RADIOTHERAPY', 'LDIR'), (381, 383, 'CONDITION', 'AD'), (428, 437, 'RADIOTHERAPY', 'radiation')]","[(84, 104), (110, 129), (229, 248), (250, 252), (260, 280), (282, 286), (344, 348), (381, 383), (428, 437)]","[(110, 129, 'CONDITION'), (229, 248, 'CONDITION'), (250, 252, 'CONDITION'), (381, 383, 'CONDITION')]","[(84, 104, 'RADIOTHERAPY'), (260, 280, 'RADIOTHERAPY'), (282, 286, 'RADIOTHERAPY'), (344, 348, 'RADIOTHERAPY'), (428, 437, 'RADIOTHERAPY')]"
59,NCT05658731,OfficialTitle+BriefSummary,"Cognitive Outcomes After Brain Substructure-informed Radiation Planning in Pediatric Patients | The goal of this trial is to see if it is possible to better plan how radiation therapy is delivered to different parts of the brain in children who require radiation to treat their tumor, and if this will help reduce neurocognitive (thinking and learning) impairments in these patients.

Patients with newly diagnosed brain or head and neck tumors who are having radiation therapy will have neurocognitive testing and MRI imaging (both research and for regular care) done as part of their participation in the study.

Survivors of childhood brain tumors who completed radiation therapy at least two years before joining the study, and have not had a recurrence, will have neurocognitive testing and research MRIs completed.

Healthy children will also be enrolled and have research MRIs done.

The researchers will use the radiation plan to determine how much radiation was delivered to different parts of the brain. The investigators will use the MRIs to determine how the normal brain is changing after treatment; and how this compares to patients who had standard radiation treatment or who never had a brain tumor. The neurocognitive testing will be compared among different groups to see how different treatment plans affect performance on neurocognitive tests.","[(25, 71, 'OTHER', 'Brain Substructure-informed Radiation Planning'), (166, 183, 'RADIOTHERAPY', 'radiation therapy'), (253, 262, 'RADIOTHERAPY', 'radiation'), (278, 283, 'CONDITION', 'tumor'), (399, 444, 'CONDITION', 'newly diagnosed brain or head and neck tumors'), (460, 477, 'RADIOTHERAPY', 'radiation therapy'), (638, 650, 'CONDITION', 'brain tumors'), (665, 682, 'RADIOTHERAPY', 'radiation therapy'), (920, 934, 'OTHER', 'radiation plan'), (957, 966, 'RADIOTHERAPY', 'radiation'), (1155, 1183, 'CONTROL', 'standard radiation treatment'), (1203, 1214, 'CONDITION', 'brain tumor')]","[(25, 71), (166, 183), (253, 262), (278, 283), (399, 444), (460, 477), (638, 650), (665, 682), (920, 934), (957, 966), (1155, 1183), (1203, 1214)]","[(278, 283, 'CONDITION'), (399, 444, 'CONDITION'), (638, 650, 'CONDITION'), (1203, 1214, 'CONDITION')]","[(25, 71, 'OTHER'), (166, 183, 'RADIOTHERAPY'), (253, 262, 'RADIOTHERAPY'), (460, 477, 'RADIOTHERAPY'), (665, 682, 'RADIOTHERAPY'), (920, 934, 'OTHER'), (957, 966, 'RADIOTHERAPY'), (1155, 1183, 'CONTROL')]"
