"nct_id","conditions","intervention_types","intervention_names"
NCT00000514,Cardiovascular Diseases|Cerebrovascular Disorders|Heart Diseases|Hypertension,Drug,atenolol|chlorthalidone|reserpine
NCT00001929,Movement Disorders|Parkinson Disease,Drug,Eliprodil
NCT00005766,Amyotrophic Lateral Sclerosis,Drug,Creatinine
NCT00031590,Brain Tumors|Central Nervous System Tumors|Medulloblastoma,Drug|Radiation,Cisplatin|Craniospinal Radiation|Cyclophosphamide|Etoposide|Lomustine|Vincristine
NCT00034762,Alzheimer Disease|Dementia|Mental Disorders,Drug,risperidone
NCT00053417,Multiple Sclerosis,Drug,"10 milligram (mg) fampridine-SR (4-aminopyridine, 4-AP)|15 mg fampridine-SR (4-aminopyridine, 4-AP)|20 mg fampridine-SR (4-aminopyridine, 4-AP)|Placebo"
NCT00070941,Depression|Parkinson's Disease,Drug,SAM-e|oral escitalopram|placebo
NCT00073853,Spinal Cord Injury,Procedure,Autologous Incubated Macrophages (cell therapy)
NCT00099242,"Alzheimer's Disease|Dementia, Alzheimer Type",Drug,rivastigmine transdermal patch
NCT00101426,Diabetic Neuropathy,Drug,"ranirestat, (AS-3201)"
NCT00101634,Schizophrenia,Drug,Paliperidone palmitate
NCT00111267,Cognitive Decline|Cognitive Symptoms,Behavioral,vitamin B12 + folic acid combined supplementation|vitamin B12 supplementation
NCT00123136,Diabetic Neuropathies,Device,foot energizer
NCT00124150,Subarachnoid Hemorrhage,Drug,Intravenous magnesium sulfate infusion
NCT00131729,Amblyopia,Behavioral,Educational programme
NCT00152997,Restless Legs Syndrome,Drug,Pramipexole 0.125 mg tablets|Pramipexole 0.125 mg tablets Placebo
NCT00153036,Cerebrovascular Accident,Drug,rt-PA 0.9 mg/kg verum or placebo Intravenous
NCT00162968,Pain|Polyneuropathies,Drug,escitalopram
NCT00174889,Schizophrenia,Drug,Pregnenolone
NCT00183625,Schizophrenia,Behavioral|Drug,Individual Placement and Support (Supported Employment)|Olanzapine|Risperidone|Social Skills Training
NCT00191906,Attention Deficit Hyperactivity Disorder|Reading Disorder,Drug,Atomoxetine Hydrochloride|placebo
NCT00195013,Breast Cancer|Peripheral Neuropathy,Drug,Placebo|glutamine
NCT00199407,Parkinson's Disease,Drug,Istradefylline (KW-6002)
NCT00201461,"Ischemic Attack, Transient|Patent Foramen Ovale|Stroke",Device|Drug,Best medical therapy|STARFlex septal closure system
NCT00222742,Traumatic Brain Injury,Procedure,induced moderate hypothermia
NCT00225602,Bipolar Disorder|Schizophrenia,Behavioral,Assertive Community Treatment|Treatment in Community Mental Health Center
NCT00248222,Cerebrovascular Accident|Stroke,Behavioral,Supervised aerobic training
NCT00251290,Sleep Apnea|Transient Ischemic Attack,Procedure,auto-titrating continuous positive airway pressure
NCT00252239,Stroke,Drug,"tenecteplase|tissue plasminogen activator, tPA"
NCT00257868,Delirium,Drug,Rivastigmine prevention of delirium
NCT00259974,Polyneuropathy,Drug,Rituximab
NCT00282152,Parkinson's Disease,Device|Drug,B-STN DBS|Optimal drug therapy
NCT00311363,Restless Legs Syndrome,Drug,GEn (XP13512)|Placebo
NCT00315081,Hyperprolactinemia|Schizophrenia,Drug,Bromocriptin
NCT00364429,Schizophrenia,Drug,Lorazepam|Risperidone|[123]I-CNS 1261
NCT00366535,Fibromyalgia,Drug,Neurotropin|Placebo
NCT00376207,Cerebral Infarction,Behavioral,Physical exercise
NCT00381537,Epilepsy,Drug,carbamazepine|phenobarbitone
NCT00407667,Stroke,Device,transcranial galvanic stimulation
NCT00411723,"Multiple Sclerosis, Chronic Progressive|Multiple Sclerosis, Relapsing-Remitting",Drug,RTL1000 (recombinant T cell receptor ligand)|RTL1000 Placebo
NCT00413946,Cerebral Palsy|Developmental Psychomotor Disorders|Intracranial Hemorrhage|Periventricular Leukomalacia,Drug,Recombinant human Erythropoietin|saline
NCT00430131,Cerebral Palsy,Procedure,Cognitive Orientation to Occupational Performance|Contemporary Treatment Approach
NCT00448916,"Epilepsies, Partial",Drug,Pregabalin
NCT00468897,Alzheimer's Disease,Drug,RSG XR
NCT00480818,Alzheimer Disease,Drug,SAM-531
NCT00483028,Alzheimer's Disease,Drug,donezepil (Aricept)
NCT00506415,Alzheimer Disease,Drug,Placebo to 10 cm^2 patch|Placebo to 15 cm^2 patch|Rivastigmine 10 cm^2|Rivastigmine 15 cm^2|Rivastigmine 5 cm^2
NCT00515619,Epilepsy,Drug,Lacosamide
NCT00537940,"Complex Partial Seizure Disorder|Epilepsies, Partial|Epilepsy|Partial Seizure Disorder",Drug,Gabapentin|Pregabalin
NCT00549718,Schizophrenia,Drug,Lurasidone HCl
NCT00572390,Hypopituitarism,Drug,oestrogen
NCT00596037,Adult Growth Hormone Deficiency|Pituitary Disorders,Drug,Growth hormone - LB03002
NCT00597545,Carotid Artery Disease|Carotid Artery Stenosis|Cognitive Dysfunction|Diabetes,Device|Procedure,Carotid endarterectomy|Shunt
NCT00600873,Amyotrophic Lateral Sclerosis,Drug,R(+) pramipexole dihydrochloride monohydrate
NCT00608660,Bell's Palsy,Other,acupuncture|acupuncture along yangming tendons|acupuncture and moxibustion|electroacupuncture
NCT00631657,"Dyssomnias|Mental Disorders|Sleep Disorder, Intrinsic|Sleep Disorders|Sleep Initiation and Maintenance Disorders",Drug,Esmirtazapine|Placebo
NCT00639990,Acute Lung Injury|Brain Injury,Other,PEEP
NCT00665223,Huntington's Disease,Drug,ACR16|Placebo
NCT00668837,Schizophrenia,Drug,Paliperidone
NCT00672945,Alzheimer's Disease,Drug,PRX-03140|Placebo
NCT00701363,Acromegaly,Drug,Lanreotide Autogel 120 mg
NCT00705783,Schizophrenia,Drug,Aripiprazole depot|Placebo depot
NCT00710424,Diabetic Neuropathy|Pain,Drug,Placebo|Sativex
NCT00723866,Stroke,Other,BtxA+ conventional rehabilitation|BtxA+mCIMT
NCT00727467,Parkinson's Disease,Device,Auditory Cueing Device
NCT00729963,Hypertension|Obesity|Obstructive Sleep Apnea,Device|Drug,CPAP|Sibutramine
NCT00735527,Seizures|Status Epilepticus,Drug,Lorazepam
NCT00747253,"Brain Cancer|Brain Neoplasm|Brain Tumor|Brain Tumor, Recurrent|Glioblastoma Multiforme|Recurrent Glioblastoma Multiforme",Device,AutoLITT system
NCT00786318,Agitation|Delirium|Psychosis,Drug,Standard therapy|ziprasidone
NCT00791024,Analgesia,Drug,CRC-Pharma 001|lidocaine suspension
NCT00796432,Schizophrenia,Drug,OROS paliperidone
NCT00797277,Agitation|Schizoaffective Disorder|Schizophrenia,Drug,IM haloperidol plus lorazepam|IM olanzapine
NCT00826345,AIDS|HIV|HIV Infections|Peripheral Neuropathy,Other,Acupuncture / Moxibustion|Acupuncture/Moxibustion
NCT00827918,Schizophrenia,Drug,Comparator: Olanzapine|Comparator: Placebo|MK-8998
NCT00864708,Stroke,Device,radio frequency-controlled (RF) Microstimulator (RFM) Gait System
NCT00871884,Head Injury|Post Concussion Syndrome,Behavioral,Interoceptive Exposure|Psychoeducation|Relaxation Training
NCT00875316,Parkinson's Disease,Drug,Cogane™ (PYM50028)
NCT00883402,Carotid Stenosis,Procedure,"CEA, CAS"
NCT00898560,Partial Epilepsy,Drug,Microginon®|eslicarbazepine acetate and Microginon®
NCT00904826,Devic's Disease|Neuromyelitis Optica,Drug,Eculizumab
NCT00906958,Sleep Apnea,Device,Nexus Flow Generator|VPAP Flow Generator 25
NCT00908492,Alzheimer Disease|Dementia,Behavioral,Education Control|Environmental Skill Building
NCT00918320,Brain Tumors|Neuroblastoma|Solid Tumors,Drug,Temozolomide/Hycamtin (Topotecan)
NCT00950196,Ataxia|Chorea|Dystonia|Fatigue|Parkinsonism,Drug,amantadine sulphate
NCT00987688,"Brain Injuries, Traumatic",Other,Hypothermia
NCT00994695,Meningococcal Meningitis,Biological,Mencevax ACW Vaccine
NCT01007773,Traumatic Brain Injury,Drug,Fentanyl|Precedex|Propofol
NCT01028209,Alzheimer Disease|Multiple Sclerosis|Parkinson Disease,Drug,[18F] PBR06
NCT01046370,Chronic Fatigue|Chronic Fatigue Syndrome|Fibromyalgia,Behavioral,Amygdala Retraining Program
NCT01074073,Schizophrenia,Drug,Lurasidone HCl
NCT01075672,Attention Deficit Hyperactivity Disorder|Body Dysmorphic Disorder|Depression|Eating Disorder|General Medical Condition|Generalized Anxiety Disorder|Obsessive Compulsive Disorder|Panic Disorder|Post-Traumatic Stress Disorder|Social Phobia|Specific Phobia|Tourette Syndrome|Trichotillomania,Behavioral,Cognitive behavioral therapy (CBT)
NCT01090297,Obstructive Sleep Apnea Syndrome,Device,Remstar Auto|S8 Spirit 2|Somnosmart 2
NCT01090453,Acellular Pertussis|Diphtheria|Haemophilus Influenzae Type b|Hepatitis B|Neisseria Meningitidis|Poliomyelitis|Tetanus,Biological,GSK2202083A vaccine|Infanrix hexa™|Menjugate®|Prevenar 13®|Rotarix™
NCT01090934,Partial Epilepsy,Device,High Resolution EEG|Stereo-electroencephalography
NCT01093664,Alzheimer's Disease,Biological,AFFITOPE AD02
NCT01118637,Trichotillomania,Behavioral,StopPulling.com
NCT01124617,Diabetic Neuropathies|Neuralgia|Pain|Postherpetic Neuralgia,Drug,Placebo|Tapentadol
NCT01148498,Alzheimer's Disease,Drug,solanezumab
NCT01148810,Dermatomyositis|Polymyositis,Drug,BAF312|Placebo
NCT01165008,Dermatomyositis|Inclusion Body Myositis|Polymyositis,Drug,Anakinra
NCT01171469,Anaplastic Astrocytoma|Brain Tumor|Ependymoma|Glioblastoma|Medulloblastoma,Biological|Drug,Dendritic Cells|Imiquimod
NCT01185743,Diabetes|Schizophrenia,Drug,olanzapine|placebo|ziprasidone
NCT01189994,"Diffuse Myofascial Pain Syndrome|Fibromyalgia|Fibromyalgia-Fibromyositis Syndrome|Fibromyositis-Fibromyalgia Syndrome|Myofascial Pain Syndrome, Diffuse",Behavioral|Procedure,Acupuncture|Orientation
NCT01207908,Duchenne Muscular Dystrophy,Drug,IGF-1
NCT01232218,Hemiplegia|Shoulder Pain|Stroke,Other,Standard education/exercises for hemiplegic shoulder pain|Three dimensional Scapular-Humeral Mobilizations
NCT01236209,Fibromyalgia,Other,Webpage|Webpage and situation feedback
NCT01255046,Alzheimer Disease,Drug,"Donepezil,|STA-1|placebo"
NCT01282268,Fragile X Syndrome,Drug,arbaclofen|placebo
NCT01329770,Fragile X Syndrome,Dietary Supplement,Ascorbic Acid (Vitamin C) and Alpha-tocopherol (Vitamin E)|Placebo
NCT01345136,"Neurofibromatosis Type 2|Neuroma, Acoustic",Drug,"RAD001, everolimus"
NCT01355627,Cerebrospinal Fluid Leaks,Procedure,Current Practice|TachoSil®
NCT01405833,Sciatica,Drug,BG00010 (Neublastin)|Placebo
NCT01418352,Tourette's Disorder,Drug,Aripiprazole|Placebo
NCT01420796,Dysphagia|Parkinson Disease,Other,Breathing Exercises|Swallowing and breathing exercises|Swallowing exercise
NCT01421056,Alzheimer's Disease,Drug,CHF 5074 1x|CHF 5074 2x|CHF 5074 3x
NCT01423409,Deafness|Visual Analog Pain Scale,Device,pictorial VAS|usual VAS
NCT01430442,Acute Treatment of Migraine|Migraine,Drug,Placebo|Rimegepant|Sumatriptan
NCT01438697,Insomnia|Sleep Initiation and Maintenance Disorders,Behavioral,Internet Intervention|Patient Education Website
NCT01450423,Epilepsia|Epilepsy|Epileptic Seizures|Seizure Disorder,Behavioral,Physical activity
NCT01456910,"Body Composition, Beneficial|Mental Retardation|Muscle Weakness",Behavioral,Resistance Training Program
NCT01457508,Diphtheria|Haemophilus Influenzae Type b (Hib)|Hepatitis B|Pertussis|Poliomyelitis|Tetanus,Biological,DTPa-HBV-IPV (Infanrix penta™)|DTPa-HBV-IPV/Hib (Infanrix hexa™)|Hib (Hiberix™)
NCT01465087,Multiple Sclerosis,Other,NA-NOSE artificial olfactory system
NCT01466543,Subcortical Vascular Dementia|Vascular Dementia,Drug,Placebo|Zydena (Udenafil)
NCT01474746,Fragile X Syndrome,Drug,Placebo|Sertraline
NCT01475578,Vascular Dementia,Drug,Ergoloid Mesylates tablet|STA-1
NCT01482351,Mild Cognitive Impairment|Obstructive Sleep Apnea,Behavioral,Attention control intervention|CPAP adherence intervention
NCT01490502,Relapsing Remitting Multiple Sclerosis,Drug,Vitamin D3
NCT01497652,Parkinson's Disease,Drug,Rasagiline|Rasagiline/Placebo
NCT01500707,Parkinson's Disease,Drug,SCH 900800
NCT01516892,Migraine Disorders,Biological,onabotulinumtoxinA
NCT01534130,Chronic Fatigue Syndrome,Device,Acupuncture|Sham acupuncture
NCT01553149,Neurofibromatosis Type 1|Recurrent Childhood Pilocytic Astrocytoma|Recurrent Childhood Visual Pathway Glioma,Drug|Other,Lenalidomide|Pharmacological Study
NCT01554332,Brachial Plexus Avulsion|Facial Pain|Neuropathic Pain|Phantom Limb Pain of the Upper Extremities|Post-stroke Pain,Device,Motor Cortex Stimulation using SJM EonC Stimulator
NCT01555983,Spinal Cord Diseases|Spinal Cord Injuries,Drug,Vaporization of Cannabis
NCT01561677,Brain Infarction|Obstructive Sleep Apnea Syndrome,Device,Continuous Positive Airway pressure-RESPIRONICS|Sham Continuous Positive Airway pressure-RESPIRONICS
NCT01565395,Amyotrophic Lateral Sclerosis|Parkinson Disease,Drug,Incobotulinum Toxin A|placebo
NCT01586455,Acute Lymphocytic Leukemia|Acute Myelogenous Leukemia|Adrenoleukodystrophy|Amegakaryocytic Thrombocytopenia|Batten Disease|Diamond-Blackfan Anemia|Fucosidosis|Gaucher's Disease|Krabbe's Disease|Metachromatic Leukodystrophy|Mucopolysaccharidosis I|Mucopolysaccharidosis VI|Myelodysplastic Syndrome|Niemann-Pick Disease|Severe Aplastic Anemia|Wolman Disease,Drug,Human Placental Derived Stem Cell
NCT01590745,Carpal Tunnel Syndrome,Device,EMS Therasonic 460 Primo Ultrasound therapy
NCT01596569,Blast Injury|Cognitive Dysfunction|Traumatic Brain Injury,Behavioral|Device,Cognitive Intervention|Repetitive Transcranial Magnetic Stimulation (rTMS)
NCT01598181,Fibromyalgia,Device,sham tDCS|tDCS NeuroConn DC-stimulator plus
NCT01600170,HIV Dementia,Drug,Atorvastatin (generic Lipitor)|placebo
NCT01605357,Cerebral Contusion|Cerebral Edema|Head Injury|Subdural Hematoma|Traumatic Brain Injury,Drug,"Induced, sustained hypernatremia using hypertonic saline|Standard of care (hypertonic saline and mannitol; serum sodium)"
NCT01607671,"Anterior Ischemic Optic Neuropathy|Ischemic Optic Neuropathy|Optic Neuropathy, Anterior Ischemic|Optic Neuropathy, Ischemic",Drug,Timolol maleate
NCT01631825,Parkinson's Disease,Drug,SPM 962
NCT01641900,Schizophrenia,Drug,eszopiclone|placebo
NCT01671176,"Conductive Hearing Loss|Conductive and Sensori-neural Hearing Loss in the Same Ear|Unilateral, Profound Sensori-neural Hearing Loss",Device,Wide diameter bone anchored implant
NCT01689649,Epilepsy,Drug,Topiramate
NCT01714011,Schizophrenia,Drug,Aripiprazole|Ziprasidone
NCT01715194,Obstructive Sleep Apnea Syndrome,Device,Telemedicine intervention
NCT01716767,Carpal Tunnel Syndrome,Other,Menthol|Placebo
NCT01726998,Hemiparetic Patients After Subacute Stroke|Stroke,Other,Robot-assisted gait therapy|conventional gait training
NCT01732289,Age-related Hearing Loss|Presbycusis,Genetic,genes
NCT01751347,Carpal Tunnel Syndrome|Trigger Finger,Drug,Bupivacaine|Lidocaine
NCT01780116,Schizoaffective Disorder|Schizophrenia|Schizophreniform Disorder,Behavioral,Adherence therapy
NCT01788774,Schizoaffective Disorder|Schizophrenia,Drug,Risperidone ISM 100 mg|Risperidone ISM 50 mg|Risperidone ISM 75 mg
NCT01800786,Obstructive Sleep Apnea,Device,CPAP
NCT01815905,Stroke,Other,Mobile program for occupational and speech therapy|Traditional rehabilitation therapy
NCT01826487,"Genetic Diseases, Inborn|Genetic Diseases, X-Linked|Muscular Diseases|Muscular Disorders, Atrophic|Muscular Dystrophies|Muscular Dystrophy, Duchenne|Musculoskeletal Diseases|Nervous System Diseases|Neuromuscular Diseases",Drug,Ataluren|Placebo
NCT01843075,Alzheimer's Disease,Drug,Liraglutide|Placebo
NCT01865721,Analgesia|Bowel Cancer Screening|Colonoscopy|Entonox,Drug,Entonox
NCT01918384,"Muscular Dystrophy, Duchenne",Drug,NPC-14|Placebo
NCT01942590,Pompe Disease,Drug,Clenbuterol|Placebo
NCT01962779,Alzheimer's Disease|Sleep Disordered Breathing,Other,Continuous positive airway pressure (CPAP)
NCT01974635,Acquired Brain Injury|Spinal Cord Injury|Stroke,Device,AMES Therapy
NCT01977898,Cerebrospinal Fluid Leaks|Post-Lumbar Puncture Headache|Postdural Puncture Headache,Drug,Morphine|Saline
NCT01990313,Parkinson's Disease,Device,Activa PC+S
NCT02019667,Metabolic Disease|Seizures,Drug,Placebo|SGS-742
NCT02021903,Parkinsonian Disorders,Other,V1: HGPO + meal and V2: placebo + meal|V1: placebo 75mg + meal and V2: HGPO 75mg + meal
NCT02104323,Neurofibromatosis Type 2|Vestibular Schwannoma,Drug,Endostatin
NCT02120820,Behavior Disturbance|Muscle Hypotonia,Behavioral|Other,Control group|Massage therapy (MT)|Massage therapy in multisensory environment (MT-MSE)|Multisensory environment (MSE)
NCT02125760,Muscle Weakness,Other,High-intensity IMT|Inspiratory Muscle Training (IMT)
NCT02127606,Spasticity|Spinal Cord Injury,Device,Vibration with tilt-table standing
NCT02149823,Autism Spectrum Disorder|BPD|Bipolar Disorder|Borderline Personality Disorder|SPD|Schizoaffective Disorder|Schizophrenia|Schizotypal Personality Disorder,Drug,Intranasal Placebo|Syntocinon 24 Intranasal Units (IU)|Syntocinon 40 Intranasal Units (IU)
NCT02160249,Schizoaffective Disorder|Schizophrenia|Schizophrenia Spectrum Disorder|Schizophreniform Disorder,Behavioral|Other,Community-based rehabilitation|Facility based care
NCT02214550,"Chronic Pain|Cystitis, Interstitial|Dysmenorrhea|Endometriosis|Migraine Disorders|Pelvic Pain|Visceral Pain",Drug,microgestin 1/20
NCT02276716,Familial Dysautonomia,Dietary Supplement,Phosphatidylserine
NCT02331407,Stroke,Device,Robotic arm therapy
NCT02348632,Narcolepsy|Obstructive Sleep Apnea,Drug,JZP-110
NCT02351921,Spinal Cord Injury,Device,Transcranial magnetic stimulation
NCT02354508,Acromegaly,Drug,Pasireotide LAR
NCT02368366,"Brain Concussion|Brain Edema|Brain Hemorrhage, Traumatic|Brain Injuries|Cortical Contusion|Craniocerebral Trauma|Disorders of Environmental Origin|Epidural Hematoma|Head Injuries, Closed|Head Injury|Intracranial Edema|Subdural Hematoma|Tbi|Trauma, Nervous System|Wounds and Injuries",Behavioral,Self-Guided Online Family Problem Solving|Therapist Guided Face to Face Family Problem Solving|Therapist Guided Online Family Problem Solving
NCT02381795,Cluster Headache,Drug,Nasal Carbon Dioxide
NCT02396953,Acromegaly,Drug,Lanreotide PRF
NCT02408627,Epilepsy,Device,EEG
NCT02415127,Friedreich's Ataxia,Drug,Interferon γ-1b|Placebo
NCT02425644,Multiple Sclerosis,Drug,ponesimod|teriflunomide
NCT02435043,Stroke,Other,Nature based rehabilitation|standard management after stroke
NCT02462629,Central Nervous System Tumors,Drug,BLZ-100
NCT02470546,Hepatic Encephalopathy|Liver Cirrhosis,Drug,Metformin|Placebo
NCT02472028,Cerebrovascular Disorders,Other,blood pressure lowering algorithm|usual strategy
NCT02474407,Refractory Epilepsy,Drug,diazepam nasal spray|diazepam rectal gel
NCT02484599,Anorexia Nervosa,Behavioral,Computerized attention training (CAT)|Sham computerized attention training (control condition)
NCT02499900,Multiple Sclerosis,Drug,Copaxone®
NCT02517931,Postdural Puncture Headache,Procedure,Placebo|Sphenopalatine Ganglion Block
NCT02525172,Pompe Disease,Drug,Bortezomib|Methotrexate|Rituximab|intravenous immune globulin
NCT02536911,Gaucher Disease,Drug,eliglustat
NCT02552277,Diabetic Nephropathies|Peripheral Nervous System Diseases,Biological|Drug,PDA-002|Placebo
NCT02554734,Parkinson's Disease,Drug,"levodopa, carbidopa, ODM-104|levodopa, carbidopa, entacapone"
NCT02563288,Intracranial Aneurysm|Intracranial Neoplasms,Drug,Dexmedetomidine|Esmolol
NCT02573402,Neurogenic Bladder|Spinal Cord Injury,Device,Control|Transcutaneous Tibial Nerve Stimulation
NCT02582138,Sarcopenia,Other,Healthy Aging Lifestyle Education (HALE)|Multicomponent intervention (MCI)
NCT02591498,Schizophrenia,Behavioral,Computerized cognitive training
NCT02603874,Spinal Cord Neoplasms|Spinal Fractures,Device,Target Tape
NCT02609945,Migraine,Drug,"CVT-427 (zolmitriptan inhalation powder),|zolmitriptan"
NCT02618941,Parkinson's Disease,Biological,AFFITOPE® PD01A
NCT02642744,Stroke|Transient Ischemic Attack,Other,Nursing care model
NCT02645942,Obstructive Sleep Apnea,Dietary Supplement,L-carnitine|Placebo
NCT02661919,Epilepsy|Seizures,Device,Emfit mattress sensor
NCT02662972,Headache Disorders|Trigeminal Neuralgia,Drug,Botulinum Toxin Type A
NCT02704195,Parkinson Disease,Procedure,Chronic Subthalamic nucleus stimulation|Unilateral reduction of stimulation
NCT02705547,Friedreich Ataxia,Drug,Rosuvastatin
NCT02713282,Schizophrenia,Drug,Paliperidone palmitate 3 month formulation (PP3M)
NCT02719483,Cerebral Palsy|Muscle Spasticity,Device|Procedure,Swiss DolorClast|Traditional conservative therapy
NCT02730065,Cerebrovascular Disease,Behavioral,Stretching plus education|Structured Aerobic Dance Training Group
NCT02753725,Emergence Delirium,Drug,Fentanyl|Normal saline
NCT02761096,Brain Tumor|Hemifacial Spasm|Unruptured Cerebral Aneurysm,Device|Other,acupuncture|conventional treatment
NCT02761330,Cognitive Disorders|Delirium|Depression|Seizures,Drug|Procedure,Electroconvulsive Therapy|Ketamine
NCT02791321,Autism Spectrum Disorder|Mental Retardation,Other,ADS severity|Adaptative and intellectual functioning|Psychiatric and somatic comorbidities
NCT02800083,"Alcohol Abuse, Nervous System",Drug,Pitolisant (BF2.649)|Placebo
NCT02805634,Multiple Sclerosis,Device|Other,Nine Hole Test|Triple Stimulation Technique
NCT02808156,Cerebral Palsy,Other,bilateral upper limbs intensive training|unilateral upper limbs intensive training
NCT02810392,Stroke,Drug,Intranasal Insulin|Intranasal saline
NCT02850159,Parkinson Disease,Device,rTMS|rTMS and tDCS
NCT02886663,Hemianopsia,Other,stimulation of the blind visual field
NCT02899637,Spinal Cord Injury,Device,Active high-frequency Transcranial Magnetic Stimulation|Sham high-frequency Transcranial Magnetic Stimulation
NCT02899858,Paralysis|Spinal Cord Injury,Other|Procedure,Follow up clinical exam|Follow up gait assessment|IntraSpinal Micro-Stimulation|MRI Scan|Movement Assessment|Post Op MRI Scan
NCT02926976,Schizophrenia,Device|Drug,Aripiprazole with Clozapine|Magnetic seizure therapy(MST) with Clozapine|Risperidone with Clozapine|clozapine|modified electroconvulsive therapy(MECT) with Clozapine|sodium valproate with Clozapine
NCT02956148,Huntington's Disease,Radiation,Radioligand [18F]MNI-659
NCT02957708,Cerebral Palsy,Other,Control|mCIMT + SR
NCT02972281,"Antibody Deficiency|Chronic Sinus Infection|Complement Deficiency|Haemophilus Influenza|Meningitis, Bacterial|Neisseria Infections|Otitis Media|Pneumococcal Infections|Pneumonia, Bacterial|Streptococcal Infection",Biological,Immunological diagnosis tests
NCT02987621,Multiple Sclerosis,Device,tDCS
NCT02991235,Alzheimer Disease,Dietary Supplement,PRJ212|Placebo
NCT02998021,Spinal Cord Injuries,Device,Standard Dumbbell|Vibrating Dumbbell
NCT03010540,Anesthesia Emergence Delirium,Drug,Fentanyl|MORPHINE PLUS FENTANYL
NCT03012971,Analgesia|Dexmedetomidine|Elderly|Long-term Outcome|Surgery,Drug,Dexmedetomidine supplemented morphine analgesia|Morphine analgesia
NCT03016949,Poliomyelitis,Biological,IPV|f-IPV
NCT03024125,Sarcopenia,Other,High protein|Normal protein|Training
NCT03026231,Parkinson's Disease,Biological|Drug,PRIM-DJ2727|Placebo (for PRIM-DJ2727)
NCT03049033,Parkinson Disease,Other,Music Supported Therapy|Neurologic Music Therapy|Occupational Therapy
NCT03064048,"Argininosuccinate Lyase Deficiency|Argininosuccinic Aciduria|Urea Cycle Disorder|Urea Cycle Disorders, Inborn",Dietary Supplement,Neo-ASA|Placebo
NCT03071224,Alzheimer Disease|Healthy Volunteers,Drug,[18F] MNI-946|[18F]Florbetapir
NCT03076632,Amyotrophic Lateral Sclerosis|Spinal Cord Injuries,Device,Cervical plus transcranial stimulation|Cervical stimulation plus hand/wrist exercise|Electromyographic (EMG)-triggered (closed-loop) stimulation
NCT03092570,Stroke,Device,No stimulation|With stimulation
NCT03097146,Stroke,Other,comprehensive multidisciplinary stroke care
NCT03107871,CMV|Cmv Congenital|Congenital Cmv|SNHL|Sensorineural Hearing Loss,Drug,Simple Syrup|Valganciclovir
NCT03119246,Huntington Disease,Other,CAPIT-HD beta
NCT03119311,Exotropia|Strabismus,Diagnostic Test,APCT|Video-oculography
NCT03120013,"Ataxia With Oculomotor Apraxia|Ataxia, Cerebellar|Ataxia, Spinocerebellar|Cerebellar Ataxia|Friedreich Ataxia|Multiple System Atrophy|Spinocerebellar Ataxia 3|Spinocerebellar Ataxia Type 1|Spinocerebellar Ataxia Type 2|Spinocerebellar Ataxias|Spinocerebellar Degenerations",Device,Anodal cerebellar and cathodal spinal tDCS|Sham cerebellar and sham spinal tDCS
NCT03130608,Liver Disease Chronic|Muscle Weakness|Respiratory Insufficiency,Other,Inspiratory Muscle Training
NCT03167697,"Hyperphenylalaninaemia, Type I|Phenylketonurias",Dietary Supplement|Other,Routine|Synergy
NCT03177915,"Carpal Tunnel Syndrome|Pain, Chronic",Drug,Hylase|Saline
NCT03177967,Sleep Initiation and Maintenance Disorders,Behavioral|Other,Discussions about adverse cognitions about sleep|Psychoeducative advice about how to improve sleep|Sleep Restriction Therapy/Stimulus Control
NCT03184467,Alzheimer Disease,Drug,GV1001 0.56 mg|GV1001 1.12 mg|Normal Saline 0.9%
NCT03195608,Driving Impaired|Parkinson Disease,Behavioral|Device,Active Control|Lane change assistance system
NCT03229798,Migraine Disorders,Combination Product|Drug,Sumatriptan Succinate Oral Tablet|Transdermal delivery of sumatriptan succinate
NCT03240042,Dysphagia|Dysphonia|Pressure Injury,Procedure,nasotracheal intubation|orotracheal intubation
NCT03242148,Obstructive Sleep Apnea,Device,Toffee Nasal Pillows Mask
NCT03243214,Mild Cognitive Impairment|Parkinson's Disease,Device,Sham-TMS|TMS
NCT03249779,Restless Legs Syndrome|Willis-Ekbom Disease,Device,Scrambler
NCT03270592,Diabetes|Epilepsy|Impairment,Other,Service dog
NCT03271736,Parkinson Disease,Behavioral|Device,Stepping-in-place exercise with external auditory cues|Transcranial magnetic stimulation (TMS)
NCT03272906,Aphasia|Stroke,Behavioral|Device,Anodal transcranial direct current stimulation|Sham transcranial direct current stimulation|Speech-language therapy
NCT03277859,Post-concussive Headaches|Traumatic Brain Injury,Behavioral,SAA-TBI
NCT03282370,Japanese Encephalitis,Biological,JECEVAX|JEVAX
NCT03298672,Alzheimer Disease,Drug,NDX-1017|Placebo
NCT03311711,Dementia,Behavioral,SPIRIT-in person|SPIRIT-remote|Usual care
NCT03314116,"Hearing Loss, Noise-Induced",Other,Guidance on auditory protection
NCT03317067,Agitation|Delirium,Drug|Other,Dexmedetomidine|Placebo
NCT03320954,Brain Injuries,Behavioral,Anomia treatment
NCT03342053,Huntington's Disease,Drug,RO7234292 (RG6042)
NCT03351452,Alzheimer Disease|Healthy|Mild Cognitive Impairment,Device,real anodal transcranial direct current stimulation|real transcranial alternating current stimulation|sham transcranial electric current stimulation
NCT03359772,Neuropathic Pain,Other,Kinesthetic Ability Trainer
NCT03374787,Conductive Hearing Loss|Mixed Hearing Loss,Device,Fusion Sound Processor
NCT03385993,Delirium,Device,Technology based guided meditation and relaxation
NCT03421496,Infantile Spasm,Drug,Cannabidiol Oral Solution|Placebo|Vigabatrin
NCT03446768,Chronic Obstructive Pulmonary Disease|Obstructive Sleep Apnea,Other,Online platform|Peer support|Respiratory Therapist support
NCT03451955,Clinically Isolated Syndrome|Multiple Sclerosis|Optic Neuritis,Other,Gluten-free diet
NCT03454646,Alzheimer Disease|Cholinesterase Inhibitors,Drug,"cholinesterase inhibitors (CI) (donepezil, galantamine or rivastigmine)"
NCT03482310,Quadriplegia|Spinal Cord Injuries|Tetraplegia,Device,Using the Neuroport cortical recording array to determine the desired grasp pattern for a functional electrical stimulation (FES) system
NCT03484936,Intracranial Hemorrhages,Procedure,Remote ischemic conditioning|Sham remote ischemic conditioning
NCT03497468,"Multiple Sclerosis, Relapsing-Remitting",Other,Combined exercise training|Task-oriented training
NCT03501342,Multiple Sclerosis,Other,Dynamic Balance Training|Virtual reality group
NCT03529708,Cauda Equina Syndrome|Spinal Cord Compression|Stereotactic Body Radiotherapy,Radiation,"3D CRT plus SBRT boost"
NCT03530982,Cerebral Palsy,Other,Intensive goal training
NCT03532373,Carpal Tunnel|Carpal Tunnel Syndrome|Carpal Tunnel Syndrome Bilateral|Carpal Tunnel Syndrome Left|Carpal Tunnel Syndrome Right,Other,Preference Elicitation tool
NCT03538522,"Alzheimer Dementia|Alzheimer Disease|Cognitive Disorder|Cognitive Impairment|Dementia With Lewy Bodies|Dementia, Vascular|Mild Cognitive Impairment|Neurocognitive Disorders|Neurodegenerative Diseases|Tauopathies",Drug,N-831(Traneurocin) 10 mg QD|NA-831 (Traneurocin) 20 mg QD|NA-831 (Traneurocin) 40 mg QD|Placebo oral capsule QD
NCT03540602,Muscle Soreness,Dietary Supplement|Other,Placebo Oral Capsule [CEBOCAP]|Tart Cherry
NCT03542474,Mild Cognitive Impairment|Parkinson Disease,Behavioral,High Intensity Endurance Exercise
NCT03546517,Spasticity|Stroke,Other,Dry Needling|Sham Dry Needling
NCT03549819,Agoraphobia|Generalized Anxiety Disorder|Panic Disorder|Social Anxiety Disorder,Drug,Cannabidiol (CBD) Oil Capsules|Sunflower Lecithin Oil in Capsule
NCT03555084,"Hearing Loss, Sensorineural",Device,Extension of Virto B-Titanium|Virto B-Titanium
NCT03562351,Status Epilepticus,Other,Mannequin Educational Intervention|Verbal Instructions Educational Intervention|Video Educational Intervention
NCT03576365,Dysphonia|Functional Dysphonia|Voice Disorders,Behavioral,Information-Only Arm|VOICE Intervention Arm
NCT03587649,Alzheimer Disease|Healthy Volunteers|Parkinson Disease,Drug,[18F]MNI-1126
NCT03592420,Aging|Fall|Parkinson Disease|Stroke,Behavioral,Interdisciplinary multicomponent interventions|Usual care
NCT03598322,Carpal Tunnel Syndrome,Procedure,Dextrose 1mL injection|Dextrose 2mL injection|Dextrose 4mL injection
NCT03614195,Stroke,Device,CDTT|MCDTT|MDTT
NCT03617497,Alzheimer Dementia|Alzheimer Disease|Epilepsy|Sleep Wake Disorders,Diagnostic Test,scalp EEG and polysomnography|scalp EEG with foramen ovale electrodes with polysomnography
NCT03621046,Parkinson Disease,Drug|Other,Placebo|Zolpidem
NCT03621878,Radiculopathy,Other,Neural mobilization exercises -Slider technique|Neural mobilization exercises -Tensioner technique|Transcutaneous Electrical Nerve Stimulation (TENS)
NCT03622515,Acute Stroke|Postoperative Cognitive Dysfunction|Postoperative Delirium|Transient Ischemic Attack,Combination Product,Anesthesia level and cerebral perfusion pressure
NCT03626727,Hypersomnia|Narcolepsy|Traumatic Brain Injury,Drug,Sodium Oxybate Oral Solution [Xyrem]
NCT03633565,Myopathy,Drug|Procedure,Mesenchymal stem cell transplantation|Prednisolone (Steroids)|Sildenafil (Phosphodiesterase inhibitors)
NCT03656796,Parkinson's Disease,Other,Treadmill training with auditory cues|Treadmill training without auditory cues
NCT03661411,Stroke,Drug,Alteplase|Aspirin|Clopidogrel 75mg
NCT03694028,Hemiparesis|Stroke,Other,Conventional Training|Limb Loading
NCT03698149,ALS|Multiple Sclerosis|Muscular Dystrophies|SCI - Spinal Cord Injury|Stroke,Device,PMT/Blackrock Combination Device
NCT03700580,"Diabetic Foot|Foot Ulcer|Neuropathy, Diabetic",Drug,Hydrogel treatment|P1G10
NCT03713658,Schizophrenia,Drug,Paliperidone Palmitate 100 mg eq.|Paliperidone Palmitate 150 mg eq.|Paliperidone Palmitate 175 mg eq.|Paliperidone Palmitate 263 mg eq.|Paliperidone Palmitate 350 mg eq.|Paliperidone Palmitate 50 mg eq.|Paliperidone Palmitate 525 mg eq.|Paliperidone Palmitate 75 mg eq.|Risperidone 3 mg
NCT03716648,Obstructive Sleep Apnea,Device|Diagnostic Test,DISE-assisted titration|PSG-guided titration|subjective titration
NCT03721887,Multiple System Atrophy|Parkinson's Disease,Device,Transcranial direct current stimulation
NCT03737214,Fabry Disease,Drug,Lucerastat
NCT03766113,Stroke,Other,Electroencephalogram-neurofeedback program or Neurofeedback-free mental imaging program with electroencephalogram recording|Neurofeedback coupling electroencephalogram and functional MRI in time actual|Neurofeedback coupling electroencephalogram and functional MRI in time actual or a neurofeedback-free mental imaging program with electroencephalogram recording
NCT03767894,Stroke,Device,EMG Band|Shoulder harness
NCT03774407,Multiple Sclerosis|Neurogenic Bladder,Drug,vaginal estriol
NCT03828383,Alzheimer's Disease|Dementia|Frontotemporal Dementia,Device,In-home technology|Limited in-home technology
NCT03833518,Spinal Cord Injuries|Stroke,Other,Functional MRI for stroke and spinal cord injury|Rehabilitation using motorized glove for stroke and spinal cord injury|Transcranial magnetic stimulation (TMS) for stroke and spinal cord injury
NCT03835702,Sleep Apnea,Other,SAM Clinic Intervention
NCT03848624,Stroke,Device,Cycling Group
NCT03865953,Diabetic Peripheral Neuropathy (DPN)|Neuropathic Pain|Post Herpetic Neuralgia (PHN),Drug,LAT8881|Placebo
NCT03878810,Multiple Sclerosis,Behavioral,Exergaming
NCT03893214,Acrophobia,Behavioral,movie|virtual reality exposure for acrophobia
NCT03922425,Bipolar Disorder|Schizophrenia|Severe Depression,Other,Community mental health team
NCT03928496,Post-Traumatic Headache,Drug,AbobotulinumtoxinA|Normal saline
NCT03929549,Maxillomandibular Advancement Surgery|Obstructive Sleep Apnea,Device,RCMP titration
NCT03937700,Cerebral Palsy,Device,CPWalker Robotic Exoskeleton
NCT03951844,Muscular Dystrophies,Device,BRIDGE/EMPATIA exoskeleton
NCT03959449,Analgesia|Exercise,Behavioral,Action Observation plus motor imagery|Exercise plus action Observation and motor imagery|Motor imagery
NCT03985761,Stroke,Behavioral,Home Telerehabilitation using HoVRS
NCT04005131,Stroke,Device,Robot and tDCS on-line|Robot and tDCS on-line after sham tDCS
NCT04008355,Progressive Supranuclear Palsy,Drug,AZP2006 oral solution|Placebo oral solution
NCT04032626,"Amyloid Plaque|Cognitive Dysfunction|Cognitive Impairment, Mild|Inflammation, Brain|Neurodegeneration",Drug,Lenalidomide 10 mg|Placebo
NCT04039048,Balance|Cerebellar Ataxia|Cerebellum; Injury,Device|Other,Balance training|Sham cerebellar transcranial direct current stimulation|cerebellar transcranial direct current stimulation
NCT04043715,"Central Nervous System Diseases|Nervous System Diseases|Spinal Cord Diseases|Spinal Cord Injuries|Trauma, Nervous System|Wounds and Injuries",Device,Epidural spinal stimulation|Transcutaneous spinal stimulation
NCT04045665,Atrial Fibrillation|Bleeding|Stroke,Drug,Antiplatelet-only strategy|Oral Anticoagulant plus background antiplatelet therapy
NCT04048096,Aging|Sarcopenia,Dietary Supplement,Krill Oil|Placebo
NCT04052568,Anorexia Nervosa,Drug,Psilocybin
NCT04055376,Alzheimer Dementia|Alzheimer Disease,Device,GENUS device (Active Settings)|GENUS device (Sham Settings)
NCT04085887,Brain Tumor,Device|Drug,Explorer Air camera|PDE-NEO-II|Panitumumab-IRDye800|Pinpoint-IR9000 endoscopic/handheld device
NCT04086004,Stroke,Other,Dual task training|Group I Experimental Motor Imagery
NCT04088630,"Cerebral Edema|Intracerebral Hemorrhage|Intracerebral Hemorrhage Intraparenchymal|Intracerebral Hemorrhage, Hypertensive|Stroke Hemorrhagic",Drug|Other,Fingolimod 0.5 mg|Placebo|Standard of care
NCT04091100,Tension-Type Headache,Procedure,Electroacupuncture|Myofascial Release
NCT04102215,Sensorineural Hearing Loss,Device,HEARO|OTOPLAN
NCT04103138,Anesthesia Emergence Delirium|Depth of Anaesthesia|EEG,Device,Sedline EEG monitoring|Sedline EEG sensor placement
NCT04108819,Hypercapnic Respiratory Failure|Ketogenic Dieting|Obesity Hypoventilation Syndrome,Dietary Supplement,Ketogenic Diet
NCT04121858,Alzheimer Disease|Dementia,Other,Attention Control App|Brain Safe App
NCT04141150,Alzheimer's Disease|Healthy Volunteers|Mild Cognitive Impairment Due to Alzheimer's Disease,Drug,[18F]APN-1607
NCT04146285,Neuromyelitis Optica Spectrum Disorders,Drug,BAT4406F
NCT04154579,Anxiety|Asthma|CHF|COPD|Chronic Pain|Depression|Diabetes|Heart Diseases|High Cholesterol|Hypertension|Multiple Sclerosis|Obesity|Stroke,Behavioral,HeRe We Arts|HeRe We Ed
NCT04159805,Myasthenia Gravis,Drug,TAK-079|TAK-079 Placebo
NCT04173364,Diaphragmatic Paralysis,Drug,Ropivacaine 0.1% Injectable Solution|Ropivacaine 0.5% Injectable Solution
NCT04177485,Diphtheria|Haemophilus Influenzae Type b Infection|Hepatitis B|Measles|Pertussis|Polio|Tetanus,Behavioral,SMS text reminders
NCT04185038,"Atypical Teratoid/Rhabdoid Tumor|Central Nervous System Tumor|Choroid Plexus Carcinoma|Diffuse Intrinsic Pontine Glioma|Diffuse Midline Glioma|Ependymoma|Germ Cell Tumor|Glioma|Medulloblastoma, Childhood|Pineoblastoma, Childhood|Primitive Neuroectodermal Tumor",Biological,SCRI-CARB7H3(s); B7H3-specific chimeric antigen receptor (CAR) T cel
NCT04187482,Muscular Dystrophies|Myotonic Dystrophy 1,Other,Exercise training
NCT04195412,Stroke,Device,Sham tDCS + upper limb rehabilitation|tDCS + upper limb rehabilitation
NCT04201132,Carotid Artery Diseases|Carotid Artery Stenosis|Carotid Stenosis,Device,Carotid artery stenting with Neuroguard IEP System
NCT04202770,Anxiety Disorders|Neurodegenerative Diseases|Refractory Depression,Other,Exosomes
NCT04225221,Bulimia Nervosa,Drug,Estradiol|Leuprolide Acetate|Micronized progesterone|Placebo Oral Capsule
NCT04232163,Brain Diseases|Brain Infarction|Brain Ischemia|Cardiovascular Diseases|Central Nervous System Diseases|Cerebral Infarction|Cerebrovascular Disorders|Infarction|Nervous System Diseases|Stroke|Vascular Diseases,Behavioral,Arm Boot Camp
NCT04241679,Acoustic Neuroma|Asymmetric Sensorineural Hearing Loss|Auditory; Nerve|Cochlear Nerve Damage|Cochlear Nerve Deafness|Sensorineural Hearing Loss|Skull Base Neoplasms|Vestibular Schwannoma,Device,Auditory Nerve Test System
NCT04242797,Peripheral Neuropathy,Device,Calmare|TENS
NCT04246216,Carpal Tunnel Syndrome,Procedure,Endoscopic surgery of the carpal tunnel|Percutaneous Electrical Nerve Stimulation
NCT04249869,Alzheimer Disease,Drug,VGH-AD1
NCT04265664,"Brain Diseases|Brain Infarction|Brain Ischemia|Cardiovascular Diseases|Central Nervous System Diseases|Cerebral Infarction|Cerebral Vascular Disorder|Infarction|Stroke|Stroke Hemorrhagic|Stroke, Ischemic",Behavioral,Telerehabilitation
NCT04269577,Parkinson Disease,Behavioral,SSP training
NCT04283812,Dystonia|Essential Tremor|Obsessive-Compulsive Disorder|Parkinson Disease|Tourette Syndrome,Device,DBS Electrode Implantation using D1 Sterotactic System
NCT04291716,"Epilepsy|Epileptic|Epileptic Seizures|Seizure Disorder|Seizures|Seizures, Motor",Device,Motor Seizure Detection Algorithm (mSDA)
NCT04299009,Obstructive Sleep Apnea,Device,Bright light therapy glasses
NCT04299893,"Chemotherapy-induced Peripheral Neuropathy|Pain Syndrome|Pain, Neuropathic",Drug,Oxygen|Ozone
NCT04308577,Anoxic Brain Injury|Brain Injuries|Neuroinfections|Stroke|Subarachnoid Hemorrhage|Traumatic Brain Injury,Other,Ketogenic diet with added MCT
NCT04315649,Amblyopia|Anisometropic Amblyopia|Strabismic Amblyopia,Other,"3D movie viewing"
NCT04344132,Supratentorial Neoplasms,Procedure,Scalp Block
NCT04354298,Parkinson Disease,Behavioral,Improvisational Dance Class
NCT04354571,Analgesia,Procedure,Erector spinae plane block|caudal block
NCT04357951,Tourette Syndrome,Behavioral|Drug,Behavior Therapy|Placebo pill|d-cycloserine
NCT04360044,CBD|Cannabis|Migraine|THC,Drug,CBD ~12%|Sham Cannabis|THC ~5%|THC ~5% and CBD ~12%
NCT04373616,Down Syndrome,Biological,ACI-24|Placebo
NCT04404439,"Tinnitus|Tinnitus, Subjective",Drug|Other,Nortriptyline + topiramate|Placebo|Verapamil + paroxetine
NCT04405427,Sleep Initiation and Maintenance Disorders,Procedure,body acupoints acupuncture|head acupoints acupuncture
NCT04412447,Spinal Cord Injuries,Device,Functional Electrical Stimulation
NCT04424810,"Anxiety|Carpal Tunnel Syndrome|Engagement, Patient|Pain|Trigger Finger",Other,"High-quality, physician created video|Standard of care"
NCT04446416,"Brain Tumor|Glioblastoma|Glioblastoma Multiforme|Glioma|Neoplasms|Neoplasms, Nerve Tissue",Device|Drug,Bevacizumab|NaviFUS System
NCT04465084,Language Disorders|Sclerosis,Other,Case|Withness
NCT04481217,Schizophrenia,Other,Self-questionnaires battery|Socio-demographic screening
NCT04502927,Muscle Spasticity|Stroke,Procedure,Passive extension mobilization of the hand and wrist joints
NCT04507490,Parkinson Disease,Device,Whole body vibration
NCT04543448,Cervical Region Disorder Nos|Multiple Sclerosis|Muscle Spasticity|Pressure Area,Other,Cervical mobilization for multiple sclerosis|Traditional Rehabilitation for multiple sclerosis
NCT04546399,Down Syndrome|Recurrent B Acute Lymphoblastic Leukemia,Biological|Drug|Radiation,"3-Dimensional Conformal Radiation Therapy|Blinatumomab|Cyclophosphamide|Cytarabine|Dexamethasone|Etoposide|Hydrocortisone Sodium Succinate|Leucovorin Calcium|Mercaptopurine|Methotrexate|Nivolumab|Pegaspargase|Thioguanine|Vincristine Sulfate"
NCT04550507,Sleep Initiation and Maintenance Disorders,Behavioral,Mindful sensory awareness + mindful body awareness check-ins intervention|Mindful sensory awareness intervention
NCT04550975,"DEM|Dementia|Dementia Frontal|Dementia Moderate|Dementia Severe|Dementia With Lewy Bodies|Dementia of Alzheimer Type|Dementia, Mixed|Dementia, Vascular",Other,Advanced Cognitive Stimulation Therapy
NCT04569656,Parkinson Disease,Drug,hydrolyzed guar gum
NCT04577573,Hand Weakness|Spinal Cord Injuries,Device,Cognition glove|Sensory brace
NCT04579783,Carpal Tunnel Syndrome,Drug,Dextrose 5% in water|Triamcinolone Acetonide
NCT04603352,Down Syndrome,Other,Hip Helpers home program
NCT04606420,Alzheimer Disease,Behavioral,Lifestyle medicine
NCT04622904,"Analgesics|Analgesics, Non-narcotic|Central Nervous System Depressants|Ketamine|Lidocaine|Magnesium|Neurotransmitter Agents|Pain, Acute|Pain, Chronic|Pain, Neuropathic|Pain, Postoperative",Drug,lidocaine infusion|lidocaine-ketamine infusion|lidocaine-magnesium infusion
NCT04635540,Alzheimer Disease|Caregiver Burnout|Dementia|Frontotemporal Lobar Degeneration|Neuro-Degenerative Disease|Parkinson Disease|Vascular Dementia,Behavioral,Educational Brochure
NCT04644367,Parkinson Disease,Other,Regular Physical Activity (control) group|Tai Chi intervention
NCT04661514,Anorexia Nervosa,Drug,Psilocybin
NCT04678115,"Blepharoptosis|Chronic Progressive External Ophthalmoplegia|Myasthenia Gravis|Ptosis, Eyelid|Stroke|Traumatic Brain Injury",Device,Kinesiotape Frontalis Sling (KTFS)|Magnetic Levator Prosthesis (MLP)
NCT04705246,Hyperacusis,Behavioral,Psychoeducation
NCT04706910,Brain Tumor|Congenital Hyperinsulinism|Lewy Body Disease|Neuroblastoma|Neuroendocrine Tumors|Parkinson Disease,Drug,"18F-DOPA|Furosemide Injection"
NCT04730466,Parkinson Disease,Other,Neuropsychological rehabilitation
NCT04758611,"Hydrocephalus|Hydrocephalus, Communicating",Device,eShunt™ Implant
NCT04763109,Neurofibromatosis Type 1,Other,Whole-body Magnetic Resonance Imaging
NCT04764669,Lewy Body Disease|Parkinson Disease,Drug,E2027
NCT04777500,Fibromyalgia,Device,Auricular transcutaneous electrical nerve stimulation device
NCT04787718,Energy|Muscle Soreness,Other,Almond|Control group
NCT04788992,Dementia,Other,Control group|Intervention group
NCT04798885,Commotio Cerebri|Mild Traumatic Brain Injury,Behavioral,GAIN 2.0
NCT04827121,Analgesia,Procedure,Fascial iliac compartment block|Quadratus lumborum block
NCT04856514,Neurofibromatosis 1|Social Skills,Behavioral,PEERS
NCT04894461,Diabetic Neuropathies|Peripheral Neuropathy,Device,Moxibustion
NCT04899284,Cerebral Palsy,Other,Early Intensive Bimanual Stimulation
NCT04909398,Leber's Hereditary Optic Neuropathy|Retinitis Pigmentosa|Stargardt Disease,Behavioral,Dynamic pupillometry sessions
NCT04934371,"Hearing Disorders|Hyperacusis|Tinnitus, Subjective",Device,Sham TDCS|Transcranial Direct Current Stimulation (tDCS)
NCT04937452,"Aphasia|Aphasia, Primary Progressive|Brain Diseases|Central Nervous System Diseases|Communication Disorders|Dementia|Frontotemporal Dementia|Frontotemporal Lobar Degeneration|Language Disorders|Mental Disorders|Metabolic Disease|Nervous System Diseases|Neurobehavioral Manifestations|Neurocognitive Disorders|Neurodegenerative Diseases|Neurologic Manifestations|Pick Disease of the Brain|Proteostasis Deficiencies|Speech Disorders|TDP-43 Proteinopathies",Drug,Placebo|Rotigotine 4Mg/24Hrs Patch|Rotigotine 6Mg/24Hrs Patch
NCT04941352,Motivational Interviews|Schizophrenia,Behavioral,"6-session Interpersonal Relations Theory-based Motivational Interviews and 3 month follow-up."
NCT04948736,Sarcopenia,Combination Product|Other,Combined exercise and nutrition intervention|Conventional medial care
NCT04948749,Intracranial Atherosclerotic Disease|Stroke,Behavioral|Device|Drug,Aggressive medical treatment|Drug Eluting Stent implantation|Risk factor management|Standard medical treatment
NCT04955249,Dexmedetomidine|Elderly|Hip Fracture Surgery|Patient-controlled Analgesia|Postoperative Delirium,Drug,Dexmedetomidine|Placebo
NCT04956705,Aging|Frailty|Muscle Weakness|Physical Disability,Dietary Supplement,Vitamin D and calcium
NCT04961021,Concomitant Squint|Divergent Strabismus|Strabismus,Procedure,Strabismus surgery
NCT04967274,Healthy|Spinal Cord Injuries,Procedure,Startling acoustic stimulus
NCT04976725,Migraine Disorders,Other,Osteopathic Manipulative Therapy
NCT04983368,Alzheimer's Disease|Mild Cognitive Impairment,Drug,Placebo|Xanamem® 10 mg|Xanamem® 5 mg
NCT05008484,Spinal Cord Injury,Device|Drug|Procedure,NMES|Passive movement|Vitamin D
NCT05018832,Traumatic Brain Injury,Biological,AlloRx
NCT05023772,Neoplasm Metastasis|Spinal Cord Compression|Spinal Cord Diseases|Spinal Cord Tumor|Spine Metastases,Diagnostic Test|Procedure|Radiation,MRI guided laser ablation|Stereotactic Laser Ablation|Stereotactic Radiosurgery
NCT05047705,Tic Disorders|Tics|Tourette Syndrome,Behavioral,Distress Tolerance Skills Training
NCT05051657,Glutaric Acidemia I|Hereditary Tyrosinemia|Homocystinuria|Maple Syrup Urine Disease|PKU|Phenylketonurias,Dietary Supplement,PKU express plus
NCT05061758,Sensorineural Hearing Loss,Drug,LY3056480
NCT05065216,Acute Stroke|Ischemic Stroke|Stroke,Drug,Recombinant human tissue kallikrein
NCT05065268,"Brain Tumor|Children, Only|Hemianopia",Device,Immersive Virtual-Reality Stimulation
NCT05080270,"Multiple Sclerosis|Multiple Sclerosis, Relapsing-Remitting",Biological,Tolerogenic Fibroblasts
NCT05125081,Age-related Hearing Loss|Hearing Disorders and Deafness|Presbycusis,Drug,Liuwei Dihuang Pill (marketed product in China)|Liuwei Dihuang Pill（placebo ）
NCT05132543,Epilepsy,Device,High density micro-electrocorticography for neural speech prothesis
NCT05164211,Obstructive Sleep Apnea Syndrome,Other,Didgeridoo
NCT05193539,Stroke,Behavioral,Augmented reality and virtual reality rehabilitation|Conventional occupational therapy
NCT05199207,Sarcopenia,Behavioral,Physical activity programm
NCT05228990,Fibromyalgia,Device,warm acupunctrue
NCT05231538,"Cerebral Palsy|Diplegia, Spastic|Spastic",Other,Neurodevelopmental therapy|Routine physical therapy
NCT05243394,Parkinson Disease,Other,Gamified virtual reality treadmill gait training|Gamified virtual reality treadmill gait training with tDCS|Treadmill gait training
NCT05245955,Parkinson Disease,Device,Assessments of the hand sensory function with the ReHapticKnob
NCT05253079,Analgesia|Hepatic Resection Surgery,Other,erector spinae plane block|subcostal transversus plane block
NCT05265377,Acquired Brain Injury|Spinal Cord Injury,Device,Stelo
NCT05269017,Parosmia,Drug,Budesonide nasal spray|Vitamin D3
NCT05273320,Aggression|Behavior Problem|Developmental Disability|Intellectual Disability,Drug,Nabilone
NCT05314348,Motor Neuron Disease,Device,High-density surface EMG|Ultrasound
NCT05318586,"Rehabilitation|Spasticity, Muscle|Stroke",Procedure,Traditional rTMS strategy|individual rTMS based on fNIRS
NCT05324852,Emergence Delirium,Drug,Intramuscular loxapine|Intranasal midazolam
NCT05327114,"Polyradiculoneuropathy, Chronic Inflammatory Demyelinating",Drug,Nipocalimab|Placebo
NCT05331027,Difference in Pharmakokinetics of Volatile Anesthetics|Postoperative Delirium|Postoperative Recovery,Drug,Desflurane|Sevoflurane
NCT05346471,Intracranial Pressure Increase|Posterior Fossa Hemorrhage|Posterior Fossa Lesion,Device,Multimodal neuromonitoring
NCT05353413,Compressive Optic Neuropathy|Hereditary Optic Neuropathies|Ischemic Optic Neuropathy|Optic Neuritis|Toxic Optic Neuropathy|Traumatic Optic Neuropathy,Device|Diagnostic Test,Neuroimaging|Ophthalmology examination.|VEP - visual evoked potential
NCT05357469,Peripheral Neuropathy,Device,Immediate St (Scrambler Therapy)|Waitlist ST (Scrambler Therapy)
NCT05389657,Anorexia Nervosa|Atypical Anorexia Nervosa,Behavioral,Live training|Web-based training
NCT05398575,Stroke,Behavioral,Music
NCT05401994,Mandibular Fractures,Procedure,conventional Erich's Arch Bar|screw retained arch bar
NCT05423171,Cerebral Palsy,Other,Intensive bimanual therapy
NCT05451459,Developmental Disability|Intellectual Disability,Behavioral|Other,"12-week FMS Intervention|Physical Activities & Activity Booklets (via FitFamilies app)"
NCT05458011,Migraine,Drug,Fremanezumab|Placebo
NCT05460351,Old Age; Atrophy|Sarcopenia,Dietary Supplement,BRJ+Nitrate|Control
NCT05508789,Alzheimer Disease|Brain Diseases|Central Nervous System Diseases|Dementia|Mental Disorders|Nervous System Diseases|Neurocognitive Disorders|Neurodegenerative Diseases|Tauopathies,Drug,Donanemab|Placebo
NCT05511467,Sensorimotor Impairment|Stroke,Behavioral,Visuomotor learning task
NCT05527314,"Anesthesia, General|Emergence Agitation|Pediatric Ophthalmic Surgery|Remimazolam|Sevoflurane",Drug,Cisatracurium Besylate|Fentanyl|Remifentanil|Remimazolam|Sevoflurane
NCT05531500,Pudendal Neuralgia,Device|Drug,Injection|Radiofrequency
NCT05534880,Cybersickness|Reduced Sensation,Other,Binaural beats
NCT05541276,Emergence Delirium,Drug,Isotonic sodium chloride solution|Melatonin
NCT05543694,Analgesia|Labor Pain,Drug,Bupivacaine Hydrochloride
NCT05544994,Neuromuscular Diseases|Spinal Muscular Atrophy Type 3,Other,Aerobic Exercise Training|Home exercise program
NCT05557968,Stroke,Other,Action Observation Therapy (AO)|Conventional Therapy
NCT05562453,"Multiple Sclerosis|Pain, Chronic|Spasticity, Muscle",Device,FlowOx 2.0|FlowOx2.0 (Sham)
NCT05563909,Carpal Tunnel Syndrome,Other,Exercise|Virtual Reality Mediated Exercise|Wrist Splint
NCT05564169,Alzheimer Disease,Drug,Masitinib (4.5)|Placebo|Standard of care
NCT05589805,Carpal Tunnel Syndrome,Device|Other,Control group|Extracorporeal shock wave therapy|Laser therapy
NCT05599503,"Aging Well|Cognitive Change|Cognitive Impairment|Dementia|Engagement, Patient|Mild Cognitive Impairment|Mood|Quality of Life",Behavioral,Behavioral Interventions|Robot Interventions
NCT05618054,Postural Tachycardia Syndrome,Behavioral,Looming task
NCT05619133,Circadian Rhythm Disorders|Sleep Deprivation,Device,PBM
NCT05622396,Parkinson Disease,Procedure,Mindfulness Based Stress Reduction
NCT05624866,Carpal Tunnel Syndrome,Drug,Dexmedetomidine|Triamcinolone
NCT05660070,"Mood Disorder, Psychotic|Schizoaffective Disorder|Schizophrenia",Behavioral,mobile Social Interaction Therapy by Exposure (mSITE)
NCT05665998,Cervical Spinal Cord Injury|Tetraplegia,Device,ARC-BSI Cervical system
NCT05669885,Post-Traumatic Headache,Drug,Placebo|Sildenafil
NCT05696665,Neurodegenerative Diseases|Parkinson Disease,Drug|Other,Crocin and Apigenin|Saffron and Chamomile|conventional therapy
NCT05706831,Disorder of Consciousness|Stroke,Other,Combinatory effect of music stimulation and neurostimulation
NCT05714449,Amblyopia,Device,After-image and MIT trainer|eye patch
NCT05716074,Amyotrophic Lateral Sclerosis,Other,Home exercise|Supervised exercise
NCT05730049,Inflammation|Spinal Cord Injuries,Device,Transcutaneous auricular vagus nerve stimulation
NCT05746104,Nervous System Tumor,Drug,Administration of Indocyanine Green (ICG) and Visualization of Tumor
NCT05747924,"Atrophies, Facioscapulohumeral|Atrophy, Facioscapulohumeral|Dystrophies, Facioscapulohumeral Muscular|Dystrophies, Landouzy-Dejerine|Dystrophy, Facioscapulohumeral Muscular|Dystrophy, Landouzy-Dejerine|FMD|FMD2|FSH|FSH Muscular Dystrophy|FSHD|FSHD1|FSHD2|Facio-Scapulo-Humeral Dystrophy|Facioscapulohumeral Atrophy|Facioscapulohumeral Muscular Dystrophy 1|Facioscapulohumeral Muscular Dystrophy 2|Fascioscapulohumeral Muscular Dystrophy|Fascioscapulohumeral Muscular Dystrophy Type 1|Fascioscapulohumeral Muscular Dystrophy Type 2|Landouzy Dejerine Dystrophy|Landouzy-Dejerine Muscular Dystrophy|Landouzy-Dejerine Syndrome|Muscular Dystrophies|Muscular Dystrophy, Facioscapulohumeral|Muscular Dystrophy, Landouzy Dejerine|Progressive Muscular Dystrophy",Drug,AOC 1020|Placebo
NCT05747937,Amyotrophic Lateral Sclerosis,Diagnostic Test,"Administration of clinical scales evaluating autonomic symptoms, pain small fiber neuropathy symptoms|Cardiovascular Reflexes testing|Dinamic Sweat Test|Skin biopsy"
NCT05749393,Intracranial Aneurysm,Drug,Heparin sodium
NCT05799690,Parkinson Disease,Behavioral,Gait and balance training with dual-task (six weeks)|Gait and balance training with dual-task (twelve weeks: 6 +6)|Gait and balance training with dual-task + action observation and motor imagery (six weeks)|Gait and balance training with dual-task + action observation and motor imagery (twelve weeks: 6 + 6)
NCT05818189,"Basal Ganglia Diseases|Brain Diseases|Gait Disorders, Neurologic|Movement Disorders|Parkinson Disease|Parkinsonian Disorders",Device,Fixed tactile cueing|Personalized tactile cueing
NCT05830903,Cognitive Impairment|Schizophrenia,Behavioral,VR-assisted occupational training
NCT05833009,Central Obesity|Schizophrenia,Device,Acupuncture
NCT05850585,Schizophrenia,Drug|Other,Fecal microbiota transplantation(FMT)|Placebo
NCT05851781,Migraine Disorders,Drug,Lacosamide 100 mg
